Status,Group,Channel Name,URL,Reason,LatencyMs
Dead,"BR – NOVOS","16:00 | ARSENAL X COVENTRY","http://up.kiwi/351921603109/34939156/1293825","HTTP 404",1919
Dead,"BR – NOVOS","19:00 | LIVERPOOL MONTEVIDEO X CERRO","http://up.kiwi/351921603109/34939156/1293826","HTTP 503",1579
Dead,"BR – NOVOS","23:00 | SAN DIEGO FAVE (F) X UTAH ROYALS (F)","http://up.kiwi/351921603109/34939156/1293827","HTTP 503",2121
Dead,"BR – NOVOS","[11:00] GUARANI X CAXIAS FHD","http://tjtor8411.com:80/Osiel123/Felicidade321/317686.ts","No data (insufficient stream data: 235 bytes)",525
Dead,"BR – NOVOS","[16:00] AMAZONAS X ANÁPOLIS FHD","http://tjtor8411.com:80/Osiel123/Felicidade321/317687.ts","No data (insufficient stream data: 235 bytes)",959
Dead,"BR – NOVOS","[16:00] CATAR X SUÍÇA FHD","http://tjtor8411.com:80/Osiel123/Felicidade321/317688.ts","No data (insufficient stream data: 235 bytes)",1471
Dead,"BR – NOVOS","[16:00] CATAR X SUÍÇA FHD [2]","http://tjtor8411.com:80/Osiel123/Felicidade321/383030.ts","No data (insufficient stream data: 235 bytes)",777
Dead,"BR – NOVOS","[19:00] BRASIL X MARROCOS FHD","http://tjtor8411.com:80/Osiel123/Felicidade321/317689.ts","No data (insufficient stream data: 235 bytes)",987
Dead,"BR – NOVOS","[19:00] BRASIL X MARROCOS FHD [2]","http://tjtor8411.com:80/Osiel123/Felicidade321/383033.ts","No data (insufficient stream data: 235 bytes)",425
Dead,"BR – NOVOS","[22:00] HAITI X ESCÓCIA FHD","http://tjtor8411.com:80/Osiel123/Felicidade321/317690.ts","No data (insufficient stream data: 235 bytes)",982
Dead,"BR – NOVOS","[22:00] HAITI X ESCÓCIA FHD [2]","http://tjtor8411.com:80/Osiel123/Felicidade321/383034.ts","No data (insufficient stream data: 235 bytes)",774
Dead,"BR – NOVOS","JOGOS DO DIA","http://up.kiwi/351921603109/34939156/297023","HTTP 404",9051
Dead,"BR – NOVOS","RBI HD","http://up.kiwi/351921603109/34939156/965","HTTP 503",1894
Dead,"BR – NOVOS","RBI SD","http://up.kiwi/351921603109/34939156/966","HTTP 404",1799
Alive,"BR – NOVOS","RTP 1","https://streaming-live.rtp.pt/liverepeater/smil:rtp1HD.smil/playlist.m3u8","",782
Alive,"BR – NOVOS","RTP NOTÍCIAS","https://streaming-live.rtp.pt/livetvhlsDVR/rtpnHDdvr.smil/playlist.m3u8","",1499
Dead,"BR – NOVOS","STAR COMEDY","http://znty.dyndns.org:5010/hls/foxcomedy.m3u8","Timeout",20279
Dead,"BR – NOVOS","STAR MOVIES","http://znty.dyndns.org:5010/hls/foxm.m3u8","Timeout",20279
Dead,"BR – NOVOS","TV TEM BAURU FHD","http://up.kiwi/351921603109/34939156/296756","HTTP 503",2110
Dead,"BR – NOVOS","TV TEM BAURU HD","http://up.kiwi/351921603109/34939156/296757","HTTP 503",2105
Dead,"BR – NOVOS","TV TEM BAURU SD","http://up.kiwi/351921603109/34939156/296758","HTTP 503",1887
Dead,"BR – NOVOS","TVE INTERNATIONAL HD","http://up.kiwi/351921603109/34939156/296348","HTTP 404",1191
Dead,"BR – NOVOS","TVE INTERNATIONAL SD","http://up.kiwi/351921603109/34939156/296349","HTTP 503",1893
Dead,"BR – NOVOS","X-SPORTS FHD","http://up.kiwi/351921603109/34939156/303211","HTTP 503",1879
Alive,"BR – NOVOS","X-SPORTS HD","http://up.kiwi/351921603109/34939156/303210","",2879
Alive,"BR – 24H",",🔴 OS SIMPSONS 24H","http://15.235.9.200:14984/","",590
Dead,"BR – 24H","1001 NOITES","https://cdn.jmvstream.com/w/LVW-8155/ngrp:LVW8155_41E1ciuCvO_all/playlist.m3u8","HTTP 404",2338
Dead,"BR – 24H","24H 3 BODY PROBLEM","http://up.kiwi/351921603109/34939156/1293545","HTTP 503",2099
Alive,"BR – 24H","24H A CASA CORUJA","http://up.kiwi/351921603109/34939156/1293449","",3620
Alive,"BR – 24H","24H A GRANDE FAMILIA","http://up.kiwi/351921603109/34939156/1293411","",3202
Dead,"BR – 24H","24H A LENDA DE KORRA","http://up.kiwi/351921603109/34939156/1293451","HTTP 503",2085
Alive,"BR – 24H","24H A VIAGEM","http://up.kiwi/351921603109/34939156/1293564","",3369
Alive,"BR – 24H","24H ABBOTT ELEMENTARY","http://up.kiwi/351921603109/34939156/1293412","",3990
Dead,"BR – 24H","24H ALICE IN BORDERLAND","http://up.kiwi/351921603109/34939156/1293402","HTTP 503",2085
Alive,"BR – 24H","24H ALMA GEMEA","http://up.kiwi/351921603109/34939156/1293565","",3762
Alive,"BR – 24H","24H AMERICAN DAD","http://up.kiwi/351921603109/34939156/1293327","",2226
Dead,"BR – 24H","24H AMERICAN GODS","http://up.kiwi/351921603109/34939156/1293546","HTTP 503",1875
Alive,"BR – 24H","24H AMPHIBIA","http://up.kiwi/351921603109/34939156/1293453","",3790
Alive,"BR – 24H","24H ANDOR","http://up.kiwi/351921603109/34939156/1293547","",2577
Dead,"BR – 24H","24H ANIMANIACS","http://up.kiwi/351921603109/34939156/1293454","HTTP 503",2070
Dead,"BR – 24H","24H APENAS UM SHOW","http://up.kiwi/351921603109/34939156/1293455","HTTP 503",2079
Dead,"BR – 24H","24H AQUA TEEN","http://up.kiwi/351921603109/34939156/1293328","HTTP 503",2081
Alive,"BR – 24H","24H ARCANE","http://up.kiwi/351921603109/34939156/1293548","",3711
Alive,"BR – 24H","24H ARCHIVE 81","http://up.kiwi/351921603109/34939156/1293588","",3906
Dead,"BR – 24H","24H ATTACK ON TITAN","http://up.kiwi/351921603109/34939156/1293343","HTTP 503",2072
Alive,"BR – 24H","24H AVENIDA BRASIL","http://up.kiwi/351921603109/34939156/1293566","",3028
Alive,"BR – 24H","24H BABY LOONEY TUNES","http://up.kiwi/351921603109/34939156/1293457","",2109
Alive,"BR – 24H","24H BANSHEE","http://up.kiwi/351921603109/34939156/1293317","",3127
Alive,"BR – 24H","24H BARRY","http://up.kiwi/351921603109/34939156/1293414","",3085
Alive,"BR – 24H","24H BATMAN A SERIE ANIMADA","http://up.kiwi/351921603109/34939156/1293458","",2116
Dead,"BR – 24H","24H BEAVIS AND BUTT-HEAD","http://up.kiwi/351921603109/34939156/1293329","HTTP 503",2064
Alive,"BR – 24H","24H BEEF","http://up.kiwi/351921603109/34939156/1293517","",6518
Alive,"BR – 24H","24H BELISSIMA","http://up.kiwi/351921603109/34939156/1293567","",3473
Alive,"BR – 24H","24H BIG BROTHER BRASIL","http://up.kiwi/351921603109/34939156/1293580","",3771
Dead,"BR – 24H","24H BLACK BIRD","http://up.kiwi/351921603109/34939156/1293519","HTTP 503",1854
Alive,"BR – 24H","24H BLACK CLOVER","http://up.kiwi/351921603109/34939156/1293344","",2054
Alive,"BR – 24H","24H BLACK MIRROR","http://up.kiwi/351921603109/34939156/1293549","",2450
Alive,"BR – 24H","24H BLEACH","http://up.kiwi/351921603109/34939156/1293345","",2621
Alive,"BR – 24H","24H BLUE EYE SAMURAI","http://up.kiwi/351921603109/34939156/1293330","",2480
Alive,"BR – 24H","24H BLUE LOCK","http://up.kiwi/351921603109/34939156/1293346","",2376
Alive,"BR – 24H","24H BOCCHI THE ROCK","http://up.kiwi/351921603109/34939156/1293347","",2787
Alive,"BR – 24H","24H BOJACK HORSEMAN","http://up.kiwi/351921603109/34939156/1293331","",3417
Alive,"BR – 24H","24H BOSCH","http://up.kiwi/351921603109/34939156/1293318","",2094
Dead,"BR – 24H","24H BREAKING BAD","http://up.kiwi/351921603109/34939156/1293520","HTTP 503",1832
Dead,"BR – 24H","24H BROOKLYN NINE-NINE","http://up.kiwi/351921603109/34939156/1293415","HTTP 503",2183
Alive,"BR – 24H","24H BUNGO STRAY DOGS","http://up.kiwi/351921603109/34939156/1293349","",3479
Alive,"BR – 24H","24H CAMINHO DAS INDIAS","http://up.kiwi/351921603109/34939156/1293568","",2496
Alive,"BR – 24H","24H CARMEN SANDIEGO","http://up.kiwi/351921603109/34939156/1293465","",2268
Alive,"BR – 24H","24H CARNIVAL ROW","http://up.kiwi/351921603109/34939156/1293550","",2392
Alive,"BR – 24H","24H CASTLEVANIA","http://up.kiwi/351921603109/34939156/1293332","",2120
Alive,"BR – 24H","24H CHAINSAW MAN","http://up.kiwi/351921603109/34939156/1293351","",3784
Dead,"BR – 24H","24H CHANGEMAN","http://up.kiwi/351921603109/34939156/1293596","HTTP 503",2043
Dead,"BR – 24H","24H CHAPOLIN","http://up.kiwi/351921603109/34939156/1293417","No data (insufficient stream data: 39480 bytes)",4025
Alive,"BR – 24H","24H CHAVES","http://up.kiwi/351921603109/34939156/1293418","",3780
Alive,"BR – 24H","24H CHERNOBYL","http://up.kiwi/351921603109/34939156/1293521","",3351
Alive,"BR – 24H","24H CHOCOLATE COM PIMENTA","http://up.kiwi/351921603109/34939156/1293569","",2078
Alive,"BR – 24H","24H COMMUNITY","http://up.kiwi/351921603109/34939156/1293419","",3075
Alive,"BR – 24H","24H COWBOY BEBOP","http://up.kiwi/351921603109/34939156/1293352","",3638
Alive,"BR – 24H","24H CUPHEAD","http://up.kiwi/351921603109/34939156/1293469","",2411
Dead,"BR – 24H","24H CYBERPUNK EDGERUNNERS","http://up.kiwi/351921603109/34939156/1293333","HTTP 503",2236
Alive,"BR – 24H","24H DANNY PHANTOM","http://up.kiwi/351921603109/34939156/1293470","",4081
Alive,"BR – 24H","24H DARK","http://up.kiwi/351921603109/34939156/1293522","",2909
Alive,"BR – 24H","24H DARKWING DUCK","http://up.kiwi/351921603109/34939156/1293471","",2451
Alive,"BR – 24H","24H DEMON SLAYER","http://up.kiwi/351921603109/34939156/1293354","",2496
Alive,"BR – 24H","24H DOPESICK","http://up.kiwi/351921603109/34939156/1293523","",3774
Alive,"BR – 24H","24H DR STONE","http://up.kiwi/351921603109/34939156/1293356","",3190
Alive,"BR – 24H","24H DU DUDU E EDU","http://up.kiwi/351921603109/34939156/1293472","",2151
Alive,"BR – 24H","24H DUCKTALES","http://up.kiwi/351921603109/34939156/1293473","",2327
Alive,"BR – 24H","24H EI ARNOLD","http://up.kiwi/351921603109/34939156/1293474","",2384
Alive,"BR – 24H","24H EU A PATROA E AS CRIANCAS","http://up.kiwi/351921603109/34939156/1293420","",2042
Alive,"BR – 24H","24H EVANGELION","http://up.kiwi/351921603109/34939156/1293360","",2159
Alive,"BR – 24H","24H EVIL","http://up.kiwi/351921603109/34939156/1293589","",3532
Dead,"BR – 24H","24H EXTRAORDINARY ATTORNEY WOO","http://up.kiwi/351921603109/34939156/1293403","HTTP 503",2025
Alive,"BR – 24H","24H FAMILY GUY","http://up.kiwi/351921603109/34939156/1293334","",3215
Alive,"BR – 24H","24H FARGO","http://up.kiwi/351921603109/34939156/1293524","",2824
Alive,"BR – 24H","24H FIRE FORCE","http://up.kiwi/351921603109/34939156/1293361","",3300
Dead,"BR – 24H","24H FLAPJACK","http://up.kiwi/351921603109/34939156/1293475","HTTP 503",2021
Dead,"BR – 24H","24H FLASHMAN","http://up.kiwi/351921603109/34939156/1293597","HTTP 503",2021
Dead,"BR – 24H","24H FOR ALL MANKIND","http://up.kiwi/351921603109/34939156/1293551","HTTP 503",1984
Dead,"BR – 24H","24H FOUNDATION","http://up.kiwi/351921603109/34939156/1293552","HTTP 503",1972
Dead,"BR – 24H","24H FRASIER","http://up.kiwi/351921603109/34939156/1293421","HTTP 503",1961
Alive,"BR – 24H","24H FREAKAZOID","http://up.kiwi/351921603109/34939156/1293476","",1941
Alive,"BR – 24H","24H FRIENDS","http://up.kiwi/351921603109/34939156/1293422","",2168
Alive,"BR – 24H","24H FRIEREN","http://up.kiwi/351921603109/34939156/1293362","",2169
Dead,"BR – 24H","24H FUTURAMA","http://up.kiwi/351921603109/34939156/1293335","HTTP 503",2115
Alive,"BR – 24H","24H GAME OF THRONES","http://up.kiwi/351921603109/34939156/1293525","",3276
Alive,"BR – 24H","24H GANGS OF LONDON","http://up.kiwi/351921603109/34939156/1293319","",3677
Alive,"BR – 24H","24H GHOSTS","http://up.kiwi/351921603109/34939156/1293423","",3436
Alive,"BR – 24H","24H GINTAMA","http://up.kiwi/351921603109/34939156/1293364","",3394
Alive,"BR – 24H","24H GRAVITY FALLS","http://up.kiwi/351921603109/34939156/1293478","",2387
Alive,"BR – 24H","24H GYEONGSEONG CREATURE","http://up.kiwi/351921603109/34939156/1293404","",2079
Alive,"BR – 24H","24H HACKS","http://up.kiwi/351921603109/34939156/1293424","",2285
Alive,"BR – 24H","24H HAIKYUU","http://up.kiwi/351921603109/34939156/1293365","",2343
Alive,"BR – 24H","24H HAJIME NO IPPO","http://up.kiwi/351921603109/34939156/1293366","",2154
Alive,"BR – 24H","24H HANNIBAL","http://up.kiwi/351921603109/34939156/1293590","",2810
Alive,"BR – 24H","24H HEAVENLY DELUSION","http://up.kiwi/351921603109/34939156/1293367","",2132
Alive,"BR – 24H","24H HORIMIYA","http://up.kiwi/351921603109/34939156/1293368","",3525
Alive,"BR – 24H","24H HOUSE OF THE DRAGON","http://up.kiwi/351921603109/34939156/1293526","",3819
Alive,"BR – 24H","24H INTERVIEW WITH THE VAMPIRE","http://up.kiwi/351921603109/34939156/1293591","",3275
Alive,"BR – 24H","24H INVASOR ZIM","http://up.kiwi/351921603109/34939156/1293481","",2241
Alive,"BR – 24H","24H INVINCIBLE","http://up.kiwi/351921603109/34939156/1293336","",2339
Dead,"BR – 24H","24H IRMAOS A OBRA","http://up.kiwi/351921603109/34939156/1293581","HTTP 503",2093
Alive,"BR – 24H","24H JACK RYAN","http://up.kiwi/351921603109/34939156/1293320","",3055
Alive,"BR – 24H","24H JOVENS TITAS EM ACAO","http://up.kiwi/351921603109/34939156/1293482","",3430
Dead,"BR – 24H","24H JUJUTSU KAISEN","http://up.kiwi/351921603109/34939156/1293372","HTTP 503",1914
Alive,"BR – 24H","24H KAIJU NO 8","http://up.kiwi/351921603109/34939156/1293373","",2501
Alive,"BR – 24H","24H KINGDOM","http://up.kiwi/351921603109/34939156/1293405","",2060
Alive,"BR – 24H","24H KIPO","http://up.kiwi/351921603109/34939156/1293484","",2728
Alive,"BR – 24H","24H KND A TURMA DO BAIRRO","http://up.kiwi/351921603109/34939156/1293485","",2709
Alive,"BR – 24H","24H KONOSUBA","http://up.kiwi/351921603109/34939156/1293374","",2130
Dead,"BR – 24H","24H LABORATORIO DE DEXTER","http://up.kiwi/351921603109/34939156/1293486","HTTP 503",2505
Alive,"BR – 24H","24H LACOS DE FAMILIA","http://up.kiwi/351921603109/34939156/1293570","",2157
Alive,"BR – 24H","24H LARGADOS E PELADOS","http://up.kiwi/351921603109/34939156/1293582","",3485
Dead,"BR – 24H","24H LILO E STITCH","http://up.kiwi/351921603109/34939156/1293489","HTTP 503",1934
Alive,"BR – 24H","24H LOONEY TUNES","http://up.kiwi/351921603109/34939156/1293490","",2466
Alive,"BR – 24H","24H LOST IN SPACE","http://up.kiwi/351921603109/34939156/1293553","",2827
Alive,"BR – 24H","24H LOVE DEATH E ROBOTS","http://up.kiwi/351921603109/34939156/1293337","",3657
Alive,"BR – 24H","24H MAGI","http://up.kiwi/351921603109/34939156/1293375","",2737
Alive,"BR – 24H","24H MAID","http://up.kiwi/351921603109/34939156/1293527","",2569
Alive,"BR – 24H","24H MALCOLM IN THE MIDDLE","http://up.kiwi/351921603109/34939156/1293426","",3143
Alive,"BR – 24H","24H MANDA-CHUVA","http://up.kiwi/351921603109/34939156/1293491","",3211
Dead,"BR – 24H","24H MARE OF EASTTOWN","http://up.kiwi/351921603109/34939156/1293528","HTTP 503",1809
Alive,"BR – 24H","24H MASTERCHEF BRASIL","http://up.kiwi/351921603109/34939156/1293583","",2651
Dead,"BR – 24H","24H MAYOR OF KINGSTOWN","http://up.kiwi/351921603109/34939156/1293321","HTTP 503",1579
Alive,"BR – 24H","24H MIDNIGHT MASS","http://up.kiwi/351921603109/34939156/1293592","",2410
Alive,"BR – 24H","24H MINDHUNTER","http://up.kiwi/351921603109/34939156/1293529","",2989
Dead,"BR – 24H","24H MOB PSYCHO 100","http://up.kiwi/351921603109/34939156/1293376","No data (insufficient stream data: 450824 bytes)",4004
Dead,"BR – 24H","24H MODERN FAMILY","http://up.kiwi/351921603109/34939156/1293427","HTTP 503",1937
Dead,"BR – 24H","24H MOVING","http://up.kiwi/351921603109/34939156/1293406","HTTP 503",1676
Alive,"BR – 24H","24H MR BEAN","http://up.kiwi/351921603109/34939156/1293428","",3760
Alive,"BR – 24H","24H MULHERES APAIXONADAS","http://up.kiwi/351921603109/34939156/1293571","",3605
Alive,"BR – 24H","24H MUSHOKU TENSEI","http://up.kiwi/351921603109/34939156/1293377","",2049
Dead,"BR – 24H","24H MY DRESS-UP DARLING","http://up.kiwi/351921603109/34939156/1293378","HTTP 503",1697
Alive,"BR – 24H","24H MY HERO ACADEMIA","http://up.kiwi/351921603109/34939156/1293379","",2233
Alive,"BR – 24H","24H NARCOS","http://up.kiwi/351921603109/34939156/1293322","",2707
Alive,"BR – 24H","24H NARCOS MEXICO","http://up.kiwi/351921603109/34939156/1293323","",2146
Alive,"BR – 24H","24H NEW GIRL","http://up.kiwi/351921603109/34939156/1293429","",2179
Alive,"BR – 24H","24H O CLONE","http://up.kiwi/351921603109/34939156/1293572","",2247
Alive,"BR – 24H","24H ONE PUNCH MAN","http://up.kiwi/351921603109/34939156/1293382","",2424
Alive,"BR – 24H","24H ONLY MURDERS IN THE BUILDING","http://up.kiwi/351921603109/34939156/1293430","",2790
Alive,"BR – 24H","24H OS NORMAIS","http://up.kiwi/351921603109/34939156/1293431","",2734
Alive,"BR – 24H","24H OS SIMPSONS","http://up.kiwi/351921603109/34939156/1293338","",3372
Dead,"BR – 24H","24H OS TRAPALHOES","http://up.kiwi/351921603109/34939156/1293432","HTTP 503",1651
Dead,"BR – 24H","24H OVERLORD","http://up.kiwi/351921603109/34939156/1293383","HTTP 503",1656
Alive,"BR – 24H","24H OZARK","http://up.kiwi/351921603109/34939156/1293530","",2173
Alive,"BR – 24H","24H PANTANAL","http://up.kiwi/351921603109/34939156/1293573","",2206
Alive,"BR – 24H","24H PANTHEON","http://up.kiwi/351921603109/34939156/1293339","",2216
Alive,"BR – 24H","24H PARASYTE","http://up.kiwi/351921603109/34939156/1293384","",2587
Alive,"BR – 24H","24H PEAKY BLINDERS","http://up.kiwi/351921603109/34939156/1293324","",2263
Dead,"BR – 24H","24H PERCY JACKSON","http://up.kiwi/351921603109/34939156/1293554","HTTP 503",1332
Alive,"BR – 24H","24H PESADELO NA COZINHA","http://up.kiwi/351921603109/34939156/1293584","",2260
Alive,"BR – 24H","24H PESCA MORTAL","http://up.kiwi/351921603109/34939156/1293585","",3236
Dead,"BR – 24H","24H PHINEAS E FERB","http://up.kiwi/351921603109/34939156/1293499","HTTP 503",1530
Alive,"BR – 24H","24H PRESUMED INNOCENT","http://up.kiwi/351921603109/34939156/1293531","",2229
Alive,"BR – 24H","24H QUILOS MORTAIS","http://up.kiwi/351921603109/34939156/1293586","",2377
Dead,"BR – 24H","24H RAINHA DA SUCATA","http://up.kiwi/351921603109/34939156/1293574","HTTP 503",3458
Alive,"BR – 24H","24H REACHER","http://up.kiwi/351921603109/34939156/1293325","",2608
Alive,"BR – 24H","24H RICK AND MORTY THE ANIME","http://up.kiwi/351921603109/34939156/1293340","",2945
Alive,"BR – 24H","24H RINGS OF POWER","http://up.kiwi/351921603109/34939156/1293555","",2191
Alive,"BR – 24H","24H RIPLEY","http://up.kiwi/351921603109/34939156/1293532","",2701
Alive,"BR – 24H","24H ROQUE SANTEIRO","http://up.kiwi/351921603109/34939156/1293575","",2094
Dead,"BR – 24H","24H RUGRATS 2021","http://up.kiwi/351921603109/34939156/1293504","HTTP 503",1626
Alive,"BR – 24H","24H SAI DE BAIXO","http://up.kiwi/351921603109/34939156/1293433","",2602
Alive,"BR – 24H","24H SAIKI K","http://up.kiwi/351921603109/34939156/1293387","",3533
Alive,"BR – 24H","24H SAMURAI X","http://up.kiwi/351921603109/34939156/1293388","",2361
Alive,"BR – 24H","24H SANDMAN","http://up.kiwi/351921603109/34939156/1293556","",3487
Alive,"BR – 24H","24H SCRUBS","http://up.kiwi/351921603109/34939156/1293434","",2257
Dead,"BR – 24H","24H SEINFELD","http://up.kiwi/351921603109/34939156/1293435","HTTP 503",3426
Alive,"BR – 24H","24H SENHORA DO DESTINO","http://up.kiwi/351921603109/34939156/1293576","",2883
Dead,"BR – 24H","24H SEVERANCE","http://up.kiwi/351921603109/34939156/1293533","HTTP 503",2536
Dead,"BR – 24H","24H SHADOW AND BONE","http://up.kiwi/351921603109/34939156/1293557","No data (insufficient stream data: 169200 bytes)",3854
Alive,"BR – 24H","24H SHAMAN KING","http://up.kiwi/351921603109/34939156/1293389","",2274
Dead,"BR – 24H","24H SHARK TANK BRASIL","http://up.kiwi/351921603109/34939156/1293587","HTTP 503",2448
Alive,"BR – 24H","24H SIGNAL","http://up.kiwi/351921603109/34939156/1293407","",2146
Alive,"BR – 24H","24H SILICON VALLEY","http://up.kiwi/351921603109/34939156/1293436","",2601
Dead,"BR – 24H","24H SILO","http://up.kiwi/351921603109/34939156/1293534","HTTP 503",3134
Alive,"BR – 24H","24H SLAM DUNK","http://up.kiwi/351921603109/34939156/1293390","",4344
Alive,"BR – 24H","24H SOLO LEVELING","http://up.kiwi/351921603109/34939156/1293391","",4515
Alive,"BR – 24H","24H SOUL EATER","http://up.kiwi/351921603109/34939156/1293392","",2864
Alive,"BR – 24H","24H SOUTH PARK","http://up.kiwi/351921603109/34939156/1293341","",13328
Alive,"BR – 24H","24H SPACE GHOST DE COSTA A COSTA","http://up.kiwi/351921603109/34939156/1293508","",2330
Alive,"BR – 24H","24H SPY X FAMILY","http://up.kiwi/351921603109/34939156/1293393","",2230
Alive,"BR – 24H","24H SQUID GAME","http://up.kiwi/351921603109/34939156/1293408","",2392
Alive,"BR – 24H","24H STAR VS AS FORCAS DO MAL","http://up.kiwi/351921603109/34939156/1293509","",4323
Alive,"BR – 24H","24H STRANGER THINGS","http://up.kiwi/351921603109/34939156/1293558","",4736
Alive,"BR – 24H","24H SUCCESSION","http://up.kiwi/351921603109/34939156/1293535","",2260
Alive,"BR – 24H","24H SUPER CAMPEOES","http://up.kiwi/351921603109/34939156/1293394","",2390
Alive,"BR – 24H","24H SUPERMAN A SERIE ANIMADA","http://up.kiwi/351921603109/34939156/1293510","",3650
Alive,"BR – 24H","24H SUPERSTORE","http://up.kiwi/351921603109/34939156/1293437","",2369
Alive,"BR – 24H","24H SWORD ART ONLINE","http://up.kiwi/351921603109/34939156/1293395","",4969
Alive,"BR – 24H","24H TENSEI SLIME","http://up.kiwi/351921603109/34939156/1293396","",2354
Alive,"BR – 24H","24H THE BIG BANG THEORY","http://up.kiwi/351921603109/34939156/1293439","",2202
Alive,"BR – 24H","24H THE EXPANSE","http://up.kiwi/351921603109/34939156/1293559","",3654
Dead,"BR – 24H","24H THE FALL OF THE HOUSE OF USHER","http://up.kiwi/351921603109/34939156/1293593","HTTP 503",2480
Dead,"BR – 24H","24H THE GOOD PLACE","http://up.kiwi/351921603109/34939156/1293440","HTTP 503",2409
Dead,"BR – 24H","24H THE HAUNTING OF HILL HOUSE","http://up.kiwi/351921603109/34939156/1293594","No data (insufficient stream data: 39480 bytes)",4012
Alive,"BR – 24H","24H THE LAST OF US","http://up.kiwi/351921603109/34939156/1293536","",2224
Alive,"BR – 24H","24H THE NANNY","http://up.kiwi/351921603109/34939156/1293441","",4660
Alive,"BR – 24H","24H THE NIGHT OF","http://up.kiwi/351921603109/34939156/1293537","",2176
Alive,"BR – 24H","24H THE PENGUIN","http://up.kiwi/351921603109/34939156/1293538","",2350
Dead,"BR – 24H","24H THE PERIPHERAL","http://up.kiwi/351921603109/34939156/1293560","HTTP 503",2875
Alive,"BR – 24H","24H THE QUEENS GAMBIT","http://up.kiwi/351921603109/34939156/1293539","",3001
Alive,"BR – 24H","24H THE SOPRANOS","http://up.kiwi/351921603109/34939156/1293540","",4534
Alive,"BR – 24H","24H THE WIRE","http://up.kiwi/351921603109/34939156/1293541","",4188
Alive,"BR – 24H","24H THE WITCHER","http://up.kiwi/351921603109/34939156/1293561","",4409
Alive,"BR – 24H","24H TIMAO E PUMBA","http://up.kiwi/351921603109/34939156/1293513","",3541
Alive,"BR – 24H","24H TINY TOONS LOONIVERSIDADE","http://up.kiwi/351921603109/34939156/1293514","",3722
Alive,"BR – 24H","24H TODO MUNDO ODEIA O CHRIS","http://up.kiwi/351921603109/34939156/1293443","",3944
Alive,"BR – 24H","24H TOKYO REVENGERS","http://up.kiwi/351921603109/34939156/1293397","",4832
Alive,"BR – 24H","24H TOMA LA DA CA","http://up.kiwi/351921603109/34939156/1293444","",2533
Alive,"BR – 24H","24H TORADORA","http://up.kiwi/351921603109/34939156/1293398","",2515
Alive,"BR – 24H","24H TRES E DEMAIS","http://up.kiwi/351921603109/34939156/1293445","",4107
Alive,"BR – 24H","24H UM MALUCO NO PEDACO","http://up.kiwi/351921603109/34939156/1293447","",4186
Alive,"BR – 24H","24H UNBELIEVABLE","http://up.kiwi/351921603109/34939156/1293543","",3586
Alive,"BR – 24H","24H VALE TUDO","http://up.kiwi/351921603109/34939156/1293578","",2679
Dead,"BR – 24H","24H VINLAND SAGA","http://up.kiwi/351921603109/34939156/1293399","No data (insufficient stream data: 507976 bytes)",5284
Alive,"BR – 24H","24H VIVY","http://up.kiwi/351921603109/34939156/1293400","",3185
Alive,"BR – 24H","24H WARRIOR","http://up.kiwi/351921603109/34939156/1293326","",2985
Alive,"BR – 24H","24H WEAK HERO CLASS 1","http://up.kiwi/351921603109/34939156/1293410","",3417
Dead,"BR – 24H","24H WEDNESDAY","http://up.kiwi/351921603109/34939156/1293562","No data (insufficient stream data: 73320 bytes)",3895
Alive,"BR – 24H","24H WESTWORLD","http://up.kiwi/351921603109/34939156/1293563","",2146
Dead,"BR – 24H","24H WHEN THEY SEE US","http://up.kiwi/351921603109/34939156/1293544","HTTP 503",1757
Alive,"BR – 24H","24H WINSPECTOR","http://up.kiwi/351921603109/34939156/1293602","",2245
Alive,"BR – 24H","24H X-MEN","http://up.kiwi/351921603109/34939156/1293342","",2275
Alive,"BR – 24H","24H YOUNG SHELDON","http://up.kiwi/351921603109/34939156/1293448","",3598
Alive,"BR – 24H","24H YU YU HAKUSHO","http://up.kiwi/351921603109/34939156/1293401","",2251
Alive,"BR – 24H","24H ZE COLMEIA","http://up.kiwi/351921603109/34939156/1293516","",2211
Alive,"BR – 24H","24H | CHAVES","http://up.kiwi/351921603109/34939156/1257451","",3996
Alive,"BR – 24H","24H | SIMPSONS","http://up.kiwi/351921603109/34939156/1257452","",2731
Dead,"BR – 24H","[24H] 3 PALAVRINHAS","http://tjtor8411.com:80/Osiel123/Felicidade321/138711.ts","No data (insufficient stream data: 235 bytes)",546
Dead,"BR – 24H","[24H] 44 GATOS","http://tjtor8411.com:80/Osiel123/Felicidade321/137410.ts","No data (insufficient stream data: 235 bytes)",307
Dead,"BR – 24H","[24H] [CANAL YOUTUBE] 4 AMIGOS STAND UP COMEDY","http://tjtor8411.com:80/Osiel123/Felicidade321/138721.ts","No data (insufficient stream data: 235 bytes)",522
Dead,"BR – 24H","[24H] [CANAL YOUTUBE] 5 ALGUMA COISA","http://tjtor8411.com:80/Osiel123/Felicidade321/138729.ts","No data (insufficient stream data: 235 bytes)",525
Dead,"BR – 24H","[24H] [CANAL YOUTUBE] FRITADA","http://tjtor8411.com:80/Osiel123/Felicidade321/255220.ts","No data (insufficient stream data: 235 bytes)",418
Dead,"BR – 24H","[24H] [CANAL YOUTUBE] MASTER TRASH E PANICOS CHEF","http://tjtor8411.com:80/Osiel123/Felicidade321/138790.ts","No data (insufficient stream data: 235 bytes)",400
Dead,"BR – 24H","[24H] [MUSICAS] TOP 100 CATOLICAS 2021","http://tjtor8411.com:80/Osiel123/Felicidade321/140541.ts","No data (insufficient stream data: 235 bytes)",542
Dead,"BR – 24H","[24H] [MUSICAS] TOP 100 CATOLICAS 2024","http://tjtor8411.com:80/Osiel123/Felicidade321/253772.ts","No data (insufficient stream data: 235 bytes)",377
Dead,"BR – 24H","[24H] [MUSICAS] TOP 100 GOSPEL 2021","http://tjtor8411.com:80/Osiel123/Felicidade321/140494.ts","No data (insufficient stream data: 235 bytes)",465
Dead,"BR – 24H","[24H] [MUSICAS] TOP 100 GOSPEL 2022","http://tjtor8411.com:80/Osiel123/Felicidade321/253773.ts","No data (insufficient stream data: 235 bytes)",326
Dead,"BR – 24H","[24H] [MUSICAS] TOP 100 GOSPEL 2023","http://tjtor8411.com:80/Osiel123/Felicidade321/253774.ts","No data (insufficient stream data: 235 bytes)",600
Dead,"BR – 24H","[24H] [MUSICAS] TOP 100 GOSPEL 2024","http://tjtor8411.com:80/Osiel123/Felicidade321/253775.ts","No data (insufficient stream data: 235 bytes)",252
Dead,"BR – 24H","[24H] [MUSICAS] TOP 100 MPB 2021","http://tjtor8411.com:80/Osiel123/Felicidade321/140542.ts","No data (insufficient stream data: 235 bytes)",279
Dead,"BR – 24H","[24H] [MUSICAS] TOP 100 MPB 2022","http://tjtor8411.com:80/Osiel123/Felicidade321/253776.ts","No data (insufficient stream data: 235 bytes)",365
Dead,"BR – 24H","[24H] [MUSICAS] TOP 100 MPB 2023","http://tjtor8411.com:80/Osiel123/Felicidade321/253777.ts","No data (insufficient stream data: 235 bytes)",322
Dead,"BR – 24H","[24H] [MUSICAS] TOP 100 MPB 2024","http://tjtor8411.com:80/Osiel123/Felicidade321/253778.ts","No data (insufficient stream data: 235 bytes)",680
Dead,"BR – 24H","[24H] [MUSICAS] TOP 100 SERTANEJO 2021","http://tjtor8411.com:80/Osiel123/Felicidade321/140495.ts","No data (insufficient stream data: 235 bytes)",346
Dead,"BR – 24H","[24H] [MUSICAS] TOP 100 SERTANEJO 2022","http://tjtor8411.com:80/Osiel123/Felicidade321/253779.ts","No data (insufficient stream data: 235 bytes)",252
Dead,"BR – 24H","[24H] [MUSICAS] TOP 100 SERTANEJO 2023","http://tjtor8411.com:80/Osiel123/Felicidade321/253780.ts","No data (insufficient stream data: 235 bytes)",217
Dead,"BR – 24H","[24H] [MUSICAS] TOP 100 SERTANEJO 2024","http://tjtor8411.com:80/Osiel123/Felicidade321/253781.ts","No data (insufficient stream data: 235 bytes)",406
Dead,"BR – 24H","[24H] [MUSICAS] TOP 100 SPOTIFY 2021","http://tjtor8411.com:80/Osiel123/Felicidade321/140496.ts","No data (insufficient stream data: 235 bytes)",355
Dead,"BR – 24H","[24H] [MUSICAS] TOP 100 SPOTIFY 2022","http://tjtor8411.com:80/Osiel123/Felicidade321/253782.ts","No data (insufficient stream data: 235 bytes)",299
Dead,"BR – 24H","[24H] [MUSICAS] TOP 100 SPOTIFY 2023","http://tjtor8411.com:80/Osiel123/Felicidade321/253783.ts","No data (insufficient stream data: 235 bytes)",728
Dead,"BR – 24H","[24H] [MUSICAS] TOP 100 SPOTIFY 2024","http://tjtor8411.com:80/Osiel123/Felicidade321/253784.ts","No data (insufficient stream data: 235 bytes)",426
Dead,"BR – 24H","[24H] [MUSICAS] TOP GOSPEL 2025/2026 - AS MAIS TOCADAS","http://tjtor8411.com:80/Osiel123/Felicidade321/375084.ts","No data (insufficient stream data: 235 bytes)",644
Dead,"BR – 24H","[24H] [MUSICAS] TOP MPB 2025/2026 - AS MAIS TOCADAS","http://tjtor8411.com:80/Osiel123/Felicidade321/375083.ts","No data (insufficient stream data: 235 bytes)",593
Dead,"BR – 24H","[24H] [MUSICAS] TOP SERTANEJO 2025/2026 - AS MAIS TOCADAS","http://tjtor8411.com:80/Osiel123/Felicidade321/375082.ts","No data (insufficient stream data: 235 bytes)",662
Dead,"BR – 24H","[24H] A BRUXINHA SABRINA","http://tjtor8411.com:80/Osiel123/Felicidade321/138935.ts","No data (insufficient stream data: 235 bytes)",591
Dead,"BR – 24H","[24H] A CASA DA CORUJA","http://tjtor8411.com:80/Osiel123/Felicidade321/137411.ts","No data (insufficient stream data: 235 bytes)",299
Dead,"BR – 24H","[24H] A CASA DA CORUJA [2]","http://tjtor8411.com:80/Osiel123/Felicidade321/151948.ts","No data (insufficient stream data: 235 bytes)",236
Dead,"BR – 24H","[24H] A CASA MAGICA DA GABBY","http://tjtor8411.com:80/Osiel123/Felicidade321/137137.ts","No data (insufficient stream data: 235 bytes)",678
Dead,"BR – 24H","[24H] A CEGONHA DA PERNA FINA","http://tjtor8411.com:80/Osiel123/Felicidade321/138936.ts","No data (insufficient stream data: 235 bytes)",410
Dead,"BR – 24H","[24H] A CULPA E DA CARLOTA","http://tjtor8411.com:80/Osiel123/Felicidade321/140763.ts","No data (insufficient stream data: 235 bytes)",624
Dead,"BR – 24H","[24H] A CULPA E DO CABRAL [S01]","http://tjtor8411.com:80/Osiel123/Felicidade321/140765.ts","No data (insufficient stream data: 235 bytes)",563
Dead,"BR – 24H","[24H] A CULPA E DO CABRAL [S02]","http://tjtor8411.com:80/Osiel123/Felicidade321/140766.ts","No data (insufficient stream data: 235 bytes)",520
Dead,"BR – 24H","[24H] A CULPA E DO CABRAL [S03]","http://tjtor8411.com:80/Osiel123/Felicidade321/140767.ts","No data (insufficient stream data: 235 bytes)",474
Dead,"BR – 24H","[24H] A CULPA E DO CABRAL [S04]","http://tjtor8411.com:80/Osiel123/Felicidade321/140768.ts","No data (insufficient stream data: 235 bytes)",429
Dead,"BR – 24H","[24H] A CULPA E DO CABRAL [S05]","http://tjtor8411.com:80/Osiel123/Felicidade321/140769.ts","No data (insufficient stream data: 235 bytes)",442
Dead,"BR – 24H","[24H] A CULPA E DO CABRAL [S06]","http://tjtor8411.com:80/Osiel123/Felicidade321/140770.ts","No data (insufficient stream data: 235 bytes)",507
Dead,"BR – 24H","[24H] A CULPA E DO CABRAL [S07]","http://tjtor8411.com:80/Osiel123/Felicidade321/140771.ts","No data (insufficient stream data: 235 bytes)",315
Dead,"BR – 24H","[24H] A CULPA E DO CABRAL [S08]","http://tjtor8411.com:80/Osiel123/Felicidade321/140772.ts","No data (insufficient stream data: 235 bytes)",361
Dead,"BR – 24H","[24H] A CULPA E DO CABRAL [S09]","http://tjtor8411.com:80/Osiel123/Felicidade321/140773.ts","No data (insufficient stream data: 235 bytes)",452
Dead,"BR – 24H","[24H] A CULPA E DO CABRAL [S10]","http://tjtor8411.com:80/Osiel123/Felicidade321/140774.ts","No data (insufficient stream data: 235 bytes)",485
Dead,"BR – 24H","[24H] A CULPA E DO CABRAL NA ESTRADA","http://tjtor8411.com:80/Osiel123/Felicidade321/140764.ts","No data (insufficient stream data: 235 bytes)",592
Dead,"BR – 24H","[24H] A DIARISTA","http://tjtor8411.com:80/Osiel123/Felicidade321/139273.ts","No data (insufficient stream data: 235 bytes)",451
Dead,"BR – 24H","[24H] A FAMILIA ADDAMS","http://tjtor8411.com:80/Osiel123/Felicidade321/138937.ts","No data (insufficient stream data: 235 bytes)",396
Dead,"BR – 24H","[24H] A FAMILIA DRACULA","http://tjtor8411.com:80/Osiel123/Felicidade321/152013.ts","No data (insufficient stream data: 235 bytes)",528
Dead,"BR – 24H","[24H] A FAMILIA URSO","http://tjtor8411.com:80/Osiel123/Felicidade321/135544.ts","No data (insufficient stream data: 235 bytes)",317
Dead,"BR – 24H","[24H] A FESTA DA SALSICHA COMILANDIA","http://tjtor8411.com:80/Osiel123/Felicidade321/306836.ts","No data (insufficient stream data: 235 bytes)",396
Dead,"BR – 24H","[24H] A FORMIGA E O TAMANDUA","http://tjtor8411.com:80/Osiel123/Felicidade321/135535.ts","No data (insufficient stream data: 235 bytes)",517
Dead,"BR – 24H","[24H] A GRANDE FAMILIA [S01]","http://tjtor8411.com:80/Osiel123/Felicidade321/137413.ts","No data (insufficient stream data: 235 bytes)",274
Dead,"BR – 24H","[24H] A GRANDE FAMILIA [S02]","http://tjtor8411.com:80/Osiel123/Felicidade321/137414.ts","No data (insufficient stream data: 235 bytes)",279
Dead,"BR – 24H","[24H] A GRANDE FAMILIA [S03]","http://tjtor8411.com:80/Osiel123/Felicidade321/137415.ts","No data (insufficient stream data: 235 bytes)",229
Dead,"BR – 24H","[24H] A GRANDE FAMILIA [S04]","http://tjtor8411.com:80/Osiel123/Felicidade321/137416.ts","No data (insufficient stream data: 235 bytes)",443
Dead,"BR – 24H","[24H] A GRANDE FAMILIA [S05]","http://tjtor8411.com:80/Osiel123/Felicidade321/137417.ts","No data (insufficient stream data: 235 bytes)",289
Dead,"BR – 24H","[24H] A GRANDE FAMILIA [S06]","http://tjtor8411.com:80/Osiel123/Felicidade321/137418.ts","No data (insufficient stream data: 235 bytes)",456
Dead,"BR – 24H","[24H] A GRANDE FAMILIA [S07]","http://tjtor8411.com:80/Osiel123/Felicidade321/137419.ts","No data (insufficient stream data: 235 bytes)",226
Dead,"BR – 24H","[24H] A GRANDE FAMILIA [S08]","http://tjtor8411.com:80/Osiel123/Felicidade321/137420.ts","No data (insufficient stream data: 235 bytes)",221
Dead,"BR – 24H","[24H] A GRANDE FAMILIA [S09]","http://tjtor8411.com:80/Osiel123/Felicidade321/137421.ts","No data (insufficient stream data: 235 bytes)",312
Dead,"BR – 24H","[24H] A GRANDE FAMILIA [S10]","http://tjtor8411.com:80/Osiel123/Felicidade321/137422.ts","No data (insufficient stream data: 235 bytes)",408
Dead,"BR – 24H","[24H] A GRANDE FAMILIA [S11]","http://tjtor8411.com:80/Osiel123/Felicidade321/137423.ts","No data (insufficient stream data: 235 bytes)",675
Dead,"BR – 24H","[24H] A GRANDE FAMILIA [S12]","http://tjtor8411.com:80/Osiel123/Felicidade321/137424.ts","No data (insufficient stream data: 235 bytes)",283
Dead,"BR – 24H","[24H] A GRANDE FAMILIA [S13]","http://tjtor8411.com:80/Osiel123/Felicidade321/137425.ts","No data (insufficient stream data: 235 bytes)",253
Dead,"BR – 24H","[24H] A GRANDE FAMILIA [S14]","http://tjtor8411.com:80/Osiel123/Felicidade321/137426.ts","No data (insufficient stream data: 235 bytes)",352
Dead,"BR – 24H","[24H] A GUARDA DO LEAO [S01]","http://tjtor8411.com:80/Osiel123/Felicidade321/306832.ts","No data (insufficient stream data: 235 bytes)",352
Dead,"BR – 24H","[24H] A GUARDA DO LEAO [S02]","http://tjtor8411.com:80/Osiel123/Felicidade321/306833.ts","No data (insufficient stream data: 235 bytes)",248
Dead,"BR – 24H","[24H] A GUARDA DO LEAO [S03]","http://tjtor8411.com:80/Osiel123/Felicidade321/306834.ts","No data (insufficient stream data: 235 bytes)",348
Dead,"BR – 24H","[24H] A LULA LELE","http://tjtor8411.com:80/Osiel123/Felicidade321/135536.ts","No data (insufficient stream data: 235 bytes)",262
Dead,"BR – 24H","[24H] A NOVA PANTERA COR DE ROSA","http://tjtor8411.com:80/Osiel123/Felicidade321/254767.ts","No data (insufficient stream data: 235 bytes)",533
Dead,"BR – 24H","[24H] A PANTERA COR DE ROSA","http://tjtor8411.com:80/Osiel123/Felicidade321/135537.ts","No data (insufficient stream data: 235 bytes)",356
Dead,"BR – 24H","[24H] A PEQUENA SEREIA","http://tjtor8411.com:80/Osiel123/Felicidade321/135538.ts","No data (insufficient stream data: 235 bytes)",456
Dead,"BR – 24H","[24H] A SOMBRA DO BATMAN [S01]","http://tjtor8411.com:80/Osiel123/Felicidade321/375071.ts","No data (insufficient stream data: 235 bytes)",377
Dead,"BR – 24H","[24H] A TURMA DO CHARLIE BROWN E SNOOPY","http://tjtor8411.com:80/Osiel123/Felicidade321/137409.ts","No data (insufficient stream data: 235 bytes)",288
Dead,"BR – 24H","[24H] A TURMA DO MANDA CHUVA","http://tjtor8411.com:80/Osiel123/Felicidade321/135539.ts","No data (insufficient stream data: 235 bytes)",350
Dead,"BR – 24H","[24H] A VILA [S01]","http://tjtor8411.com:80/Osiel123/Felicidade321/140730.ts","No data (insufficient stream data: 235 bytes)",372
Dead,"BR – 24H","[24H] A VILA [S02]","http://tjtor8411.com:80/Osiel123/Felicidade321/140731.ts","No data (insufficient stream data: 235 bytes)",237
Dead,"BR – 24H","[24H] A VILA [S03]","http://tjtor8411.com:80/Osiel123/Felicidade321/140732.ts","No data (insufficient stream data: 235 bytes)",807
Dead,"BR – 24H","[24H] A VILA [S04]","http://tjtor8411.com:80/Osiel123/Felicidade321/140733.ts","No data (insufficient stream data: 235 bytes)",313
Dead,"BR – 24H","[24H] AAAHH!!! MONSTROS","http://tjtor8411.com:80/Osiel123/Felicidade321/135549.ts","No data (insufficient stream data: 235 bytes)",359
Dead,"BR – 24H","[24H] ACAMPAMENTO LAKEBOTTOM","http://tjtor8411.com:80/Osiel123/Felicidade321/141493.ts","No data (insufficient stream data: 235 bytes)",366
Dead,"BR – 24H","[24H] AEON FLUX","http://tjtor8411.com:80/Osiel123/Felicidade321/136697.ts","No data (insufficient stream data: 235 bytes)",399
Dead,"BR – 24H","[24H] AEROPORTO AREA RESTRITA [S01]","http://tjtor8411.com:80/Osiel123/Felicidade321/150488.ts","No data (insufficient stream data: 235 bytes)",377
Dead,"BR – 24H","[24H] AEROPORTO AREA RESTRITA [S02]","http://tjtor8411.com:80/Osiel123/Felicidade321/150489.ts","No data (insufficient stream data: 235 bytes)",276
Dead,"BR – 24H","[24H] AEROPORTO AREA RESTRITA [S03]","http://tjtor8411.com:80/Osiel123/Felicidade321/150490.ts","No data (insufficient stream data: 235 bytes)",450
Dead,"BR – 24H","[24H] AGENTE K.C","http://tjtor8411.com:80/Osiel123/Felicidade321/155407.ts","No data (insufficient stream data: 235 bytes)",252
Dead,"BR – 24H","[24H] ALADDIN","http://tjtor8411.com:80/Osiel123/Felicidade321/138730.ts","No data (insufficient stream data: 235 bytes)",254
Dead,"BR – 24H","[24H] ALIEN TV","http://tjtor8411.com:80/Osiel123/Felicidade321/140775.ts","No data (insufficient stream data: 235 bytes)",244
Dead,"BR – 24H","[24H] ALIENIGENAS DO PASSADO","http://tjtor8411.com:80/Osiel123/Felicidade321/140734.ts","No data (insufficient stream data: 235 bytes)",281
Dead,"BR – 24H","[24H] AMERICAN DAD","http://tjtor8411.com:80/Osiel123/Felicidade321/223832.ts","No data (insufficient stream data: 235 bytes)",261
Dead,"BR – 24H","[24H] AMPHIBIA","http://tjtor8411.com:80/Osiel123/Felicidade321/306838.ts","No data (insufficient stream data: 235 bytes)",253
Dead,"BR – 24H","[24H] ANA PIMENTINHA","http://tjtor8411.com:80/Osiel123/Felicidade321/138939.ts","No data (insufficient stream data: 235 bytes)",795
Dead,"BR – 24H","[24H] ANDY PANDA","http://tjtor8411.com:80/Osiel123/Felicidade321/140776.ts","No data (insufficient stream data: 235 bytes)",238
Dead,"BR – 24H","[24H] ANGRY BIRDS A ILHA MISTERIOSA","http://tjtor8411.com:80/Osiel123/Felicidade321/306839.ts","No data (insufficient stream data: 235 bytes)",299
Dead,"BR – 24H","[24H] ANIMANIACS (1993)","http://tjtor8411.com:80/Osiel123/Felicidade321/135540.ts","No data (insufficient stream data: 235 bytes)",239
Dead,"BR – 24H","[24H] ANIMANIACS (2020)","http://tjtor8411.com:80/Osiel123/Felicidade321/135541.ts","No data (insufficient stream data: 235 bytes)",687
Dead,"BR – 24H","[24H] ANOTA AI","http://tjtor8411.com:80/Osiel123/Felicidade321/140777.ts","No data (insufficient stream data: 235 bytes)",700
Dead,"BR – 24H","[24H] ARLEQUINA","http://tjtor8411.com:80/Osiel123/Felicidade321/223833.ts","No data (insufficient stream data: 235 bytes)",403
Dead,"BR – 24H","[24H] ARQUIVO MORTO [S01]","http://tjtor8411.com:80/Osiel123/Felicidade321/138731.ts","No data (insufficient stream data: 235 bytes)",690
Dead,"BR – 24H","[24H] ARQUIVO MORTO [S02]","http://tjtor8411.com:80/Osiel123/Felicidade321/138732.ts","No data (insufficient stream data: 235 bytes)",487
Dead,"BR – 24H","[24H] ARQUIVO MORTO [S03]","http://tjtor8411.com:80/Osiel123/Felicidade321/138733.ts","No data (insufficient stream data: 235 bytes)",331
Dead,"BR – 24H","[24H] ARQUIVO MORTO [S04]","http://tjtor8411.com:80/Osiel123/Felicidade321/138734.ts","No data (insufficient stream data: 235 bytes)",617
Dead,"BR – 24H","[24H] ARQUIVO MORTO [S05]","http://tjtor8411.com:80/Osiel123/Felicidade321/138735.ts","No data (insufficient stream data: 235 bytes)",444
Dead,"BR – 24H","[24H] ARQUIVO MORTO [S06]","http://tjtor8411.com:80/Osiel123/Felicidade321/138736.ts","No data (insufficient stream data: 235 bytes)",397
Dead,"BR – 24H","[24H] ARQUIVO MORTO [S07]","http://tjtor8411.com:80/Osiel123/Felicidade321/138737.ts","No data (insufficient stream data: 235 bytes)",554
Dead,"BR – 24H","[24H] ARQUIVO X [S01]","http://tjtor8411.com:80/Osiel123/Felicidade321/138738.ts","No data (insufficient stream data: 235 bytes)",267
Dead,"BR – 24H","[24H] ARQUIVO X [S02]","http://tjtor8411.com:80/Osiel123/Felicidade321/138739.ts","No data (insufficient stream data: 235 bytes)",357
Dead,"BR – 24H","[24H] ARQUIVO X [S03]","http://tjtor8411.com:80/Osiel123/Felicidade321/138740.ts","No data (insufficient stream data: 235 bytes)",241
Dead,"BR – 24H","[24H] ARQUIVO X [S04]","http://tjtor8411.com:80/Osiel123/Felicidade321/138741.ts","No data (insufficient stream data: 235 bytes)",301
Dead,"BR – 24H","[24H] ARQUIVO X [S05]","http://tjtor8411.com:80/Osiel123/Felicidade321/138742.ts","No data (insufficient stream data: 235 bytes)",328
Dead,"BR – 24H","[24H] ARQUIVO X [S06]","http://tjtor8411.com:80/Osiel123/Felicidade321/138743.ts","No data (insufficient stream data: 235 bytes)",343
Dead,"BR – 24H","[24H] ARQUIVO X [S07]","http://tjtor8411.com:80/Osiel123/Felicidade321/138744.ts","No data (insufficient stream data: 235 bytes)",406
Dead,"BR – 24H","[24H] ARQUIVO X [S08]","http://tjtor8411.com:80/Osiel123/Felicidade321/138745.ts","No data (insufficient stream data: 235 bytes)",296
Dead,"BR – 24H","[24H] ARQUIVO X [S09]","http://tjtor8411.com:80/Osiel123/Felicidade321/138746.ts","No data (insufficient stream data: 235 bytes)",278
Dead,"BR – 24H","[24H] ARQUIVO X [S10]","http://tjtor8411.com:80/Osiel123/Felicidade321/138747.ts","No data (insufficient stream data: 235 bytes)",391
Dead,"BR – 24H","[24H] ARQUIVO X [S11]","http://tjtor8411.com:80/Osiel123/Felicidade321/138748.ts","No data (insufficient stream data: 235 bytes)",274
Dead,"BR – 24H","[24H] AS AVENTURAS DE SUNNY BUNNIES","http://tjtor8411.com:80/Osiel123/Felicidade321/223838.ts","No data (insufficient stream data: 235 bytes)",267
Dead,"BR – 24H","[24H] AS AVENTURAS DE TINTIM","http://tjtor8411.com:80/Osiel123/Felicidade321/306840.ts","No data (insufficient stream data: 235 bytes)",742
Dead,"BR – 24H","[24H] AS AVENTURAS DO BATMAN","http://tjtor8411.com:80/Osiel123/Felicidade321/135543.ts","No data (insufficient stream data: 235 bytes)",276
Dead,"BR – 24H","[24H] AS AVENTURAS DO GATO DE BOTAS","http://tjtor8411.com:80/Osiel123/Felicidade321/140528.ts","No data (insufficient stream data: 235 bytes)",277
Dead,"BR – 24H","[24H] AS IRMÃS GRIMM","http://tjtor8411.com:80/Osiel123/Felicidade321/371449.ts","No data (insufficient stream data: 235 bytes)",232
Dead,"BR – 24H","[24H] AS NOVAS AVENTURAS DE CHRISTINE","http://tjtor8411.com:80/Osiel123/Felicidade321/138749.ts","No data (insufficient stream data: 235 bytes)",789
Dead,"BR – 24H","[24H] AS NOVAS AVENTURAS DO SUPERMAN","http://tjtor8411.com:80/Osiel123/Felicidade321/135554.ts","No data (insufficient stream data: 235 bytes)",307
Dead,"BR – 24H","[24H] AS NOVAS AVENTURAS DO URSINHO PUFF","http://tjtor8411.com:80/Osiel123/Felicidade321/135557.ts","No data (insufficient stream data: 235 bytes)",489
Dead,"BR – 24H","[24H] AS VISOES DA RAVEN","http://tjtor8411.com:80/Osiel123/Felicidade321/135558.ts","No data (insufficient stream data: 235 bytes)",395
Dead,"BR – 24H","[24H] AUSTIN E ALLY","http://tjtor8411.com:80/Osiel123/Felicidade321/138750.ts","No data (insufficient stream data: 235 bytes)",640
Dead,"BR – 24H","[24H] B POSITIVE","http://tjtor8411.com:80/Osiel123/Felicidade321/140778.ts","No data (insufficient stream data: 235 bytes)",412
Dead,"BR – 24H","[24H] BABY LOONEY TUNES","http://tjtor8411.com:80/Osiel123/Felicidade321/138813.ts","No data (insufficient stream data: 235 bytes)",417
Dead,"BR – 24H","[24H] BAR DO GOGO","http://tjtor8411.com:80/Osiel123/Felicidade321/254768.ts","No data (insufficient stream data: 235 bytes)",309
Dead,"BR – 24H","[24H] BARBIE DREAMHOUSE ADVENTURES","http://tjtor8411.com:80/Osiel123/Felicidade321/135559.ts","No data (insufficient stream data: 235 bytes)",1250
Dead,"BR – 24H","[24H] BARNEY E SEUS AMIGOS","http://tjtor8411.com:80/Osiel123/Felicidade321/141494.ts","No data (insufficient stream data: 235 bytes)",620
Dead,"BR – 24H","[24H] BATALHA DO CHURRASCO","http://tjtor8411.com:80/Osiel123/Felicidade321/254769.ts","No data (insufficient stream data: 235 bytes)",384
Dead,"BR – 24H","[24H] BATALHA MAKERS BRASIL","http://tjtor8411.com:80/Osiel123/Felicidade321/138751.ts","No data (insufficient stream data: 235 bytes)",335
Dead,"BR – 24H","[24H] BBB 24","http://tjtor8411.com:80/Osiel123/Felicidade321/306831.ts","No data (insufficient stream data: 235 bytes)",340
Dead,"BR – 24H","[24H] BEAT BUGS","http://tjtor8411.com:80/Osiel123/Felicidade321/225328.ts","No data (insufficient stream data: 235 bytes)",514
Dead,"BR – 24H","[24H] BIBO PAI E BOBI FILHO","http://tjtor8411.com:80/Osiel123/Felicidade321/145377.ts","No data (insufficient stream data: 235 bytes)",333
Dead,"BR – 24H","[24H] BIDUZIDOS","http://tjtor8411.com:80/Osiel123/Felicidade321/306841.ts","No data (insufficient stream data: 235 bytes)",373
Dead,"BR – 24H","[24H] BIG BLUE: O GRANDE OCEANO","http://tjtor8411.com:80/Osiel123/Felicidade321/371450.ts","No data (insufficient stream data: 235 bytes)",418
Dead,"BR – 24H","[24H] BIG MOUTH","http://tjtor8411.com:80/Osiel123/Felicidade321/135560.ts","No data (insufficient stream data: 235 bytes)",461
Dead,"BR – 24H","[24H] BLAZE E OS MONSTER MACHINES","http://tjtor8411.com:80/Osiel123/Felicidade321/138752.ts","No data (insufficient stream data: 235 bytes)",637
Dead,"BR – 24H","[24H] BLEACH - ARRANKAR A CHEGADA [S06]","http://tjtor8411.com:80/Osiel123/Felicidade321/138758.ts","No data (insufficient stream data: 235 bytes)",449
Dead,"BR – 24H","[24H] BLEACH - ARRANKAR A ENTRADA SORRATEIRA NO HUECO MUNDO [S07]","http://tjtor8411.com:80/Osiel123/Felicidade321/138759.ts","No data (insufficient stream data: 235 bytes)",382
Dead,"BR – 24H","[24H] BLEACH - ARRANKAR A FALSA CIDADE DE KARAKURA [S12]","http://tjtor8411.com:80/Osiel123/Felicidade321/138764.ts","No data (insufficient stream data: 235 bytes)",327
Dead,"BR – 24H","[24H] BLEACH - ARRANKAR A LUTA FEROZ [S08]","http://tjtor8411.com:80/Osiel123/Felicidade321/138760.ts","No data (insufficient stream data: 235 bytes)",333
Dead,"BR – 24H","[24H] BLEACH - ARRANKAR A QUEDA [S14]","http://tjtor8411.com:80/Osiel123/Felicidade321/138766.ts","No data (insufficient stream data: 235 bytes)",374
Dead,"BR – 24H","[24H] BLEACH - ARRANKAR VS SHINIGAMI [S10]","http://tjtor8411.com:80/Osiel123/Felicidade321/138762.ts","No data (insufficient stream data: 235 bytes)",442
Dead,"BR – 24H","[24H] BLEACH - O ATAQUE DOS BOUNTS A SOCIEDADE DAS ALMAS [S05]","http://tjtor8411.com:80/Osiel123/Felicidade321/138757.ts","No data (insufficient stream data: 235 bytes)",573
Dead,"BR – 24H","[24H] BLEACH - O CONTO DA ZANPAKUTO DESCONHECIDA [S13]","http://tjtor8411.com:80/Osiel123/Felicidade321/138765.ts","No data (insufficient stream data: 235 bytes)",360
Dead,"BR – 24H","[24H] BLEACH - O EXERCITO DE INVASAO DAS 13 DIVISOES [S15]","http://tjtor8411.com:80/Osiel123/Felicidade321/138767.ts","No data (insufficient stream data: 235 bytes)",277
Dead,"BR – 24H","[24H] BLEACH - O NOVO CAPITAO AMAGAI SHUSUKE [S09]","http://tjtor8411.com:80/Osiel123/Felicidade321/138761.ts","No data (insufficient stream data: 235 bytes)",413
Dead,"BR – 24H","[24H] BLEACH - O PASSADO [S11]","http://tjtor8411.com:80/Osiel123/Felicidade321/138763.ts","No data (insufficient stream data: 235 bytes)",400
Dead,"BR – 24H","[24H] BLEACH - O SHINIGAMI SUBSTITUTO DESAPARECIDO [S16]","http://tjtor8411.com:80/Osiel123/Felicidade321/138768.ts","No data (insufficient stream data: 235 bytes)",388
Dead,"BR – 24H","[24H] BLEACH - O SUBSTITUTO [S01]","http://tjtor8411.com:80/Osiel123/Felicidade321/138753.ts","No data (insufficient stream data: 235 bytes)",521
Dead,"BR – 24H","[24H] BLEACH - OS BOUNTS [S04]","http://tjtor8411.com:80/Osiel123/Felicidade321/138756.ts","No data (insufficient stream data: 235 bytes)",271
Dead,"BR – 24H","[24H] BLEACH - SOCIEDADE DAS ALMAS A ENTRADA [S02]","http://tjtor8411.com:80/Osiel123/Felicidade321/138754.ts","No data (insufficient stream data: 235 bytes)",511
Dead,"BR – 24H","[24H] BLEACH - SOCIEDADE DAS ALMAS O RESGATE [S03]","http://tjtor8411.com:80/Osiel123/Felicidade321/138755.ts","No data (insufficient stream data: 235 bytes)",325
Dead,"BR – 24H","[24H] BOJACK HORSEMAN","http://tjtor8411.com:80/Osiel123/Felicidade321/136694.ts","No data (insufficient stream data: 235 bytes)",397
Dead,"BR – 24H","[24H] BOKU NO HERO ACADEMIA [S01]","http://tjtor8411.com:80/Osiel123/Felicidade321/138769.ts","No data (insufficient stream data: 235 bytes)",279
Dead,"BR – 24H","[24H] BOKU NO HERO ACADEMIA [S02]","http://tjtor8411.com:80/Osiel123/Felicidade321/138770.ts","No data (insufficient stream data: 235 bytes)",371
Dead,"BR – 24H","[24H] BOKU NO HERO ACADEMIA [S03]","http://tjtor8411.com:80/Osiel123/Felicidade321/138771.ts","No data (insufficient stream data: 235 bytes)",389
Dead,"BR – 24H","[24H] BOKU NO HERO ACADEMIA [S04]","http://tjtor8411.com:80/Osiel123/Felicidade321/138772.ts","No data (insufficient stream data: 235 bytes)",418
Dead,"BR – 24H","[24H] BRASIL VISTO DE CIMA [S01]","http://tjtor8411.com:80/Osiel123/Felicidade321/375065.ts","No data (insufficient stream data: 235 bytes)",571
Dead,"BR – 24H","[24H] BRASIL VISTO DE CIMA [S02]","http://tjtor8411.com:80/Osiel123/Felicidade321/375066.ts","No data (insufficient stream data: 235 bytes)",383
Dead,"BR – 24H","[24H] BRASIL VISTO DE CIMA [S03]","http://tjtor8411.com:80/Osiel123/Felicidade321/375067.ts","No data (insufficient stream data: 235 bytes)",423
Dead,"BR – 24H","[24H] BRASIL VISTO DE CIMA [S04]","http://tjtor8411.com:80/Osiel123/Felicidade321/375068.ts","No data (insufficient stream data: 235 bytes)",332
Dead,"BR – 24H","[24H] BRASIL VISTO DE CIMA [S05]","http://tjtor8411.com:80/Osiel123/Felicidade321/375069.ts","No data (insufficient stream data: 235 bytes)",294
Dead,"BR – 24H","[24H] BRASIL VISTO DE CIMA [S06]","http://tjtor8411.com:80/Osiel123/Felicidade321/375070.ts","No data (insufficient stream data: 235 bytes)",265
Dead,"BR – 24H","[24H] BRILHANTE VICTORIA","http://tjtor8411.com:80/Osiel123/Felicidade321/138773.ts","No data (insufficient stream data: 235 bytes)",359
Dead,"BR – 24H","[24H] CACADORES DE BUGS","http://tjtor8411.com:80/Osiel123/Felicidade321/138774.ts","No data (insufficient stream data: 235 bytes)",270
Dead,"BR – 24H","[24H] CACADORES DE DINOSSAUROS","http://tjtor8411.com:80/Osiel123/Felicidade321/138775.ts","No data (insufficient stream data: 235 bytes)",509
Dead,"BR – 24H","[24H] CAMERAS ESCONDIDAS SILVIO SANTOS","http://tjtor8411.com:80/Osiel123/Felicidade321/152014.ts","No data (insufficient stream data: 235 bytes)",548
Dead,"BR – 24H","[24H] CAPITAO TSUBASA","http://tjtor8411.com:80/Osiel123/Felicidade321/223839.ts","No data (insufficient stream data: 235 bytes)",677
Dead,"BR – 24H","[24H] CARROS IRADO [S01]","http://tjtor8411.com:80/Osiel123/Felicidade321/255224.ts","No data (insufficient stream data: 235 bytes)",424
Dead,"BR – 24H","[24H] CARROS IRADO [S02]","http://tjtor8411.com:80/Osiel123/Felicidade321/255225.ts","No data (insufficient stream data: 235 bytes)",475
Dead,"BR – 24H","[24H] CARROS IRADO [S03]","http://tjtor8411.com:80/Osiel123/Felicidade321/255226.ts","No data (insufficient stream data: 235 bytes)",423
Dead,"BR – 24H","[24H] CARROS IRADO [S04]","http://tjtor8411.com:80/Osiel123/Felicidade321/255227.ts","No data (insufficient stream data: 235 bytes)",359
Dead,"BR – 24H","[24H] CARROS IRADO [S05]","http://tjtor8411.com:80/Osiel123/Felicidade321/255228.ts","No data (insufficient stream data: 235 bytes)",620
Dead,"BR – 24H","[24H] CARROS IRADO [S06]","http://tjtor8411.com:80/Osiel123/Felicidade321/255229.ts","No data (insufficient stream data: 235 bytes)",382
Dead,"BR – 24H","[24H] CARROS IRADO [S07]","http://tjtor8411.com:80/Osiel123/Felicidade321/255230.ts","No data (insufficient stream data: 235 bytes)",602
Dead,"BR – 24H","[24H] CARROS IRADO [S08]","http://tjtor8411.com:80/Osiel123/Felicidade321/255231.ts","No data (insufficient stream data: 235 bytes)",337
Dead,"BR – 24H","[24H] CARROS IRADO [S09]","http://tjtor8411.com:80/Osiel123/Felicidade321/255232.ts","No data (insufficient stream data: 235 bytes)",421
Dead,"BR – 24H","[24H] CASAMENTO AS CEGAS [S01]","http://tjtor8411.com:80/Osiel123/Felicidade321/138776.ts","No data (insufficient stream data: 235 bytes)",452
Dead,"BR – 24H","[24H] CASAMENTO AS CEGAS [S02]","http://tjtor8411.com:80/Osiel123/Felicidade321/138777.ts","No data (insufficient stream data: 235 bytes)",324
Dead,"BR – 24H","[24H] CASAMENTO AS CEGAS BRASIL [S01]","http://tjtor8411.com:80/Osiel123/Felicidade321/138778.ts","No data (insufficient stream data: 235 bytes)",347
Dead,"BR – 24H","[24H] CASTELO RA-TIM-BUM","http://tjtor8411.com:80/Osiel123/Felicidade321/138728.ts","No data (insufficient stream data: 235 bytes)",591
Dead,"BR – 24H","[24H] CAVALO DE FOGO","http://tjtor8411.com:80/Osiel123/Felicidade321/137613.ts","No data (insufficient stream data: 235 bytes)",398
Dead,"BR – 24H","[24H] CHAPOLIN COLORADO [S01]","http://tjtor8411.com:80/Osiel123/Felicidade321/138000.ts","No data (insufficient stream data: 235 bytes)",493
Dead,"BR – 24H","[24H] CHAPOLIN COLORADO [S02]","http://tjtor8411.com:80/Osiel123/Felicidade321/138001.ts","No data (insufficient stream data: 235 bytes)",383
Dead,"BR – 24H","[24H] CHAPOLIN COLORADO [S03]","http://tjtor8411.com:80/Osiel123/Felicidade321/138002.ts","No data (insufficient stream data: 235 bytes)",384
Dead,"BR – 24H","[24H] CHAPOLIN COLORADO [S04]","http://tjtor8411.com:80/Osiel123/Felicidade321/138003.ts","No data (insufficient stream data: 235 bytes)",405
Dead,"BR – 24H","[24H] CHAPOLIN COLORADO [S05]","http://tjtor8411.com:80/Osiel123/Felicidade321/138004.ts","No data (insufficient stream data: 235 bytes)",347
Dead,"BR – 24H","[24H] CHAPOLIN COLORADO [S06]","http://tjtor8411.com:80/Osiel123/Felicidade321/138005.ts","No data (insufficient stream data: 235 bytes)",812
Dead,"BR – 24H","[24H] CHAPOLIN COLORADO [S07]","http://tjtor8411.com:80/Osiel123/Felicidade321/138006.ts","No data (insufficient stream data: 235 bytes)",460
Dead,"BR – 24H","[24H] CHAPOLIN E OS COLORADOS","http://tjtor8411.com:80/Osiel123/Felicidade321/371451.ts","No data (insufficient stream data: 235 bytes)",272
Dead,"BR – 24H","[24H] CHAVES [S01]","http://tjtor8411.com:80/Osiel123/Felicidade321/137139.ts","No data (insufficient stream data: 235 bytes)",328
Dead,"BR – 24H","[24H] CHAVES [S02]","http://tjtor8411.com:80/Osiel123/Felicidade321/137140.ts","No data (insufficient stream data: 235 bytes)",252
Dead,"BR – 24H","[24H] CHAVES [S03]","http://tjtor8411.com:80/Osiel123/Felicidade321/137141.ts","No data (insufficient stream data: 235 bytes)",308
Dead,"BR – 24H","[24H] CHAVES [S04]","http://tjtor8411.com:80/Osiel123/Felicidade321/137142.ts","No data (insufficient stream data: 235 bytes)",412
Dead,"BR – 24H","[24H] CHAVES [S05]","http://tjtor8411.com:80/Osiel123/Felicidade321/137143.ts","No data (insufficient stream data: 235 bytes)",407
Dead,"BR – 24H","[24H] CHAVES [S06]","http://tjtor8411.com:80/Osiel123/Felicidade321/137144.ts","No data (insufficient stream data: 235 bytes)",370
Dead,"BR – 24H","[24H] CHAVES [S07]","http://tjtor8411.com:80/Osiel123/Felicidade321/137145.ts","No data (insufficient stream data: 235 bytes)",374
Dead,"BR – 24H","[24H] CHAVES EM DESENHO ANIMADO","http://tjtor8411.com:80/Osiel123/Felicidade321/140735.ts","No data (insufficient stream data: 235 bytes)",516
Dead,"BR – 24H","[24H] CHESAPEAKE SHORES","http://tjtor8411.com:80/Osiel123/Felicidade321/139306.ts","No data (insufficient stream data: 235 bytes)",371
Dead,"BR – 24H","[24H] CHUCK NORRIS O HOMEM DA LEI [S01]","http://tjtor8411.com:80/Osiel123/Felicidade321/138780.ts","No data (insufficient stream data: 235 bytes)",1290
Dead,"BR – 24H","[24H] CHUCK NORRIS O HOMEM DA LEI [S02]","http://tjtor8411.com:80/Osiel123/Felicidade321/138781.ts","No data (insufficient stream data: 235 bytes)",618
Dead,"BR – 24H","[24H] CHUCK NORRIS O HOMEM DA LEI [S03]","http://tjtor8411.com:80/Osiel123/Felicidade321/138782.ts","No data (insufficient stream data: 235 bytes)",438
Dead,"BR – 24H","[24H] CHUCK NORRIS O HOMEM DA LEI [S04]","http://tjtor8411.com:80/Osiel123/Felicidade321/138783.ts","No data (insufficient stream data: 235 bytes)",375
Dead,"BR – 24H","[24H] CHUCK NORRIS O HOMEM DA LEI [S05]","http://tjtor8411.com:80/Osiel123/Felicidade321/138784.ts","No data (insufficient stream data: 235 bytes)",777
Dead,"BR – 24H","[24H] CHUCK NORRIS O HOMEM DA LEI [S06]","http://tjtor8411.com:80/Osiel123/Felicidade321/138785.ts","No data (insufficient stream data: 235 bytes)",386
Dead,"BR – 24H","[24H] CHUCK NORRIS O HOMEM DA LEI [S07]","http://tjtor8411.com:80/Osiel123/Felicidade321/138786.ts","No data (insufficient stream data: 235 bytes)",564
Dead,"BR – 24H","[24H] CHUCK NORRIS O HOMEM DA LEI [S08]","http://tjtor8411.com:80/Osiel123/Felicidade321/138787.ts","No data (insufficient stream data: 235 bytes)",477
Dead,"BR – 24H","[24H] CHUCK NORRIS O HOMEM DA LEI [S09] [L]","http://tjtor8411.com:80/Osiel123/Felicidade321/150497.ts","No data (insufficient stream data: 235 bytes)",422
Dead,"BR – 24H","[24H] CIRURGIOES NO LIMITE DA VIDA","http://tjtor8411.com:80/Osiel123/Felicidade321/254766.ts","No data (insufficient stream data: 235 bytes)",406
Dead,"BR – 24H","[24H] COBRA KAI [S01]","http://tjtor8411.com:80/Osiel123/Felicidade321/138712.ts","No data (insufficient stream data: 235 bytes)",409
Dead,"BR – 24H","[24H] COBRA KAI [S02]","http://tjtor8411.com:80/Osiel123/Felicidade321/138713.ts","No data (insufficient stream data: 235 bytes)",338
Dead,"BR – 24H","[24H] COBRA KAI [S03]","http://tjtor8411.com:80/Osiel123/Felicidade321/138714.ts","No data (insufficient stream data: 235 bytes)",350
Dead,"BR – 24H","[24H] COMO DEFENDER UM ASSASSINO [S01]","http://tjtor8411.com:80/Osiel123/Felicidade321/139288.ts","No data (insufficient stream data: 235 bytes)",384
Dead,"BR – 24H","[24H] COMO DEFENDER UM ASSASSINO [S02]","http://tjtor8411.com:80/Osiel123/Felicidade321/139289.ts","No data (insufficient stream data: 235 bytes)",426
Dead,"BR – 24H","[24H] COMO DEFENDER UM ASSASSINO [S03]","http://tjtor8411.com:80/Osiel123/Felicidade321/139290.ts","No data (insufficient stream data: 235 bytes)",478
Dead,"BR – 24H","[24H] COMO DEFENDER UM ASSASSINO [S04]","http://tjtor8411.com:80/Osiel123/Felicidade321/139291.ts","No data (insufficient stream data: 235 bytes)",485
Dead,"BR – 24H","[24H] COMO DEFENDER UM ASSASSINO [S05]","http://tjtor8411.com:80/Osiel123/Felicidade321/139292.ts","No data (insufficient stream data: 235 bytes)",298
Dead,"BR – 24H","[24H] COMO DEFENDER UM ASSASSINO [S06]","http://tjtor8411.com:80/Osiel123/Felicidade321/139293.ts","No data (insufficient stream data: 235 bytes)",464
Dead,"BR – 24H","[24H] COMO EU CONHECI SUA MAE [S01]","http://tjtor8411.com:80/Osiel123/Felicidade321/139279.ts","No data (insufficient stream data: 235 bytes)",477
Dead,"BR – 24H","[24H] COMO EU CONHECI SUA MAE [S02]","http://tjtor8411.com:80/Osiel123/Felicidade321/139280.ts","No data (insufficient stream data: 235 bytes)",424
Dead,"BR – 24H","[24H] COMO EU CONHECI SUA MAE [S03]","http://tjtor8411.com:80/Osiel123/Felicidade321/139281.ts","No data (insufficient stream data: 235 bytes)",402
Dead,"BR – 24H","[24H] COMO EU CONHECI SUA MAE [S04]","http://tjtor8411.com:80/Osiel123/Felicidade321/139282.ts","No data (insufficient stream data: 235 bytes)",431
Dead,"BR – 24H","[24H] COMO EU CONHECI SUA MAE [S05]","http://tjtor8411.com:80/Osiel123/Felicidade321/139283.ts","No data (insufficient stream data: 235 bytes)",495
Dead,"BR – 24H","[24H] COMO EU CONHECI SUA MAE [S06]","http://tjtor8411.com:80/Osiel123/Felicidade321/139284.ts","No data (insufficient stream data: 235 bytes)",468
Dead,"BR – 24H","[24H] COMO EU CONHECI SUA MAE [S07]","http://tjtor8411.com:80/Osiel123/Felicidade321/139285.ts","No data (insufficient stream data: 235 bytes)",347
Dead,"BR – 24H","[24H] COMO EU CONHECI SUA MAE [S08]","http://tjtor8411.com:80/Osiel123/Felicidade321/139286.ts","No data (insufficient stream data: 235 bytes)",426
Dead,"BR – 24H","[24H] COMO EU CONHECI SUA MAE [S09]","http://tjtor8411.com:80/Osiel123/Felicidade321/139287.ts","No data (insufficient stream data: 235 bytes)",454
Dead,"BR – 24H","[24H] COMO FUNCIONA O UNIVERSO","http://tjtor8411.com:80/Osiel123/Felicidade321/140736.ts","No data (insufficient stream data: 235 bytes)",436
Dead,"BR – 24H","[24H] CONAN: O MENINO DO FUTURO","http://tjtor8411.com:80/Osiel123/Felicidade321/371452.ts","No data (insufficient stream data: 235 bytes)",467
Dead,"BR – 24H","[24H] COSMOS MUNDOS POSSIVEIS","http://tjtor8411.com:80/Osiel123/Felicidade321/140780.ts","No data (insufficient stream data: 235 bytes)",550
Dead,"BR – 24H","[24H] CRIADORES DE DIVERSAO","http://tjtor8411.com:80/Osiel123/Felicidade321/151618.ts","No data (insufficient stream data: 235 bytes)",633
Dead,"BR – 24H","[24H] DANI SE","http://tjtor8411.com:80/Osiel123/Felicidade321/140781.ts","No data (insufficient stream data: 235 bytes)",441
Dead,"BR – 24H","[24H] DENNIS O PIMENTINHA","http://tjtor8411.com:80/Osiel123/Felicidade321/135500.ts","No data (insufficient stream data: 235 bytes)",436
Dead,"BR – 24H","[24H] DOIS HOMENS E MEIO [S01]","http://tjtor8411.com:80/Osiel123/Felicidade321/137623.ts","No data (insufficient stream data: 235 bytes)",411
Dead,"BR – 24H","[24H] DOIS HOMENS E MEIO [S02]","http://tjtor8411.com:80/Osiel123/Felicidade321/137624.ts","No data (insufficient stream data: 235 bytes)",429
Dead,"BR – 24H","[24H] DOIS HOMENS E MEIO [S03]","http://tjtor8411.com:80/Osiel123/Felicidade321/137625.ts","No data (insufficient stream data: 235 bytes)",365
Dead,"BR – 24H","[24H] DOIS HOMENS E MEIO [S04]","http://tjtor8411.com:80/Osiel123/Felicidade321/137626.ts","No data (insufficient stream data: 235 bytes)",392
Dead,"BR – 24H","[24H] DOIS HOMENS E MEIO [S05]","http://tjtor8411.com:80/Osiel123/Felicidade321/137627.ts","No data (insufficient stream data: 235 bytes)",525
Dead,"BR – 24H","[24H] DOIS HOMENS E MEIO [S06]","http://tjtor8411.com:80/Osiel123/Felicidade321/137628.ts","No data (insufficient stream data: 235 bytes)",393
Dead,"BR – 24H","[24H] DOIS HOMENS E MEIO [S07]","http://tjtor8411.com:80/Osiel123/Felicidade321/137629.ts","No data (insufficient stream data: 235 bytes)",353
Dead,"BR – 24H","[24H] DOIS HOMENS E MEIO [S08]","http://tjtor8411.com:80/Osiel123/Felicidade321/137630.ts","No data (insufficient stream data: 235 bytes)",382
Dead,"BR – 24H","[24H] DOIS HOMENS E MEIO [S09]","http://tjtor8411.com:80/Osiel123/Felicidade321/137631.ts","No data (insufficient stream data: 235 bytes)",365
Dead,"BR – 24H","[24H] DOIS HOMENS E MEIO [S10]","http://tjtor8411.com:80/Osiel123/Felicidade321/137632.ts","No data (insufficient stream data: 235 bytes)",309
Dead,"BR – 24H","[24H] DOIS HOMENS E MEIO [S11]","http://tjtor8411.com:80/Osiel123/Felicidade321/137633.ts","No data (insufficient stream data: 235 bytes)",380
Dead,"BR – 24H","[24H] DOIS HOMENS E MEIO [S12]","http://tjtor8411.com:80/Osiel123/Felicidade321/137634.ts","No data (insufficient stream data: 235 bytes)",384
Dead,"BR – 24H","[24H] DONAS DE CASA DESESPERADAS","http://tjtor8411.com:80/Osiel123/Felicidade321/138789.ts","No data (insufficient stream data: 235 bytes)",344
Dead,"BR – 24H","[24H] DORA AVENTUREIRA","http://tjtor8411.com:80/Osiel123/Felicidade321/151949.ts","No data (insufficient stream data: 235 bytes)",314
Dead,"BR – 24H","[24H] DOUG","http://tjtor8411.com:80/Osiel123/Felicidade321/135552.ts","No data (insufficient stream data: 235 bytes)",341
Dead,"BR – 24H","[24H] DOUG O ROBO CURIOSO","http://tjtor8411.com:80/Osiel123/Felicidade321/306843.ts","No data (insufficient stream data: 235 bytes)",539
Dead,"BR – 24H","[24H] DRA MERCY ALEM DA PELE","http://tjtor8411.com:80/Osiel123/Felicidade321/306844.ts","No data (insufficient stream data: 235 bytes)",364
Dead,"BR – 24H","[24H] DRA. EMMA UMA QUESTAO DE PELE","http://tjtor8411.com:80/Osiel123/Felicidade321/254760.ts","No data (insufficient stream data: 235 bytes)",338
Dead,"BR – 24H","[24H] DRA. JOYA DERMATOLOGISTA ANIMAL","http://tjtor8411.com:80/Osiel123/Felicidade321/254761.ts","No data (insufficient stream data: 235 bytes)",309
Dead,"BR – 24H","[24H] DRA. SANDRA LEE A RAINHA DOS CRAVOS","http://tjtor8411.com:80/Osiel123/Felicidade321/254762.ts","No data (insufficient stream data: 235 bytes)",339
Dead,"BR – 24H","[24H] DRAGÕES: A SÉRIE","http://tjtor8411.com:80/Osiel123/Felicidade321/371453.ts","No data (insufficient stream data: 235 bytes)",413
Dead,"BR – 24H","[24H] DRAKE E JOSH","http://tjtor8411.com:80/Osiel123/Felicidade321/137622.ts","No data (insufficient stream data: 235 bytes)",452
Dead,"BR – 24H","[24H] EI ARNOLD","http://tjtor8411.com:80/Osiel123/Felicidade321/138946.ts","No data (insufficient stream data: 235 bytes)",283
Dead,"BR – 24H","[24H] ER PLANTAO MEDICO [S01]","http://tjtor8411.com:80/Osiel123/Felicidade321/138050.ts","No data (insufficient stream data: 235 bytes)",244
Dead,"BR – 24H","[24H] ER PLANTAO MEDICO [S02]","http://tjtor8411.com:80/Osiel123/Felicidade321/138051.ts","No data (insufficient stream data: 235 bytes)",415
Dead,"BR – 24H","[24H] ER PLANTAO MEDICO [S03]","http://tjtor8411.com:80/Osiel123/Felicidade321/138052.ts","No data (insufficient stream data: 235 bytes)",335
Dead,"BR – 24H","[24H] ER PLANTAO MEDICO [S04]","http://tjtor8411.com:80/Osiel123/Felicidade321/138053.ts","No data (insufficient stream data: 235 bytes)",349
Dead,"BR – 24H","[24H] ER PLANTAO MEDICO [S05]","http://tjtor8411.com:80/Osiel123/Felicidade321/138054.ts","No data (insufficient stream data: 235 bytes)",269
Dead,"BR – 24H","[24H] ER PLANTAO MEDICO [S06]","http://tjtor8411.com:80/Osiel123/Felicidade321/138055.ts","No data (insufficient stream data: 235 bytes)",353
Dead,"BR – 24H","[24H] ER PLANTAO MEDICO [S07]","http://tjtor8411.com:80/Osiel123/Felicidade321/138056.ts","No data (insufficient stream data: 235 bytes)",421
Dead,"BR – 24H","[24H] ER PLANTAO MEDICO [S08]","http://tjtor8411.com:80/Osiel123/Felicidade321/138057.ts","No data (insufficient stream data: 235 bytes)",409
Dead,"BR – 24H","[24H] ER PLANTAO MEDICO [S09]","http://tjtor8411.com:80/Osiel123/Felicidade321/138058.ts","No data (insufficient stream data: 235 bytes)",429
Dead,"BR – 24H","[24H] ER PLANTAO MEDICO [S10]","http://tjtor8411.com:80/Osiel123/Felicidade321/138059.ts","No data (insufficient stream data: 235 bytes)",287
Dead,"BR – 24H","[24H] ER PLANTAO MEDICO [S11]","http://tjtor8411.com:80/Osiel123/Felicidade321/138060.ts","No data (insufficient stream data: 235 bytes)",306
Dead,"BR – 24H","[24H] ER PLANTAO MEDICO [S12]","http://tjtor8411.com:80/Osiel123/Felicidade321/138061.ts","No data (insufficient stream data: 235 bytes)",450
Dead,"BR – 24H","[24H] ER PLANTAO MEDICO [S13]","http://tjtor8411.com:80/Osiel123/Felicidade321/138062.ts","No data (insufficient stream data: 235 bytes)",303
Dead,"BR – 24H","[24H] ER PLANTAO MEDICO [S14]","http://tjtor8411.com:80/Osiel123/Felicidade321/138063.ts","No data (insufficient stream data: 235 bytes)",383
Dead,"BR – 24H","[24H] ER PLANTAO MEDICO [S15]","http://tjtor8411.com:80/Osiel123/Felicidade321/138064.ts","No data (insufficient stream data: 235 bytes)",392
Dead,"BR – 24H","[24H] ESCOLINHA DO PROFESSOR RAIMUNDO","http://tjtor8411.com:80/Osiel123/Felicidade321/137611.ts","No data (insufficient stream data: 235 bytes)",587
Dead,"BR – 24H","[24H] ESCOLINHA DO PROFESSOR RAIMUNDO NOVA GERACAO [S01]","http://tjtor8411.com:80/Osiel123/Felicidade321/138028.ts","No data (insufficient stream data: 235 bytes)",385
Dead,"BR – 24H","[24H] ESCOLINHA DO PROFESSOR RAIMUNDO NOVA GERACAO [S02]","http://tjtor8411.com:80/Osiel123/Felicidade321/138029.ts","No data (insufficient stream data: 235 bytes)",413
Dead,"BR – 24H","[24H] ESCOLINHA DO PROFESSOR RAIMUNDO NOVA GERACAO [S03]","http://tjtor8411.com:80/Osiel123/Felicidade321/138030.ts","No data (insufficient stream data: 235 bytes)",472
Dead,"BR – 24H","[24H] ESCOLINHA DO PROFESSOR RAIMUNDO NOVA GERACAO [S04]","http://tjtor8411.com:80/Osiel123/Felicidade321/138031.ts","No data (insufficient stream data: 235 bytes)",482
Dead,"BR – 24H","[24H] ESCOLINHA DO PROFESSOR RAIMUNDO NOVA GERACAO [S05]","http://tjtor8411.com:80/Osiel123/Felicidade321/138032.ts","No data (insufficient stream data: 235 bytes)",495
Dead,"BR – 24H","[24H] ESCOLINHA DO PROFESSOR RAIMUNDO NOVA GERACAO [S06]","http://tjtor8411.com:80/Osiel123/Felicidade321/138033.ts","No data (insufficient stream data: 235 bytes)",592
Dead,"BR – 24H","[24H] ESQUADRAO ESPECIAL WINSPECTOR","http://tjtor8411.com:80/Osiel123/Felicidade321/156654.ts","No data (insufficient stream data: 235 bytes)",412
Dead,"BR – 24H","[24H] ESQUADRAO RELAMPAGO CHANGEMAN","http://tjtor8411.com:80/Osiel123/Felicidade321/138779.ts","No data (insufficient stream data: 235 bytes)",413
Dead,"BR – 24H","[24H] EU A PATROA E AS CRIANCAS [S01]","http://tjtor8411.com:80/Osiel123/Felicidade321/138020.ts","No data (insufficient stream data: 235 bytes)",333
Dead,"BR – 24H","[24H] EU A PATROA E AS CRIANCAS [S02]","http://tjtor8411.com:80/Osiel123/Felicidade321/138021.ts","No data (insufficient stream data: 235 bytes)",329
Dead,"BR – 24H","[24H] EU A PATROA E AS CRIANCAS [S03]","http://tjtor8411.com:80/Osiel123/Felicidade321/138022.ts","No data (insufficient stream data: 235 bytes)",205
Dead,"BR – 24H","[24H] EU A PATROA E AS CRIANCAS [S04]","http://tjtor8411.com:80/Osiel123/Felicidade321/138023.ts","No data (insufficient stream data: 235 bytes)",466
Dead,"BR – 24H","[24H] EU A PATROA E AS CRIANCAS [S05]","http://tjtor8411.com:80/Osiel123/Felicidade321/138024.ts","No data (insufficient stream data: 235 bytes)",397
Dead,"BR – 24H","[24H] FAREJANDO NOVOS MUNDOS","http://tjtor8411.com:80/Osiel123/Felicidade321/139274.ts","No data (insufficient stream data: 235 bytes)",416
Dead,"BR – 24H","[24H] FERINHA E A FABRICA DE TUDO","http://tjtor8411.com:80/Osiel123/Felicidade321/306846.ts","No data (insufficient stream data: 235 bytes)",410
Dead,"BR – 24H","[24H] FILHOS DA ANARQUIA [S01]","http://tjtor8411.com:80/Osiel123/Felicidade321/371483.ts","No data (insufficient stream data: 235 bytes)",425
Dead,"BR – 24H","[24H] FILHOS DA ANARQUIA [S02]","http://tjtor8411.com:80/Osiel123/Felicidade321/371484.ts","No data (insufficient stream data: 235 bytes)",468
Dead,"BR – 24H","[24H] FILHOS DA ANARQUIA [S03]","http://tjtor8411.com:80/Osiel123/Felicidade321/371485.ts","No data (insufficient stream data: 235 bytes)",455
Dead,"BR – 24H","[24H] FILHOS DA ANARQUIA [S04]","http://tjtor8411.com:80/Osiel123/Felicidade321/371486.ts","No data (insufficient stream data: 235 bytes)",382
Dead,"BR – 24H","[24H] FILHOS DA ANARQUIA [S05]","http://tjtor8411.com:80/Osiel123/Felicidade321/371487.ts","No data (insufficient stream data: 235 bytes)",360
Dead,"BR – 24H","[24H] FILHOS DA ANARQUIA [S06]","http://tjtor8411.com:80/Osiel123/Felicidade321/371488.ts","No data (insufficient stream data: 235 bytes)",319
Dead,"BR – 24H","[24H] FILHOS DA ANARQUIA [S07]","http://tjtor8411.com:80/Osiel123/Felicidade321/371489.ts","No data (insufficient stream data: 235 bytes)",391
Dead,"BR – 24H","[24H] FOLHA MÁGICA","http://tjtor8411.com:80/Osiel123/Felicidade321/371454.ts","No data (insufficient stream data: 235 bytes)",410
Dead,"BR – 24H","[24H] FOOD TRUCK - A BATALHA [S01]","http://tjtor8411.com:80/Osiel123/Felicidade321/375072.ts","No data (insufficient stream data: 235 bytes)",380
Dead,"BR – 24H","[24H] FORMIGA ATOMICA","http://tjtor8411.com:80/Osiel123/Felicidade321/135545.ts","No data (insufficient stream data: 235 bytes)",414
Dead,"BR – 24H","[24H] FORMULA 1 DIRIGIR PARA VIVER","http://tjtor8411.com:80/Osiel123/Felicidade321/152015.ts","No data (insufficient stream data: 235 bytes)",556
Dead,"BR – 24H","[24H] FREAKAZOID ALTO FORTE E MALUCO","http://tjtor8411.com:80/Osiel123/Felicidade321/162374.ts","No data (insufficient stream data: 235 bytes)",459
Dead,"BR – 24H","[24H] FRIENDS [S01]","http://tjtor8411.com:80/Osiel123/Felicidade321/138814.ts","No data (insufficient stream data: 235 bytes)",343
Dead,"BR – 24H","[24H] FRIENDS [S02]","http://tjtor8411.com:80/Osiel123/Felicidade321/138815.ts","No data (insufficient stream data: 235 bytes)",394
Dead,"BR – 24H","[24H] FRIENDS [S03]","http://tjtor8411.com:80/Osiel123/Felicidade321/138816.ts","No data (insufficient stream data: 235 bytes)",307
Dead,"BR – 24H","[24H] FRIENDS [S04]","http://tjtor8411.com:80/Osiel123/Felicidade321/138817.ts","No data (insufficient stream data: 235 bytes)",217
Dead,"BR – 24H","[24H] FRIENDS [S05]","http://tjtor8411.com:80/Osiel123/Felicidade321/138818.ts","No data (insufficient stream data: 235 bytes)",286
Dead,"BR – 24H","[24H] FRIENDS [S06]","http://tjtor8411.com:80/Osiel123/Felicidade321/138819.ts","No data (insufficient stream data: 235 bytes)",420
Dead,"BR – 24H","[24H] FRIENDS [S07]","http://tjtor8411.com:80/Osiel123/Felicidade321/138820.ts","No data (insufficient stream data: 235 bytes)",331
Dead,"BR – 24H","[24H] FRIENDS [S08]","http://tjtor8411.com:80/Osiel123/Felicidade321/138821.ts","No data (insufficient stream data: 235 bytes)",444
Dead,"BR – 24H","[24H] FRIENDS [S09]","http://tjtor8411.com:80/Osiel123/Felicidade321/138822.ts","No data (insufficient stream data: 235 bytes)",442
Dead,"BR – 24H","[24H] FRIENDS [S10]","http://tjtor8411.com:80/Osiel123/Felicidade321/138823.ts","No data (insufficient stream data: 235 bytes)",356
Dead,"BR – 24H","[24H] FUTEBOL DE RUA","http://tjtor8411.com:80/Osiel123/Felicidade321/306847.ts","No data (insufficient stream data: 235 bytes)",277
Dead,"BR – 24H","[24H] GAME OF THRONES [S01]","http://tjtor8411.com:80/Osiel123/Felicidade321/135534.ts","No data (insufficient stream data: 235 bytes)",436
Dead,"BR – 24H","[24H] GAME OF THRONES [S02]","http://tjtor8411.com:80/Osiel123/Felicidade321/135533.ts","No data (insufficient stream data: 235 bytes)",384
Dead,"BR – 24H","[24H] GAME OF THRONES [S03]","http://tjtor8411.com:80/Osiel123/Felicidade321/135532.ts","No data (insufficient stream data: 235 bytes)",255
Dead,"BR – 24H","[24H] GAME OF THRONES [S04]","http://tjtor8411.com:80/Osiel123/Felicidade321/135531.ts","No data (insufficient stream data: 235 bytes)",408
Dead,"BR – 24H","[24H] GAME OF THRONES [S05]","http://tjtor8411.com:80/Osiel123/Felicidade321/135530.ts","No data (insufficient stream data: 235 bytes)",345
Dead,"BR – 24H","[24H] GAME OF THRONES [S06]","http://tjtor8411.com:80/Osiel123/Felicidade321/135529.ts","No data (insufficient stream data: 235 bytes)",448
Dead,"BR – 24H","[24H] GAME OF THRONES [S07]","http://tjtor8411.com:80/Osiel123/Felicidade321/135528.ts","No data (insufficient stream data: 235 bytes)",341
Dead,"BR – 24H","[24H] GAME OF THRONES [S08]","http://tjtor8411.com:80/Osiel123/Felicidade321/135527.ts","No data (insufficient stream data: 235 bytes)",294
Dead,"BR – 24H","[24H] GAME SHAKERS [S01]","http://tjtor8411.com:80/Osiel123/Felicidade321/138007.ts","No data (insufficient stream data: 235 bytes)",427
Dead,"BR – 24H","[24H] GAME SHAKERS [S02]","http://tjtor8411.com:80/Osiel123/Felicidade321/138008.ts","No data (insufficient stream data: 235 bytes)",302
Dead,"BR – 24H","[24H] GAME SHAKERS [S03]","http://tjtor8411.com:80/Osiel123/Felicidade321/138009.ts","No data (insufficient stream data: 235 bytes)",375
Dead,"BR – 24H","[24H] GAROTA DA LUA E O DINOSSAURO DEMONIO","http://tjtor8411.com:80/Osiel123/Felicidade321/306848.ts","No data (insufficient stream data: 235 bytes)",365
Dead,"BR – 24H","[24H] GIGABLASTER","http://tjtor8411.com:80/Osiel123/Felicidade321/371455.ts","No data (insufficient stream data: 235 bytes)",327
Dead,"BR – 24H","[24H] GIGANTOSSAURO","http://tjtor8411.com:80/Osiel123/Felicidade321/225329.ts","No data (insufficient stream data: 235 bytes)",328
Dead,"BR – 24H","[24H] GLADIADORES DA NATUREZA","http://tjtor8411.com:80/Osiel123/Felicidade321/371456.ts","No data (insufficient stream data: 235 bytes)",300
Dead,"BR – 24H","[24H] GO GO LOSER RANGER","http://tjtor8411.com:80/Osiel123/Felicidade321/306835.ts","No data (insufficient stream data: 235 bytes)",295
Dead,"BR – 24H","[24H] GRIZZY E OS LEMMINGS","http://tjtor8411.com:80/Osiel123/Felicidade321/223844.ts","No data (insufficient stream data: 235 bytes)",222
Dead,"BR – 24H","[24H] GUS O PEQUENO CAVALEIRO","http://tjtor8411.com:80/Osiel123/Felicidade321/150112.ts","No data (insufficient stream data: 235 bytes)",357
Dead,"BR – 24H","[24H] HANNAH MONTANA","http://tjtor8411.com:80/Osiel123/Felicidade321/139272.ts","No data (insufficient stream data: 235 bytes)",337
Dead,"BR – 24H","[24H] HAPPY TREE FRIENDS","http://tjtor8411.com:80/Osiel123/Felicidade321/254756.ts","No data (insufficient stream data: 235 bytes)",382
Dead,"BR – 24H","[24H] HE MAN E OS DEFENSORES DO UNIVERSO","http://tjtor8411.com:80/Osiel123/Felicidade321/135514.ts","No data (insufficient stream data: 235 bytes)",397
Dead,"BR – 24H","[24H] HE MAN E OS MESTRES DO UNIVERSO","http://tjtor8411.com:80/Osiel123/Felicidade321/135516.ts","No data (insufficient stream data: 235 bytes)",493
Dead,"BR – 24H","[24H] HIGH SCHOOL MUSICAL A SERIE O MUSICAL [S01]","http://tjtor8411.com:80/Osiel123/Felicidade321/138709.ts","No data (insufficient stream data: 235 bytes)",407
Dead,"BR – 24H","[24H] HIGH SCHOOL MUSICAL A SERIE O MUSICAL [S02]","http://tjtor8411.com:80/Osiel123/Felicidade321/138710.ts","No data (insufficient stream data: 235 bytes)",387
Dead,"BR – 24H","[24H] HOMEM ARANHA DA MARVEL [S01]","http://tjtor8411.com:80/Osiel123/Felicidade321/155451.ts","No data (insufficient stream data: 235 bytes)",420
Dead,"BR – 24H","[24H] HOMEM ARANHA DA MARVEL [S02]","http://tjtor8411.com:80/Osiel123/Felicidade321/155452.ts","No data (insufficient stream data: 235 bytes)",435
Dead,"BR – 24H","[24H] HOMEM ARANHA DA MARVEL [S03]","http://tjtor8411.com:80/Osiel123/Felicidade321/155453.ts","No data (insufficient stream data: 235 bytes)",411
Dead,"BR – 24H","[24H] HORA DO RECREIO","http://tjtor8411.com:80/Osiel123/Felicidade321/139278.ts","No data (insufficient stream data: 235 bytes)",373
Dead,"BR – 24H","[24H] HOT WHEELS A BATALHA DA CUSTOMIZACAO","http://tjtor8411.com:80/Osiel123/Felicidade321/255233.ts","No data (insufficient stream data: 235 bytes)",338
Dead,"BR – 24H","[24H] HOTEL TRANSILVANIA A SERIE","http://tjtor8411.com:80/Osiel123/Felicidade321/135512.ts","No data (insufficient stream data: 235 bytes)",427
Dead,"BR – 24H","[24H] ICARLY (2021)","http://tjtor8411.com:80/Osiel123/Felicidade321/135455.ts","No data (insufficient stream data: 235 bytes)",342
Dead,"BR – 24H","[24H] ICARLY [S01]","http://tjtor8411.com:80/Osiel123/Felicidade321/135506.ts","No data (insufficient stream data: 235 bytes)",240
Dead,"BR – 24H","[24H] ICARLY [S02]","http://tjtor8411.com:80/Osiel123/Felicidade321/135507.ts","No data (insufficient stream data: 235 bytes)",412
Dead,"BR – 24H","[24H] ICARLY [S03]","http://tjtor8411.com:80/Osiel123/Felicidade321/135508.ts","No data (insufficient stream data: 235 bytes)",246
Dead,"BR – 24H","[24H] ICARLY [S04]","http://tjtor8411.com:80/Osiel123/Felicidade321/135509.ts","No data (insufficient stream data: 235 bytes)",299
Dead,"BR – 24H","[24H] ICARLY [S05]","http://tjtor8411.com:80/Osiel123/Felicidade321/135510.ts","No data (insufficient stream data: 235 bytes)",283
Dead,"BR – 24H","[24H] ICARLY [S06]","http://tjtor8411.com:80/Osiel123/Felicidade321/135511.ts","No data (insufficient stream data: 235 bytes)",280
Dead,"BR – 24H","[24H] ILHA DAS FORMAS","http://tjtor8411.com:80/Osiel123/Felicidade321/371457.ts","No data (insufficient stream data: 235 bytes)",317
Dead,"BR – 24H","[24H] IRMAOS A OBRA","http://tjtor8411.com:80/Osiel123/Felicidade321/140782.ts","No data (insufficient stream data: 235 bytes)",298
Dead,"BR – 24H","[24H] JEANNIE","http://tjtor8411.com:80/Osiel123/Felicidade321/152016.ts","No data (insufficient stream data: 235 bytes)",227
Dead,"BR – 24H","[24H] JELLYSTONE","http://tjtor8411.com:80/Osiel123/Felicidade321/156657.ts","No data (insufficient stream data: 235 bytes)",322
Dead,"BR – 24H","[24H] JESSIE [S01]","http://tjtor8411.com:80/Osiel123/Felicidade321/139294.ts","No data (insufficient stream data: 235 bytes)",207
Dead,"BR – 24H","[24H] JESSIE [S02]","http://tjtor8411.com:80/Osiel123/Felicidade321/139295.ts","No data (insufficient stream data: 235 bytes)",313
Dead,"BR – 24H","[24H] JESSIE [S03]","http://tjtor8411.com:80/Osiel123/Felicidade321/139296.ts","No data (insufficient stream data: 235 bytes)",334
Dead,"BR – 24H","[24H] JESSIE [S04]","http://tjtor8411.com:80/Osiel123/Felicidade321/139297.ts","No data (insufficient stream data: 235 bytes)",229
Dead,"BR – 24H","[24H] JOHNNY BRAVO","http://tjtor8411.com:80/Osiel123/Felicidade321/150495.ts","No data (insufficient stream data: 235 bytes)",381
Dead,"BR – 24H","[24H] JOHNNY TEST","http://tjtor8411.com:80/Osiel123/Felicidade321/139298.ts","No data (insufficient stream data: 235 bytes)",270
Dead,"BR – 24H","[24H] JONNY QUEST","http://tjtor8411.com:80/Osiel123/Felicidade321/149550.ts","No data (insufficient stream data: 235 bytes)",214
Dead,"BR – 24H","[24H] JORNADA NAS ESTRELAS ENTERPRISE [S01]","http://tjtor8411.com:80/Osiel123/Felicidade321/139300.ts","No data (insufficient stream data: 235 bytes)",211
Dead,"BR – 24H","[24H] JORNADA NAS ESTRELAS ENTERPRISE [S02]","http://tjtor8411.com:80/Osiel123/Felicidade321/139301.ts","No data (insufficient stream data: 235 bytes)",212
Dead,"BR – 24H","[24H] JORNADA NAS ESTRELAS ENTERPRISE [S03]","http://tjtor8411.com:80/Osiel123/Felicidade321/139302.ts","No data (insufficient stream data: 235 bytes)",407
Dead,"BR – 24H","[24H] JORNADA NAS ESTRELAS ENTERPRISE [S04]","http://tjtor8411.com:80/Osiel123/Felicidade321/139303.ts","No data (insufficient stream data: 235 bytes)",202
Dead,"BR – 24H","[24H] JOVEM SHELDON [S01]","http://tjtor8411.com:80/Osiel123/Felicidade321/137123.ts","No data (insufficient stream data: 235 bytes)",274
Dead,"BR – 24H","[24H] JOVEM SHELDON [S02]","http://tjtor8411.com:80/Osiel123/Felicidade321/137124.ts","No data (insufficient stream data: 235 bytes)",283
Dead,"BR – 24H","[24H] JOVEM SHELDON [S03]","http://tjtor8411.com:80/Osiel123/Felicidade321/137125.ts","No data (insufficient stream data: 235 bytes)",298
Dead,"BR – 24H","[24H] JOVEM SHELDON [S04]","http://tjtor8411.com:80/Osiel123/Felicidade321/137126.ts","No data (insufficient stream data: 235 bytes)",385
Dead,"BR – 24H","[24H] JOVEM SHELDON [S05]","http://tjtor8411.com:80/Osiel123/Felicidade321/137127.ts","No data (insufficient stream data: 235 bytes)",448
Dead,"BR – 24H","[24H] JOVENS CONSTRUTORES","http://tjtor8411.com:80/Osiel123/Felicidade321/138947.ts","No data (insufficient stream data: 235 bytes)",280
Dead,"BR – 24H","[24H] JURASSIC WORLD ACAMPAMENTO JURASSICO","http://tjtor8411.com:80/Osiel123/Felicidade321/135561.ts","No data (insufficient stream data: 235 bytes)",344
Dead,"BR – 24H","[24H] KENAN E KEL","http://tjtor8411.com:80/Osiel123/Felicidade321/138955.ts","No data (insufficient stream data: 235 bytes)",289
Dead,"BR – 24H","[24H] KEVIN PODE ESPERAR [S01]","http://tjtor8411.com:80/Osiel123/Felicidade321/139275.ts","No data (insufficient stream data: 235 bytes)",339
Dead,"BR – 24H","[24H] KEVIN PODE ESPERAR [S02]","http://tjtor8411.com:80/Osiel123/Felicidade321/139276.ts","No data (insufficient stream data: 235 bytes)",442
Dead,"BR – 24H","[24H] KICK BUTTOWSKI","http://tjtor8411.com:80/Osiel123/Felicidade321/140533.ts","No data (insufficient stream data: 235 bytes)",365
Dead,"BR – 24H","[24H] KIFF","http://tjtor8411.com:80/Osiel123/Felicidade321/223834.ts","No data (insufficient stream data: 235 bytes)",324
Dead,"BR – 24H","[24H] KIFF [2]","http://tjtor8411.com:80/Osiel123/Felicidade321/306850.ts","No data (insufficient stream data: 235 bytes)",265
Dead,"BR – 24H","[24H] KUNG FU PANDA LENDAS DO DRAGAO GUERREIRO","http://tjtor8411.com:80/Osiel123/Felicidade321/138948.ts","No data (insufficient stream data: 235 bytes)",236
Dead,"BR – 24H","[24H] KUNG FU PANDA O CAVALEIRO DRAGAO","http://tjtor8411.com:80/Osiel123/Felicidade321/166346.ts","No data (insufficient stream data: 235 bytes)",346
Dead,"BR – 24H","[24H] LAB RATS","http://tjtor8411.com:80/Osiel123/Felicidade321/138949.ts","No data (insufficient stream data: 235 bytes)",256
Dead,"BR – 24H","[24H] LADY NIGHT [S01]","http://tjtor8411.com:80/Osiel123/Felicidade321/149520.ts","No data (insufficient stream data: 235 bytes)",424
Dead,"BR – 24H","[24H] LADY NIGHT [S02]","http://tjtor8411.com:80/Osiel123/Felicidade321/149521.ts","No data (insufficient stream data: 235 bytes)",479
Dead,"BR – 24H","[24H] LADY NIGHT [S03]","http://tjtor8411.com:80/Osiel123/Felicidade321/149522.ts","No data (insufficient stream data: 235 bytes)",372
Dead,"BR – 24H","[24H] LADY NIGHT [S04]","http://tjtor8411.com:80/Osiel123/Felicidade321/149523.ts","No data (insufficient stream data: 235 bytes)",348
Dead,"BR – 24H","[24H] LADY NIGHT [S05]","http://tjtor8411.com:80/Osiel123/Felicidade321/149524.ts","No data (insufficient stream data: 235 bytes)",510
Dead,"BR – 24H","[24H] LADY NIGHT [S06]","http://tjtor8411.com:80/Osiel123/Felicidade321/149525.ts","No data (insufficient stream data: 235 bytes)",367
Dead,"BR – 24H","[24H] LARGADOS E PELADOS [S01]","http://tjtor8411.com:80/Osiel123/Felicidade321/145928.ts","No data (insufficient stream data: 235 bytes)",389
Dead,"BR – 24H","[24H] LARGADOS E PELADOS [S02]","http://tjtor8411.com:80/Osiel123/Felicidade321/145929.ts","No data (insufficient stream data: 235 bytes)",347
Dead,"BR – 24H","[24H] LARGADOS E PELADOS [S03]","http://tjtor8411.com:80/Osiel123/Felicidade321/145930.ts","No data (insufficient stream data: 235 bytes)",335
Dead,"BR – 24H","[24H] LARGADOS E PELADOS [S04]","http://tjtor8411.com:80/Osiel123/Felicidade321/145931.ts","No data (insufficient stream data: 235 bytes)",439
Dead,"BR – 24H","[24H] LARGADOS E PELADOS [S05]","http://tjtor8411.com:80/Osiel123/Felicidade321/145932.ts","No data (insufficient stream data: 235 bytes)",474
Dead,"BR – 24H","[24H] LARGADOS E PELADOS [S06]","http://tjtor8411.com:80/Osiel123/Felicidade321/145933.ts","No data (insufficient stream data: 235 bytes)",331
Dead,"BR – 24H","[24H] LARGADOS E PELADOS [S07]","http://tjtor8411.com:80/Osiel123/Felicidade321/145934.ts","No data (insufficient stream data: 235 bytes)",333
Dead,"BR – 24H","[24H] LARGADOS E PELADOS [S08]","http://tjtor8411.com:80/Osiel123/Felicidade321/145935.ts","No data (insufficient stream data: 235 bytes)",318
Dead,"BR – 24H","[24H] LARGADOS E PELADOS [S09]","http://tjtor8411.com:80/Osiel123/Felicidade321/145936.ts","No data (insufficient stream data: 235 bytes)",312
Dead,"BR – 24H","[24H] LARGADOS E PELADOS [S10]","http://tjtor8411.com:80/Osiel123/Felicidade321/145937.ts","No data (insufficient stream data: 235 bytes)",382
Dead,"BR – 24H","[24H] LARGADOS E PELADOS [S11]","http://tjtor8411.com:80/Osiel123/Felicidade321/145938.ts","No data (insufficient stream data: 235 bytes)",366
Dead,"BR – 24H","[24H] LARGADOS E PELADOS A TRIBO [S01]","http://tjtor8411.com:80/Osiel123/Felicidade321/140737.ts","No data (insufficient stream data: 235 bytes)",380
Dead,"BR – 24H","[24H] LARGADOS E PELADOS A TRIBO [S02]","http://tjtor8411.com:80/Osiel123/Felicidade321/140738.ts","No data (insufficient stream data: 235 bytes)",451
Dead,"BR – 24H","[24H] LARGADOS E PELADOS A TRIBO [S03]","http://tjtor8411.com:80/Osiel123/Felicidade321/140739.ts","No data (insufficient stream data: 235 bytes)",377
Dead,"BR – 24H","[24H] LARGADOS E PELADOS A TRIBO [S04]","http://tjtor8411.com:80/Osiel123/Felicidade321/140740.ts","No data (insufficient stream data: 235 bytes)",485
Dead,"BR – 24H","[24H] LARGADOS E PELADOS A TRIBO [S05]","http://tjtor8411.com:80/Osiel123/Felicidade321/140741.ts","No data (insufficient stream data: 235 bytes)",431
Dead,"BR – 24H","[24H] LARGADOS E PELADOS A TRIBO [S06]","http://tjtor8411.com:80/Osiel123/Felicidade321/145926.ts","No data (insufficient stream data: 235 bytes)",292
Dead,"BR – 24H","[24H] LARGADOS E PELADOS A TRIBO [S07]","http://tjtor8411.com:80/Osiel123/Felicidade321/145927.ts","No data (insufficient stream data: 235 bytes)",367
Dead,"BR – 24H","[24H] LARGADOS E PELADOS BRASIL [S01]","http://tjtor8411.com:80/Osiel123/Felicidade321/254763.ts","No data (insufficient stream data: 235 bytes)",364
Dead,"BR – 24H","[24H] LARGADOS E PELADOS BRASIL [S02]","http://tjtor8411.com:80/Osiel123/Felicidade321/254764.ts","No data (insufficient stream data: 235 bytes)",371
Dead,"BR – 24H","[24H] LARGADOS E PELADOS BRASIL [S03]","http://tjtor8411.com:80/Osiel123/Felicidade321/254765.ts","No data (insufficient stream data: 235 bytes)",337
Dead,"BR – 24H","[24H] LILO E STITCH A SERIE","http://tjtor8411.com:80/Osiel123/Felicidade321/306851.ts","No data (insufficient stream data: 235 bytes)",377
Dead,"BR – 24H","[24H] LOIS E CLARK AS NOVAS AVENTURAS DO SUPERMAN [S01]","http://tjtor8411.com:80/Osiel123/Felicidade321/135563.ts","No data (insufficient stream data: 235 bytes)",373
Dead,"BR – 24H","[24H] LOIS E CLARK AS NOVAS AVENTURAS DO SUPERMAN [S02]","http://tjtor8411.com:80/Osiel123/Felicidade321/135564.ts","No data (insufficient stream data: 235 bytes)",355
Dead,"BR – 24H","[24H] LOIS E CLARK AS NOVAS AVENTURAS DO SUPERMAN [S03]","http://tjtor8411.com:80/Osiel123/Felicidade321/135565.ts","No data (insufficient stream data: 235 bytes)",419
Dead,"BR – 24H","[24H] LOIS E CLARK AS NOVAS AVENTURAS DO SUPERMAN [S04]","http://tjtor8411.com:80/Osiel123/Felicidade321/135566.ts","No data (insufficient stream data: 235 bytes)",390
Dead,"BR – 24H","[24H] LOL: SE RIR, JÁ ERA!","http://tjtor8411.com:80/Osiel123/Felicidade321/371458.ts","No data (insufficient stream data: 235 bytes)",278
Dead,"BR – 24H","[24H] MANSOES EM FRENTE AO LAGO","http://tjtor8411.com:80/Osiel123/Felicidade321/306852.ts","No data (insufficient stream data: 235 bytes)",368
Dead,"BR – 24H","[24H] MARVELS M.O.D.O.K","http://tjtor8411.com:80/Osiel123/Felicidade321/136816.ts","No data (insufficient stream data: 235 bytes)",362
Dead,"BR – 24H","[24H] MASTERCHEF BRASIL [S01]","http://tjtor8411.com:80/Osiel123/Felicidade321/137146.ts","No data (insufficient stream data: 235 bytes)",397
Dead,"BR – 24H","[24H] MASTERCHEF BRASIL [S02]","http://tjtor8411.com:80/Osiel123/Felicidade321/137147.ts","No data (insufficient stream data: 235 bytes)",357
Dead,"BR – 24H","[24H] MASTERCHEF BRASIL [S03]","http://tjtor8411.com:80/Osiel123/Felicidade321/137148.ts","No data (insufficient stream data: 235 bytes)",293
Dead,"BR – 24H","[24H] MASTERCHEF BRASIL [S04]","http://tjtor8411.com:80/Osiel123/Felicidade321/137149.ts","No data (insufficient stream data: 235 bytes)",357
Dead,"BR – 24H","[24H] MASTERCHEF BRASIL [S05]","http://tjtor8411.com:80/Osiel123/Felicidade321/137150.ts","No data (insufficient stream data: 235 bytes)",387
Dead,"BR – 24H","[24H] MASTERCHEF BRASIL [S06]","http://tjtor8411.com:80/Osiel123/Felicidade321/137151.ts","No data (insufficient stream data: 235 bytes)",416
Dead,"BR – 24H","[24H] MASTERCHEF BRASIL [S07]","http://tjtor8411.com:80/Osiel123/Felicidade321/137152.ts","No data (insufficient stream data: 235 bytes)",437
Dead,"BR – 24H","[24H] MASTERCHEF BRASIL [S08]","http://tjtor8411.com:80/Osiel123/Felicidade321/137153.ts","No data (insufficient stream data: 235 bytes)",423
Dead,"BR – 24H","[24H] MEGA MAN POTENCIA MAXIMA","http://tjtor8411.com:80/Osiel123/Felicidade321/137128.ts","No data (insufficient stream data: 235 bytes)",383
Dead,"BR – 24H","[24H] MESTRE DO SABOR [S01]","http://tjtor8411.com:80/Osiel123/Felicidade321/137154.ts","No data (insufficient stream data: 235 bytes)",493
Dead,"BR – 24H","[24H] MESTRE DO SABOR [S02]","http://tjtor8411.com:80/Osiel123/Felicidade321/137155.ts","No data (insufficient stream data: 235 bytes)",400
Dead,"BR – 24H","[24H] MESTRE DO SABOR [S03]","http://tjtor8411.com:80/Osiel123/Felicidade321/137156.ts","No data (insufficient stream data: 235 bytes)",440
Dead,"BR – 24H","[24H] MESTRES DA SOBREVIVENCIA","http://tjtor8411.com:80/Osiel123/Felicidade321/137129.ts","No data (insufficient stream data: 235 bytes)",398
Dead,"BR – 24H","[24H] MESTRES DE FERRO","http://tjtor8411.com:80/Osiel123/Felicidade321/137157.ts","No data (insufficient stream data: 235 bytes)",403
Dead,"BR – 24H","[24H] MICKEY E DONALD","http://tjtor8411.com:80/Osiel123/Felicidade321/140742.ts","No data (insufficient stream data: 235 bytes)",314
Dead,"BR – 24H","[24H] MILO","http://tjtor8411.com:80/Osiel123/Felicidade321/162375.ts","No data (insufficient stream data: 235 bytes)",522
Dead,"BR – 24H","[24H] MINHAS AVENTURAS COM O SUPERMAN","http://tjtor8411.com:80/Osiel123/Felicidade321/223840.ts","No data (insufficient stream data: 235 bytes)",334
Dead,"BR – 24H","[24H] MISTER BRAU","http://tjtor8411.com:80/Osiel123/Felicidade321/138951.ts","No data (insufficient stream data: 235 bytes)",281
Dead,"BR – 24H","[24H] MOLANG","http://tjtor8411.com:80/Osiel123/Felicidade321/306854.ts","No data (insufficient stream data: 235 bytes)",311
Dead,"BR – 24H","[24H] MOMONSTROS","http://tjtor8411.com:80/Osiel123/Felicidade321/145379.ts","No data (insufficient stream data: 235 bytes)",342
Dead,"BR – 24H","[24H] MONSTRO DO AMOR","http://tjtor8411.com:80/Osiel123/Felicidade321/151620.ts","No data (insufficient stream data: 235 bytes)",368
Dead,"BR – 24H","[24H] MONSTROS NO TRABALHO","http://tjtor8411.com:80/Osiel123/Felicidade321/306855.ts","No data (insufficient stream data: 235 bytes)",362
Dead,"BR – 24H","[24H] MORTAL KOMBAT DEFENSORES DA TERRA","http://tjtor8411.com:80/Osiel123/Felicidade321/139299.ts","No data (insufficient stream data: 235 bytes)",311
Dead,"BR – 24H","[24H] MR. BEAN","http://tjtor8411.com:80/Osiel123/Felicidade321/223841.ts","No data (insufficient stream data: 235 bytes)",324
Dead,"BR – 24H","[24H] MR. BEAN A SERIE ANIMADA","http://tjtor8411.com:80/Osiel123/Felicidade321/223842.ts","No data (insufficient stream data: 235 bytes)",306
Dead,"BR – 24H","[24H] MUCHA LUCHA","http://tjtor8411.com:80/Osiel123/Felicidade321/138952.ts","No data (insufficient stream data: 235 bytes)",365
Dead,"BR – 24H","[24H] NÃO É UMA CAIXA","http://tjtor8411.com:80/Osiel123/Felicidade321/371459.ts","No data (insufficient stream data: 235 bytes)",301
Dead,"BR – 24H","[24H] NICKY RICKY DICKY E DAWN [S01]","http://tjtor8411.com:80/Osiel123/Felicidade321/145939.ts","No data (insufficient stream data: 235 bytes)",307
Dead,"BR – 24H","[24H] NICKY RICKY DICKY E DAWN [S02]","http://tjtor8411.com:80/Osiel123/Felicidade321/145940.ts","No data (insufficient stream data: 235 bytes)",341
Dead,"BR – 24H","[24H] NICKY RICKY DICKY E DAWN [S03]","http://tjtor8411.com:80/Osiel123/Felicidade321/145941.ts","No data (insufficient stream data: 235 bytes)",319
Dead,"BR – 24H","[24H] NICKY RICKY DICKY E DAWN [S04]","http://tjtor8411.com:80/Osiel123/Felicidade321/145942.ts","No data (insufficient stream data: 235 bytes)",324
Dead,"BR – 24H","[24H] NILBA E OS DESASTRONAUTAS","http://tjtor8411.com:80/Osiel123/Felicidade321/223843.ts","No data (insufficient stream data: 235 bytes)",348
Dead,"BR – 24H","[24H] O ACAMPAMENTO DE LAZLO","http://tjtor8411.com:80/Osiel123/Felicidade321/150113.ts","No data (insufficient stream data: 235 bytes)",323
Dead,"BR – 24H","[24H] O AQUARIO","http://tjtor8411.com:80/Osiel123/Felicidade321/306856.ts","No data (insufficient stream data: 235 bytes)",343
Dead,"BR – 24H","[24H] O CHEFINHO DE VOLTA AOS NEGOCIOS","http://tjtor8411.com:80/Osiel123/Felicidade321/138953.ts","No data (insufficient stream data: 235 bytes)",315
Dead,"BR – 24H","[24H] O FANTASTICO MUNDO DE BOBBY","http://tjtor8411.com:80/Osiel123/Felicidade321/138940.ts","No data (insufficient stream data: 235 bytes)",345
Dead,"BR – 24H","[24H] O MASKARA","http://tjtor8411.com:80/Osiel123/Felicidade321/145380.ts","No data (insufficient stream data: 235 bytes)",345
Dead,"BR – 24H","[24H] O MUNDO [SEM FILTRO] DE ANY MALU [S01]","http://tjtor8411.com:80/Osiel123/Felicidade321/375079.ts","No data (insufficient stream data: 235 bytes)",321
Dead,"BR – 24H","[24H] O MUNDO DE GREG [S01]","http://tjtor8411.com:80/Osiel123/Felicidade321/375073.ts","No data (insufficient stream data: 235 bytes)",314
Dead,"BR – 24H","[24H] O MUNDO DE GREG [S02]","http://tjtor8411.com:80/Osiel123/Felicidade321/375074.ts","No data (insufficient stream data: 235 bytes)",317
Dead,"BR – 24H","[24H] O MUNDO DE GREG [S03]","http://tjtor8411.com:80/Osiel123/Felicidade321/375075.ts","No data (insufficient stream data: 235 bytes)",321
Dead,"BR – 24H","[24H] O MUNDO DE GREG [S04]","http://tjtor8411.com:80/Osiel123/Felicidade321/375076.ts","No data (insufficient stream data: 235 bytes)",315
Dead,"BR – 24H","[24H] O MUNDO DE GREG [S05]","http://tjtor8411.com:80/Osiel123/Felicidade321/375077.ts","No data (insufficient stream data: 235 bytes)",294
Dead,"BR – 24H","[24H] O MUNDO DE GREG [S06]","http://tjtor8411.com:80/Osiel123/Felicidade321/375078.ts","No data (insufficient stream data: 235 bytes)",292
Dead,"BR – 24H","[24H] O RANCHO [S01]","http://tjtor8411.com:80/Osiel123/Felicidade321/138956.ts","No data (insufficient stream data: 235 bytes)",316
Dead,"BR – 24H","[24H] O RANCHO [S02]","http://tjtor8411.com:80/Osiel123/Felicidade321/138957.ts","No data (insufficient stream data: 235 bytes)",314
Dead,"BR – 24H","[24H] O RANCHO [S03]","http://tjtor8411.com:80/Osiel123/Felicidade321/138958.ts","No data (insufficient stream data: 235 bytes)",308
Dead,"BR – 24H","[24H] O RANCHO [S04]","http://tjtor8411.com:80/Osiel123/Felicidade321/138959.ts","No data (insufficient stream data: 235 bytes)",282
Dead,"BR – 24H","[24H] O SOCIO","http://tjtor8411.com:80/Osiel123/Felicidade321/137167.ts","No data (insufficient stream data: 235 bytes)",328
Dead,"BR – 24H","[24H] ODO","http://tjtor8411.com:80/Osiel123/Felicidade321/150491.ts","No data (insufficient stream data: 235 bytes)",306
Dead,"BR – 24H","[24H] OPERACAO BIG HERO","http://tjtor8411.com:80/Osiel123/Felicidade321/137430.ts","No data (insufficient stream data: 235 bytes)",270
Dead,"BR – 24H","[24H] OPERACAO FRONTEIRA AMERICA DO SUL","http://tjtor8411.com:80/Osiel123/Felicidade321/139304.ts","No data (insufficient stream data: 235 bytes)",287
Dead,"BR – 24H","[24H] OPERACAO FRONTEIRA BRASIL [S01]","http://tjtor8411.com:80/Osiel123/Felicidade321/254770.ts","No data (insufficient stream data: 235 bytes)",274
Dead,"BR – 24H","[24H] OPERACAO FRONTEIRA BRASIL [S02]","http://tjtor8411.com:80/Osiel123/Felicidade321/254771.ts","No data (insufficient stream data: 235 bytes)",283
Dead,"BR – 24H","[24H] OPERACAO FRONTEIRA BRASIL [S03]","http://tjtor8411.com:80/Osiel123/Felicidade321/254772.ts","No data (insufficient stream data: 235 bytes)",264
Dead,"BR – 24H","[24H] OPERACAO FRONTEIRA ESPANHA [S01]","http://tjtor8411.com:80/Osiel123/Felicidade321/254773.ts","No data (insufficient stream data: 235 bytes)",289
Dead,"BR – 24H","[24H] OPERACAO FRONTEIRA ESPANHA [S02]","http://tjtor8411.com:80/Osiel123/Felicidade321/254774.ts","No data (insufficient stream data: 235 bytes)",327
Dead,"BR – 24H","[24H] OPERACAO FRONTEIRA ESPANHA [S04]","http://tjtor8411.com:80/Osiel123/Felicidade321/254775.ts","No data (insufficient stream data: 235 bytes)",268
Dead,"BR – 24H","[24H] OPERACAO FRONTEIRA ESPANHA [S05]","http://tjtor8411.com:80/Osiel123/Felicidade321/254776.ts","No data (insufficient stream data: 235 bytes)",290
Dead,"BR – 24H","[24H] OPERACAO FRONTEIRA ESPANHA [S06]","http://tjtor8411.com:80/Osiel123/Felicidade321/254777.ts","No data (insufficient stream data: 235 bytes)",324
Dead,"BR – 24H","[24H] OS APUROS DE PENÉLOPE CHARMOSA","http://tjtor8411.com:80/Osiel123/Felicidade321/162376.ts","No data (insufficient stream data: 235 bytes)",283
Dead,"BR – 24H","[24H] OS ASTRONAUTAS","http://tjtor8411.com:80/Osiel123/Felicidade321/137431.ts","No data (insufficient stream data: 235 bytes)",298
Dead,"BR – 24H","[24H] OS BUSBYS + 5","http://tjtor8411.com:80/Osiel123/Felicidade321/151622.ts","No data (insufficient stream data: 235 bytes)",251
Dead,"BR – 24H","[24H] OS FEITICEIROS DE WAVERLY PLACE [S01]","http://tjtor8411.com:80/Osiel123/Felicidade321/138960.ts","No data (insufficient stream data: 235 bytes)",257
Dead,"BR – 24H","[24H] OS FEITICEIROS DE WAVERLY PLACE [S02]","http://tjtor8411.com:80/Osiel123/Felicidade321/138961.ts","No data (insufficient stream data: 235 bytes)",296
Dead,"BR – 24H","[24H] OS FEITICEIROS DE WAVERLY PLACE [S03]","http://tjtor8411.com:80/Osiel123/Felicidade321/138962.ts","No data (insufficient stream data: 235 bytes)",346
Dead,"BR – 24H","[24H] OS FEITICEIROS DE WAVERLY PLACE [S04]","http://tjtor8411.com:80/Osiel123/Felicidade321/138963.ts","No data (insufficient stream data: 235 bytes)",352
Dead,"BR – 24H","[24H] OS GUERREIROS WASABI [S01]","http://tjtor8411.com:80/Osiel123/Felicidade321/137160.ts","No data (insufficient stream data: 235 bytes)",324
Dead,"BR – 24H","[24H] OS GUERREIROS WASABI [S02]","http://tjtor8411.com:80/Osiel123/Felicidade321/137161.ts","No data (insufficient stream data: 235 bytes)",267
Dead,"BR – 24H","[24H] OS GUERREIROS WASABI [S03]","http://tjtor8411.com:80/Osiel123/Felicidade321/137162.ts","No data (insufficient stream data: 235 bytes)",270
Dead,"BR – 24H","[24H] OS GUERREIROS WASABI [S04]","http://tjtor8411.com:80/Osiel123/Felicidade321/137163.ts","No data (insufficient stream data: 235 bytes)",342
Dead,"BR – 24H","[24H] OS HERCULOIDES","http://tjtor8411.com:80/Osiel123/Felicidade321/137164.ts","No data (insufficient stream data: 235 bytes)",293
Dead,"BR – 24H","[24H] OS HOMENS SAO DE MARTE... E E PRA LA QUE EU VOU [S01]","http://tjtor8411.com:80/Osiel123/Felicidade321/137169.ts","No data (insufficient stream data: 235 bytes)",277
Dead,"BR – 24H","[24H] OS HOMENS SAO DE MARTE... E E PRA LA QUE EU VOU [S02]","http://tjtor8411.com:80/Osiel123/Felicidade321/137170.ts","No data (insufficient stream data: 235 bytes)",318
Dead,"BR – 24H","[24H] OS HOMENS SAO DE MARTE... E E PRA LA QUE EU VOU [S03]","http://tjtor8411.com:80/Osiel123/Felicidade321/137171.ts","No data (insufficient stream data: 235 bytes)",273
Dead,"BR – 24H","[24H] OS HOMENS SAO DE MARTE... E E PRA LA QUE EU VOU [S04]","http://tjtor8411.com:80/Osiel123/Felicidade321/137172.ts","No data (insufficient stream data: 235 bytes)",284
Dead,"BR – 24H","[24H] OS INCRIVEIS ESPIOES","http://tjtor8411.com:80/Osiel123/Felicidade321/140744.ts","No data (insufficient stream data: 235 bytes)",338
Dead,"BR – 24H","[24H] OS MISTERIOS DE FRAJOLA E PIU PIU","http://tjtor8411.com:80/Osiel123/Felicidade321/138027.ts","No data (insufficient stream data: 235 bytes)",303
Dead,"BR – 24H","[24H] OS MISTERIOS DE FRAJOLA E PIU PIU [2]","http://tjtor8411.com:80/Osiel123/Felicidade321/166349.ts","No data (insufficient stream data: 235 bytes)",304
Dead,"BR – 24H","[24H] OS NORMAIS","http://tjtor8411.com:80/Osiel123/Felicidade321/137168.ts","No data (insufficient stream data: 235 bytes)",313
Dead,"BR – 24H","[24H] OS PINGUINS DE MADAGASCAR","http://tjtor8411.com:80/Osiel123/Felicidade321/371448.ts","No data (insufficient stream data: 235 bytes)",292
Dead,"BR – 24H","[24H] OS RONI","http://tjtor8411.com:80/Osiel123/Felicidade321/138964.ts","No data (insufficient stream data: 235 bytes)",359
Dead,"BR – 24H","[24H] OS SIMPSONS [S01]","http://tjtor8411.com:80/Osiel123/Felicidade321/135601.ts","No data (insufficient stream data: 235 bytes)",326
Dead,"BR – 24H","[24H] OS SIMPSONS [S02]","http://tjtor8411.com:80/Osiel123/Felicidade321/135600.ts","No data (insufficient stream data: 235 bytes)",453
Dead,"BR – 24H","[24H] OS SIMPSONS [S03]","http://tjtor8411.com:80/Osiel123/Felicidade321/135599.ts","No data (insufficient stream data: 235 bytes)",421
Dead,"BR – 24H","[24H] OS SIMPSONS [S04]","http://tjtor8411.com:80/Osiel123/Felicidade321/135598.ts","No data (insufficient stream data: 235 bytes)",407
Dead,"BR – 24H","[24H] OS SIMPSONS [S05]","http://tjtor8411.com:80/Osiel123/Felicidade321/135597.ts","No data (insufficient stream data: 235 bytes)",293
Dead,"BR – 24H","[24H] OS SIMPSONS [S06]","http://tjtor8411.com:80/Osiel123/Felicidade321/135596.ts","No data (insufficient stream data: 235 bytes)",309
Dead,"BR – 24H","[24H] OS SIMPSONS [S07]","http://tjtor8411.com:80/Osiel123/Felicidade321/135595.ts","No data (insufficient stream data: 235 bytes)",292
Dead,"BR – 24H","[24H] OS SIMPSONS [S08]","http://tjtor8411.com:80/Osiel123/Felicidade321/135594.ts","No data (insufficient stream data: 235 bytes)",359
Dead,"BR – 24H","[24H] OS SIMPSONS [S09]","http://tjtor8411.com:80/Osiel123/Felicidade321/135593.ts","No data (insufficient stream data: 235 bytes)",416
Dead,"BR – 24H","[24H] OS SIMPSONS [S10]","http://tjtor8411.com:80/Osiel123/Felicidade321/135592.ts","No data (insufficient stream data: 235 bytes)",306
Dead,"BR – 24H","[24H] OS SIMPSONS [S11]","http://tjtor8411.com:80/Osiel123/Felicidade321/135591.ts","No data (insufficient stream data: 235 bytes)",286
Dead,"BR – 24H","[24H] OS SIMPSONS [S12]","http://tjtor8411.com:80/Osiel123/Felicidade321/135590.ts","No data (insufficient stream data: 235 bytes)",303
Dead,"BR – 24H","[24H] OS SIMPSONS [S13]","http://tjtor8411.com:80/Osiel123/Felicidade321/135589.ts","No data (insufficient stream data: 235 bytes)",367
Dead,"BR – 24H","[24H] OS SIMPSONS [S14]","http://tjtor8411.com:80/Osiel123/Felicidade321/135588.ts","No data (insufficient stream data: 235 bytes)",268
Dead,"BR – 24H","[24H] OS SIMPSONS [S15]","http://tjtor8411.com:80/Osiel123/Felicidade321/135587.ts","No data (insufficient stream data: 235 bytes)",317
Dead,"BR – 24H","[24H] OS SIMPSONS [S16]","http://tjtor8411.com:80/Osiel123/Felicidade321/135586.ts","No data (insufficient stream data: 235 bytes)",333
Dead,"BR – 24H","[24H] OS SIMPSONS [S17]","http://tjtor8411.com:80/Osiel123/Felicidade321/135585.ts","No data (insufficient stream data: 235 bytes)",324
Dead,"BR – 24H","[24H] OS SIMPSONS [S18]","http://tjtor8411.com:80/Osiel123/Felicidade321/135584.ts","No data (insufficient stream data: 235 bytes)",317
Dead,"BR – 24H","[24H] OS SIMPSONS [S19]","http://tjtor8411.com:80/Osiel123/Felicidade321/135583.ts","No data (insufficient stream data: 235 bytes)",322
Dead,"BR – 24H","[24H] OS SIMPSONS [S20]","http://tjtor8411.com:80/Osiel123/Felicidade321/135582.ts","No data (insufficient stream data: 235 bytes)",450
Dead,"BR – 24H","[24H] OS SIMPSONS [S21]","http://tjtor8411.com:80/Osiel123/Felicidade321/135581.ts","No data (insufficient stream data: 235 bytes)",292
Dead,"BR – 24H","[24H] OS SIMPSONS [S22]","http://tjtor8411.com:80/Osiel123/Felicidade321/135580.ts","No data (insufficient stream data: 235 bytes)",325
Dead,"BR – 24H","[24H] OS SIMPSONS [S23]","http://tjtor8411.com:80/Osiel123/Felicidade321/135579.ts","No data (insufficient stream data: 235 bytes)",333
Dead,"BR – 24H","[24H] OS SIMPSONS [S24]","http://tjtor8411.com:80/Osiel123/Felicidade321/135578.ts","No data (insufficient stream data: 235 bytes)",281
Dead,"BR – 24H","[24H] OS SIMPSONS [S25]","http://tjtor8411.com:80/Osiel123/Felicidade321/135577.ts","No data (insufficient stream data: 235 bytes)",281
Dead,"BR – 24H","[24H] OS SIMPSONS [S26]","http://tjtor8411.com:80/Osiel123/Felicidade321/135576.ts","No data (insufficient stream data: 235 bytes)",329
Dead,"BR – 24H","[24H] OS SIMPSONS [S27]","http://tjtor8411.com:80/Osiel123/Felicidade321/135575.ts","No data (insufficient stream data: 235 bytes)",321
Dead,"BR – 24H","[24H] OS SIMPSONS [S28]","http://tjtor8411.com:80/Osiel123/Felicidade321/135574.ts","No data (insufficient stream data: 235 bytes)",303
Dead,"BR – 24H","[24H] OS SIMPSONS [S29]","http://tjtor8411.com:80/Osiel123/Felicidade321/135573.ts","No data (insufficient stream data: 235 bytes)",310
Dead,"BR – 24H","[24H] OS SIMPSONS [S30]","http://tjtor8411.com:80/Osiel123/Felicidade321/135572.ts","No data (insufficient stream data: 235 bytes)",325
Dead,"BR – 24H","[24H] OS SIMPSONS [S31]","http://tjtor8411.com:80/Osiel123/Felicidade321/135571.ts","No data (insufficient stream data: 235 bytes)",369
Dead,"BR – 24H","[24H] OS SIMPSONS [S32]","http://tjtor8411.com:80/Osiel123/Felicidade321/135570.ts","No data (insufficient stream data: 235 bytes)",308
Dead,"BR – 24H","[24H] OS THUNDERMANS [S01]","http://tjtor8411.com:80/Osiel123/Felicidade321/137432.ts","No data (insufficient stream data: 235 bytes)",273
Dead,"BR – 24H","[24H] OS THUNDERMANS [S02]","http://tjtor8411.com:80/Osiel123/Felicidade321/137433.ts","No data (insufficient stream data: 235 bytes)",325
Dead,"BR – 24H","[24H] OS THUNDERMANS [S03]","http://tjtor8411.com:80/Osiel123/Felicidade321/137434.ts","No data (insufficient stream data: 235 bytes)",399
Dead,"BR – 24H","[24H] OS URSINHOS GUMMI","http://tjtor8411.com:80/Osiel123/Felicidade321/140745.ts","No data (insufficient stream data: 235 bytes)",363
Dead,"BR – 24H","[24H] OS URSINHOS GUMMI [2]","http://tjtor8411.com:80/Osiel123/Felicidade321/306857.ts","No data (insufficient stream data: 235 bytes)",462
Dead,"BR – 24H","[24H] OSWALDO","http://tjtor8411.com:80/Osiel123/Felicidade321/225330.ts","No data (insufficient stream data: 235 bytes)",393
Dead,"BR – 24H","[24H] PAC MAN E AS AVENTURAS FANTASMAGORICAS","http://tjtor8411.com:80/Osiel123/Felicidade321/306858.ts","No data (insufficient stream data: 235 bytes)",450
Dead,"BR – 24H","[24H] PE NA COVA [S01]","http://tjtor8411.com:80/Osiel123/Felicidade321/156658.ts","No data (insufficient stream data: 235 bytes)",273
Dead,"BR – 24H","[24H] PE NA COVA [S02]","http://tjtor8411.com:80/Osiel123/Felicidade321/156659.ts","No data (insufficient stream data: 235 bytes)",277
Dead,"BR – 24H","[24H] PE NA COVA [S03]","http://tjtor8411.com:80/Osiel123/Felicidade321/156660.ts","No data (insufficient stream data: 235 bytes)",308
Dead,"BR – 24H","[24H] PE NA COVA [S04]","http://tjtor8411.com:80/Osiel123/Felicidade321/156661.ts","No data (insufficient stream data: 235 bytes)",302
Dead,"BR – 24H","[24H] PE NA COVA [S05]","http://tjtor8411.com:80/Osiel123/Felicidade321/156662.ts","No data (insufficient stream data: 235 bytes)",364
Dead,"BR – 24H","[24H] PESADELO NA COZINHA","http://tjtor8411.com:80/Osiel123/Felicidade321/138722.ts","No data (insufficient stream data: 235 bytes)",482
Dead,"BR – 24H","[24H] PESTINHA E FEROZ","http://tjtor8411.com:80/Osiel123/Felicidade321/135501.ts","No data (insufficient stream data: 235 bytes)",327
Dead,"BR – 24H","[24H] PHINEAS E FERB","http://tjtor8411.com:80/Osiel123/Felicidade321/135499.ts","No data (insufficient stream data: 235 bytes)",327
Dead,"BR – 24H","[24H] PINHA E PONY","http://tjtor8411.com:80/Osiel123/Felicidade321/306859.ts","No data (insufficient stream data: 235 bytes)",359
Dead,"BR – 24H","[24H] PRISON BREAK: EM BUSCA DA VERDADE [S01]","http://tjtor8411.com:80/Osiel123/Felicidade321/371490.ts","No data (insufficient stream data: 235 bytes)",354
Dead,"BR – 24H","[24H] PRISON BREAK: EM BUSCA DA VERDADE [S02]","http://tjtor8411.com:80/Osiel123/Felicidade321/371491.ts","No data (insufficient stream data: 235 bytes)",294
Dead,"BR – 24H","[24H] PRISON BREAK: EM BUSCA DA VERDADE [S03]","http://tjtor8411.com:80/Osiel123/Felicidade321/371492.ts","No data (insufficient stream data: 235 bytes)",344
Dead,"BR – 24H","[24H] PRISON BREAK: EM BUSCA DA VERDADE [S04]","http://tjtor8411.com:80/Osiel123/Felicidade321/371493.ts","No data (insufficient stream data: 235 bytes)",259
Dead,"BR – 24H","[24H] PRISON BREAK: EM BUSCA DA VERDADE [S05]","http://tjtor8411.com:80/Osiel123/Felicidade321/371494.ts","No data (insufficient stream data: 235 bytes)",309
Dead,"BR – 24H","[24H] PROGRAMA CAMERAS ESCONDIDAS","http://tjtor8411.com:80/Osiel123/Felicidade321/151950.ts","No data (insufficient stream data: 235 bytes)",353
Dead,"BR – 24H","[24H] QUILOS MORTAIS","http://tjtor8411.com:80/Osiel123/Felicidade321/136820.ts","No data (insufficient stream data: 235 bytes)",234
Dead,"BR – 24H","[24H] QUILOS MORTAIS [S01]","http://tjtor8411.com:80/Osiel123/Felicidade321/149531.ts","No data (insufficient stream data: 235 bytes)",275
Dead,"BR – 24H","[24H] QUILOS MORTAIS [S02]","http://tjtor8411.com:80/Osiel123/Felicidade321/149532.ts","No data (insufficient stream data: 235 bytes)",230
Dead,"BR – 24H","[24H] QUILOS MORTAIS [S03]","http://tjtor8411.com:80/Osiel123/Felicidade321/149533.ts","No data (insufficient stream data: 235 bytes)",327
Dead,"BR – 24H","[24H] QUILOS MORTAIS [S04]","http://tjtor8411.com:80/Osiel123/Felicidade321/149534.ts","No data (insufficient stream data: 235 bytes)",348
Dead,"BR – 24H","[24H] QUILOS MORTAIS [S05]","http://tjtor8411.com:80/Osiel123/Felicidade321/149535.ts","No data (insufficient stream data: 235 bytes)",293
Dead,"BR – 24H","[24H] QUILOS MORTAIS [S06]","http://tjtor8411.com:80/Osiel123/Felicidade321/149536.ts","No data (insufficient stream data: 235 bytes)",267
Dead,"BR – 24H","[24H] QUILOS MORTAIS [S07]","http://tjtor8411.com:80/Osiel123/Felicidade321/149537.ts","No data (insufficient stream data: 235 bytes)",280
Dead,"BR – 24H","[24H] QUILOS MORTAIS [S08]","http://tjtor8411.com:80/Osiel123/Felicidade321/149538.ts","No data (insufficient stream data: 235 bytes)",304
Dead,"BR – 24H","[24H] QUILOS MORTAIS COMO ELES ESTAO AGORA [S01]","http://tjtor8411.com:80/Osiel123/Felicidade321/149526.ts","No data (insufficient stream data: 235 bytes)",333
Dead,"BR – 24H","[24H] QUILOS MORTAIS COMO ELES ESTAO AGORA [S02]","http://tjtor8411.com:80/Osiel123/Felicidade321/149527.ts","No data (insufficient stream data: 235 bytes)",347
Dead,"BR – 24H","[24H] QUILOS MORTAIS COMO ELES ESTAO AGORA [S03]","http://tjtor8411.com:80/Osiel123/Felicidade321/149528.ts","No data (insufficient stream data: 235 bytes)",374
Dead,"BR – 24H","[24H] QUILOS MORTAIS COMO ELES ESTAO AGORA [S04]","http://tjtor8411.com:80/Osiel123/Felicidade321/149529.ts","No data (insufficient stream data: 235 bytes)",231
Dead,"BR – 24H","[24H] QUILOS MORTAIS COMO ELES ESTAO AGORA [S05]","http://tjtor8411.com:80/Osiel123/Felicidade321/149530.ts","No data (insufficient stream data: 235 bytes)",226
Dead,"BR – 24H","[24H] RA E SAPO","http://tjtor8411.com:80/Osiel123/Felicidade321/306860.ts","No data (insufficient stream data: 235 bytes)",253
Dead,"BR – 24H","[24H] RESTAURANDO CASAS COM DAVE E JENNY [S01]","http://tjtor8411.com:80/Osiel123/Felicidade321/255221.ts","No data (insufficient stream data: 235 bytes)",222
Dead,"BR – 24H","[24H] RESTAURANDO CASAS COM DAVE E JENNY [S02]","http://tjtor8411.com:80/Osiel123/Felicidade321/255222.ts","No data (insufficient stream data: 235 bytes)",224
Dead,"BR – 24H","[24H] RESTAURANDO CASAS COM DAVE E JENNY [S03]","http://tjtor8411.com:80/Osiel123/Felicidade321/255223.ts","No data (insufficient stream data: 235 bytes)",254
Dead,"BR – 24H","[24H] RIDLEY JONES A GUARDIA DO MUSEU","http://tjtor8411.com:80/Osiel123/Felicidade321/137436.ts","No data (insufficient stream data: 235 bytes)",248
Dead,"BR – 24H","[24H] RIQUINHO","http://tjtor8411.com:80/Osiel123/Felicidade321/140746.ts","No data (insufficient stream data: 235 bytes)",324
Dead,"BR – 24H","[24H] ROCKY E HUDSON OS CAUBOIS GAYS","http://tjtor8411.com:80/Osiel123/Felicidade321/137438.ts","No data (insufficient stream data: 235 bytes)",364
Dead,"BR – 24H","[24H] ROYAL CRACKERS","http://tjtor8411.com:80/Osiel123/Felicidade321/254758.ts","No data (insufficient stream data: 235 bytes)",298
Dead,"BR – 24H","[24H] RUGRATS OS ANJINHOS","http://tjtor8411.com:80/Osiel123/Felicidade321/149539.ts","No data (insufficient stream data: 235 bytes)",217
Dead,"BR – 24H","[24H] SAI DE BAIXO [S01]","http://tjtor8411.com:80/Osiel123/Felicidade321/140747.ts","No data (insufficient stream data: 235 bytes)",245
Dead,"BR – 24H","[24H] SAI DE BAIXO [S02]","http://tjtor8411.com:80/Osiel123/Felicidade321/140748.ts","No data (insufficient stream data: 235 bytes)",245
Dead,"BR – 24H","[24H] SAI DE BAIXO [S03]","http://tjtor8411.com:80/Osiel123/Felicidade321/140749.ts","No data (insufficient stream data: 235 bytes)",266
Dead,"BR – 24H","[24H] SAI DE BAIXO [S04]","http://tjtor8411.com:80/Osiel123/Felicidade321/140750.ts","No data (insufficient stream data: 235 bytes)",280
Dead,"BR – 24H","[24H] SAI DE BAIXO [S05]","http://tjtor8411.com:80/Osiel123/Felicidade321/140751.ts","No data (insufficient stream data: 235 bytes)",299
Dead,"BR – 24H","[24H] SAI DE BAIXO [S06]","http://tjtor8411.com:80/Osiel123/Felicidade321/140752.ts","No data (insufficient stream data: 235 bytes)",345
Dead,"BR – 24H","[24H] SAI DE BAIXO [S07]","http://tjtor8411.com:80/Osiel123/Felicidade321/140753.ts","No data (insufficient stream data: 235 bytes)",327
Dead,"BR – 24H","[24H] SAI DE BAIXO [S08]","http://tjtor8411.com:80/Osiel123/Felicidade321/140754.ts","No data (insufficient stream data: 235 bytes)",297
Dead,"BR – 24H","[24H] SALSICHA E SCOOBY ATRAS DAS PISTAS","http://tjtor8411.com:80/Osiel123/Felicidade321/306861.ts","No data (insufficient stream data: 235 bytes)",297
Dead,"BR – 24H","[24H] SESSAO DE TERAPIA [S01]","http://tjtor8411.com:80/Osiel123/Felicidade321/137106.ts","No data (insufficient stream data: 235 bytes)",338
Dead,"BR – 24H","[24H] SESSAO DE TERAPIA [S02]","http://tjtor8411.com:80/Osiel123/Felicidade321/137107.ts","No data (insufficient stream data: 235 bytes)",225
Dead,"BR – 24H","[24H] SESSAO DE TERAPIA [S03]","http://tjtor8411.com:80/Osiel123/Felicidade321/137108.ts","No data (insufficient stream data: 235 bytes)",280
Dead,"BR – 24H","[24H] SESSAO DE TERAPIA [S04]","http://tjtor8411.com:80/Osiel123/Felicidade321/137109.ts","No data (insufficient stream data: 235 bytes)",254
Dead,"BR – 24H","[24H] SESSAO DE TERAPIA [S05]","http://tjtor8411.com:80/Osiel123/Felicidade321/137110.ts","No data (insufficient stream data: 235 bytes)",318
Dead,"BR – 24H","[24H] SHAMAN KING","http://tjtor8411.com:80/Osiel123/Felicidade321/162377.ts","No data (insufficient stream data: 235 bytes)",360
Dead,"BR – 24H","[24H] SHARK TANK BRASIL [S01]","http://tjtor8411.com:80/Osiel123/Felicidade321/137100.ts","No data (insufficient stream data: 235 bytes)",261
Dead,"BR – 24H","[24H] SHARK TANK BRASIL [S02]","http://tjtor8411.com:80/Osiel123/Felicidade321/137101.ts","No data (insufficient stream data: 235 bytes)",290
Dead,"BR – 24H","[24H] SHARK TANK BRASIL [S03]","http://tjtor8411.com:80/Osiel123/Felicidade321/137102.ts","No data (insufficient stream data: 235 bytes)",304
Dead,"BR – 24H","[24H] SHARK TANK BRASIL [S04]","http://tjtor8411.com:80/Osiel123/Felicidade321/137103.ts","No data (insufficient stream data: 235 bytes)",263
Dead,"BR – 24H","[24H] SHARK TANK BRASIL [S05]","http://tjtor8411.com:80/Osiel123/Felicidade321/137104.ts","No data (insufficient stream data: 235 bytes)",231
Dead,"BR – 24H","[24H] SHARK TANK BRASIL [S06]","http://tjtor8411.com:80/Osiel123/Felicidade321/137105.ts","No data (insufficient stream data: 235 bytes)",289
Dead,"BR – 24H","[24H] SHE RA A PRINCESA DO PODER","http://tjtor8411.com:80/Osiel123/Felicidade321/137617.ts","No data (insufficient stream data: 235 bytes)",311
Dead,"BR – 24H","[24H] SHOW DO MILHAO PICPAY","http://tjtor8411.com:80/Osiel123/Felicidade321/137615.ts","No data (insufficient stream data: 235 bytes)",293
Dead,"BR – 24H","[24H] SNOOPY E SUA TURMA","http://tjtor8411.com:80/Osiel123/Felicidade321/137027.ts","No data (insufficient stream data: 235 bytes)",334
Dead,"BR – 24H","[24H] SNOOPY VAI ACAMPAR","http://tjtor8411.com:80/Osiel123/Felicidade321/306862.ts","No data (insufficient stream data: 235 bytes)",273
Dead,"BR – 24H","[24H] SOB NOVA DIRECAO [S01]","http://tjtor8411.com:80/Osiel123/Felicidade321/306827.ts","No data (insufficient stream data: 235 bytes)",248
Dead,"BR – 24H","[24H] SOB NOVA DIRECAO [S02]","http://tjtor8411.com:80/Osiel123/Felicidade321/306828.ts","No data (insufficient stream data: 235 bytes)",266
Dead,"BR – 24H","[24H] SOB NOVA DIRECAO [S03]","http://tjtor8411.com:80/Osiel123/Felicidade321/306829.ts","No data (insufficient stream data: 235 bytes)",319
Dead,"BR – 24H","[24H] SOB NOVA DIRECAO [S04]","http://tjtor8411.com:80/Osiel123/Felicidade321/306830.ts","No data (insufficient stream data: 235 bytes)",391
Dead,"BR – 24H","[24H] SOLAR OPPOSITES","http://tjtor8411.com:80/Osiel123/Felicidade321/223835.ts","No data (insufficient stream data: 235 bytes)",315
Dead,"BR – 24H","[24H] SOLTOS EM FLORIPA [S01]","http://tjtor8411.com:80/Osiel123/Felicidade321/137028.ts","No data (insufficient stream data: 235 bytes)",315
Dead,"BR – 24H","[24H] SOLTOS EM FLORIPA [S02]","http://tjtor8411.com:80/Osiel123/Felicidade321/137029.ts","No data (insufficient stream data: 235 bytes)",401
Dead,"BR – 24H","[24H] SONNY BOY","http://tjtor8411.com:80/Osiel123/Felicidade321/137616.ts","No data (insufficient stream data: 235 bytes)",377
Dead,"BR – 24H","[24H] SOS CACHORRINHOS [S01]","http://tjtor8411.com:80/Osiel123/Felicidade321/137030.ts","No data (insufficient stream data: 235 bytes)",306
Dead,"BR – 24H","[24H] SOUTH PARK [S01]","http://tjtor8411.com:80/Osiel123/Felicidade321/137031.ts","No data (insufficient stream data: 235 bytes)",274
Dead,"BR – 24H","[24H] SOUTH PARK [S02]","http://tjtor8411.com:80/Osiel123/Felicidade321/137032.ts","No data (insufficient stream data: 235 bytes)",281
Dead,"BR – 24H","[24H] SOUTH PARK [S03]","http://tjtor8411.com:80/Osiel123/Felicidade321/137033.ts","No data (insufficient stream data: 235 bytes)",367
Dead,"BR – 24H","[24H] SOUTH PARK [S04]","http://tjtor8411.com:80/Osiel123/Felicidade321/137034.ts","No data (insufficient stream data: 235 bytes)",328
Dead,"BR – 24H","[24H] SOUTH PARK [S05]","http://tjtor8411.com:80/Osiel123/Felicidade321/137035.ts","No data (insufficient stream data: 235 bytes)",281
Dead,"BR – 24H","[24H] SOUTH PARK [S06]","http://tjtor8411.com:80/Osiel123/Felicidade321/137036.ts","No data (insufficient stream data: 235 bytes)",468
Dead,"BR – 24H","[24H] SOUTH PARK [S07]","http://tjtor8411.com:80/Osiel123/Felicidade321/137037.ts","No data (insufficient stream data: 235 bytes)",336
Dead,"BR – 24H","[24H] SOUTH PARK [S08]","http://tjtor8411.com:80/Osiel123/Felicidade321/137038.ts","No data (insufficient stream data: 235 bytes)",321
Dead,"BR – 24H","[24H] SOUTH PARK [S09]","http://tjtor8411.com:80/Osiel123/Felicidade321/137039.ts","No data (insufficient stream data: 235 bytes)",281
Dead,"BR – 24H","[24H] SOUTH PARK [S10]","http://tjtor8411.com:80/Osiel123/Felicidade321/137040.ts","No data (insufficient stream data: 235 bytes)",306
Dead,"BR – 24H","[24H] SOUTH PARK [S11]","http://tjtor8411.com:80/Osiel123/Felicidade321/137041.ts","No data (insufficient stream data: 235 bytes)",252
Dead,"BR – 24H","[24H] SOUTH PARK [S12]","http://tjtor8411.com:80/Osiel123/Felicidade321/137042.ts","No data (insufficient stream data: 235 bytes)",318
Dead,"BR – 24H","[24H] SOUTH PARK [S13]","http://tjtor8411.com:80/Osiel123/Felicidade321/137043.ts","No data (insufficient stream data: 235 bytes)",326
Dead,"BR – 24H","[24H] SOUTH PARK [S14]","http://tjtor8411.com:80/Osiel123/Felicidade321/137044.ts","No data (insufficient stream data: 235 bytes)",341
Dead,"BR – 24H","[24H] SOUTH PARK [S15]","http://tjtor8411.com:80/Osiel123/Felicidade321/137045.ts","No data (insufficient stream data: 235 bytes)",308
Dead,"BR – 24H","[24H] SOUTH PARK [S16]","http://tjtor8411.com:80/Osiel123/Felicidade321/137046.ts","No data (insufficient stream data: 235 bytes)",276
Dead,"BR – 24H","[24H] SOUTH PARK [S17]","http://tjtor8411.com:80/Osiel123/Felicidade321/137047.ts","No data (insufficient stream data: 235 bytes)",290
Dead,"BR – 24H","[24H] SOUTH PARK [S18]","http://tjtor8411.com:80/Osiel123/Felicidade321/137048.ts","No data (insufficient stream data: 235 bytes)",338
Dead,"BR – 24H","[24H] SOUTH PARK [S19]","http://tjtor8411.com:80/Osiel123/Felicidade321/137049.ts","No data (insufficient stream data: 235 bytes)",325
Dead,"BR – 24H","[24H] SOUTH PARK [S20]","http://tjtor8411.com:80/Osiel123/Felicidade321/137050.ts","No data (insufficient stream data: 235 bytes)",357
Dead,"BR – 24H","[24H] SOUTH PARK [S21]","http://tjtor8411.com:80/Osiel123/Felicidade321/137051.ts","No data (insufficient stream data: 235 bytes)",541
Dead,"BR – 24H","[24H] SOUTH PARK [S22]","http://tjtor8411.com:80/Osiel123/Felicidade321/137052.ts","No data (insufficient stream data: 235 bytes)",384
Dead,"BR – 24H","[24H] SOUTH PARK [S23]","http://tjtor8411.com:80/Osiel123/Felicidade321/137053.ts","No data (insufficient stream data: 235 bytes)",279
Dead,"BR – 24H","[24H] SOUTH PARK [S24]","http://tjtor8411.com:80/Osiel123/Felicidade321/137054.ts","No data (insufficient stream data: 235 bytes)",271
Dead,"BR – 24H","[24H] STAR TREK DISCOVERY [S01]","http://tjtor8411.com:80/Osiel123/Felicidade321/137055.ts","No data (insufficient stream data: 235 bytes)",410
Dead,"BR – 24H","[24H] STAR TREK DISCOVERY [S02]","http://tjtor8411.com:80/Osiel123/Felicidade321/137056.ts","No data (insufficient stream data: 235 bytes)",253
Dead,"BR – 24H","[24H] STAR TREK DISCOVERY [S03]","http://tjtor8411.com:80/Osiel123/Felicidade321/137057.ts","No data (insufficient stream data: 235 bytes)",306
Dead,"BR – 24H","[24H] STAR TREK LOWER DECKS [S01]","http://tjtor8411.com:80/Osiel123/Felicidade321/137058.ts","No data (insufficient stream data: 235 bytes)",246
Dead,"BR – 24H","[24H] STAR TREK LOWER DECKS [S02]","http://tjtor8411.com:80/Osiel123/Felicidade321/137059.ts","No data (insufficient stream data: 235 bytes)",365
Dead,"BR – 24H","[24H] STAR VS. AS FORCAS DO MAL [S01]","http://tjtor8411.com:80/Osiel123/Felicidade321/137060.ts","No data (insufficient stream data: 235 bytes)",270
Dead,"BR – 24H","[24H] STAR VS. AS FORCAS DO MAL [S02]","http://tjtor8411.com:80/Osiel123/Felicidade321/137061.ts","No data (insufficient stream data: 235 bytes)",287
Dead,"BR – 24H","[24H] STAR VS. AS FORCAS DO MAL [S03]","http://tjtor8411.com:80/Osiel123/Felicidade321/137062.ts","No data (insufficient stream data: 235 bytes)",246
Dead,"BR – 24H","[24H] STAR VS. AS FORCAS DO MAL [S04]","http://tjtor8411.com:80/Osiel123/Felicidade321/137063.ts","No data (insufficient stream data: 235 bytes)",351
Dead,"BR – 24H","[24H] STAR WARS A GUERRA DOS CLONES [S01]","http://tjtor8411.com:80/Osiel123/Felicidade321/137064.ts","No data (insufficient stream data: 235 bytes)",285
Dead,"BR – 24H","[24H] STAR WARS A GUERRA DOS CLONES [S02]","http://tjtor8411.com:80/Osiel123/Felicidade321/137065.ts","No data (insufficient stream data: 235 bytes)",350
Dead,"BR – 24H","[24H] STAR WARS A GUERRA DOS CLONES [S03]","http://tjtor8411.com:80/Osiel123/Felicidade321/137066.ts","No data (insufficient stream data: 235 bytes)",280
Dead,"BR – 24H","[24H] STAR WARS A GUERRA DOS CLONES [S04]","http://tjtor8411.com:80/Osiel123/Felicidade321/137067.ts","No data (insufficient stream data: 235 bytes)",274
Dead,"BR – 24H","[24H] STAR WARS A GUERRA DOS CLONES [S05]","http://tjtor8411.com:80/Osiel123/Felicidade321/137068.ts","No data (insufficient stream data: 235 bytes)",323
Dead,"BR – 24H","[24H] STAR WARS A GUERRA DOS CLONES [S06]","http://tjtor8411.com:80/Osiel123/Felicidade321/137069.ts","No data (insufficient stream data: 235 bytes)",267
Dead,"BR – 24H","[24H] STAR WARS A GUERRA DOS CLONES [S07]","http://tjtor8411.com:80/Osiel123/Felicidade321/137070.ts","No data (insufficient stream data: 235 bytes)",334
Dead,"BR – 24H","[24H] STAR WARS AVENTURAS DOS JOVENS JEDI","http://tjtor8411.com:80/Osiel123/Felicidade321/306863.ts","No data (insufficient stream data: 235 bytes)",319
Dead,"BR – 24H","[24H] STAR WARS REBELS [S01]","http://tjtor8411.com:80/Osiel123/Felicidade321/137072.ts","No data (insufficient stream data: 235 bytes)",215
Dead,"BR – 24H","[24H] STAR WARS REBELS [S02]","http://tjtor8411.com:80/Osiel123/Felicidade321/137073.ts","No data (insufficient stream data: 235 bytes)",231
Dead,"BR – 24H","[24H] STAR WARS REBELS [S03]","http://tjtor8411.com:80/Osiel123/Felicidade321/137074.ts","No data (insufficient stream data: 235 bytes)",300
Dead,"BR – 24H","[24H] STAR WARS REBELS [S04]","http://tjtor8411.com:80/Osiel123/Felicidade321/137075.ts","No data (insufficient stream data: 235 bytes)",385
Dead,"BR – 24H","[24H] STAR WARS THE BAD BATCH [S01]","http://tjtor8411.com:80/Osiel123/Felicidade321/137071.ts","No data (insufficient stream data: 235 bytes)",238
Dead,"BR – 24H","[24H] STAR WARS VISIONS [S01]","http://tjtor8411.com:80/Osiel123/Felicidade321/137076.ts","No data (insufficient stream data: 235 bytes)",310
Dead,"BR – 24H","[24H] STEVEN UNIVERSO [S01]","http://tjtor8411.com:80/Osiel123/Felicidade321/137077.ts","No data (insufficient stream data: 235 bytes)",301
Dead,"BR – 24H","[24H] STEVEN UNIVERSO [S02]","http://tjtor8411.com:80/Osiel123/Felicidade321/137078.ts","No data (insufficient stream data: 235 bytes)",395
Dead,"BR – 24H","[24H] STEVEN UNIVERSO [S03]","http://tjtor8411.com:80/Osiel123/Felicidade321/137079.ts","No data (insufficient stream data: 235 bytes)",384
Dead,"BR – 24H","[24H] STEVEN UNIVERSO [S04]","http://tjtor8411.com:80/Osiel123/Felicidade321/137080.ts","No data (insufficient stream data: 235 bytes)",436
Dead,"BR – 24H","[24H] STEVEN UNIVERSO [S05]","http://tjtor8411.com:80/Osiel123/Felicidade321/137081.ts","No data (insufficient stream data: 235 bytes)",217
Dead,"BR – 24H","[24H] STEVEN UNIVERSO FUTURO [S01]","http://tjtor8411.com:80/Osiel123/Felicidade321/137082.ts","No data (insufficient stream data: 235 bytes)",307
Dead,"BR – 24H","[24H] SUMMER MEMORIES [S01]","http://tjtor8411.com:80/Osiel123/Felicidade321/375080.ts","No data (insufficient stream data: 235 bytes)",298
Dead,"BR – 24H","[24H] SUPER AMIGOS","http://tjtor8411.com:80/Osiel123/Felicidade321/149605.ts","No data (insufficient stream data: 235 bytes)",308
Dead,"BR – 24H","[24H] SUPER CHOQUE","http://tjtor8411.com:80/Osiel123/Felicidade321/140535.ts","No data (insufficient stream data: 235 bytes)",304
Dead,"BR – 24H","[24H] SUPER FOFOS - AVENTURA NA CIDADE","http://tjtor8411.com:80/Osiel123/Felicidade321/371482.ts","No data (insufficient stream data: 235 bytes)",261
Dead,"BR – 24H","[24H] SUPER FOFOS - AVENTURA NA CIDADE [S01]","http://tjtor8411.com:80/Osiel123/Felicidade321/375081.ts","No data (insufficient stream data: 235 bytes)",220
Dead,"BR – 24H","[24H] SUPER HERO GIRLS [S01]","http://tjtor8411.com:80/Osiel123/Felicidade321/137083.ts","No data (insufficient stream data: 235 bytes)",346
Dead,"BR – 24H","[24H] SUPERMAES [S01]","http://tjtor8411.com:80/Osiel123/Felicidade321/138723.ts","No data (insufficient stream data: 235 bytes)",239
Dead,"BR – 24H","[24H] SUPERMAES [S02]","http://tjtor8411.com:80/Osiel123/Felicidade321/138724.ts","No data (insufficient stream data: 235 bytes)",317
Dead,"BR – 24H","[24H] SUPERMAES [S03]","http://tjtor8411.com:80/Osiel123/Felicidade321/138725.ts","No data (insufficient stream data: 235 bytes)",336
Dead,"BR – 24H","[24H] SUPERMAES [S04]","http://tjtor8411.com:80/Osiel123/Felicidade321/138726.ts","No data (insufficient stream data: 235 bytes)",327
Dead,"BR – 24H","[24H] SUPERMAES [S05]","http://tjtor8411.com:80/Osiel123/Felicidade321/138727.ts","No data (insufficient stream data: 235 bytes)",414
Dead,"BR – 24H","[24H] SUPERMAN A SERIE ANIMADA [S01]","http://tjtor8411.com:80/Osiel123/Felicidade321/137084.ts","No data (insufficient stream data: 235 bytes)",432
Dead,"BR – 24H","[24H] SUPERMAN A SERIE ANIMADA [S02]","http://tjtor8411.com:80/Osiel123/Felicidade321/137085.ts","No data (insufficient stream data: 235 bytes)",296
Dead,"BR – 24H","[24H] SUPERMAN A SERIE ANIMADA [S03]","http://tjtor8411.com:80/Osiel123/Felicidade321/137086.ts","No data (insufficient stream data: 235 bytes)",327
Dead,"BR – 24H","[24H] SUPERMANSION [S01]","http://tjtor8411.com:80/Osiel123/Felicidade321/149540.ts","No data (insufficient stream data: 235 bytes)",356
Dead,"BR – 24H","[24H] SUPERMANSION [S02]","http://tjtor8411.com:80/Osiel123/Felicidade321/149541.ts","No data (insufficient stream data: 235 bytes)",246
Dead,"BR – 24H","[24H] SUPERMANSION [S03]","http://tjtor8411.com:80/Osiel123/Felicidade321/149542.ts","No data (insufficient stream data: 235 bytes)",296
Dead,"BR – 24H","[24H] SUPERNATURAL [S01]","http://tjtor8411.com:80/Osiel123/Felicidade321/136726.ts","No data (insufficient stream data: 235 bytes)",287
Dead,"BR – 24H","[24H] SUPERNATURAL [S01] [L]","http://tjtor8411.com:80/Osiel123/Felicidade321/136741.ts","No data (insufficient stream data: 235 bytes)",323
Dead,"BR – 24H","[24H] SUPERNATURAL [S02]","http://tjtor8411.com:80/Osiel123/Felicidade321/136727.ts","No data (insufficient stream data: 235 bytes)",307
Dead,"BR – 24H","[24H] SUPERNATURAL [S02] [L]","http://tjtor8411.com:80/Osiel123/Felicidade321/136742.ts","No data (insufficient stream data: 235 bytes)",281
Dead,"BR – 24H","[24H] SUPERNATURAL [S03]","http://tjtor8411.com:80/Osiel123/Felicidade321/136728.ts","No data (insufficient stream data: 235 bytes)",305
Dead,"BR – 24H","[24H] SUPERNATURAL [S03] [L]","http://tjtor8411.com:80/Osiel123/Felicidade321/136743.ts","No data (insufficient stream data: 235 bytes)",232
Dead,"BR – 24H","[24H] SUPERNATURAL [S04]","http://tjtor8411.com:80/Osiel123/Felicidade321/136729.ts","No data (insufficient stream data: 235 bytes)",339
Dead,"BR – 24H","[24H] SUPERNATURAL [S04] [L]","http://tjtor8411.com:80/Osiel123/Felicidade321/136744.ts","No data (insufficient stream data: 235 bytes)",805
Dead,"BR – 24H","[24H] SUPERNATURAL [S05]","http://tjtor8411.com:80/Osiel123/Felicidade321/136730.ts","No data (insufficient stream data: 235 bytes)",219
Dead,"BR – 24H","[24H] SUPERNATURAL [S05] [L]","http://tjtor8411.com:80/Osiel123/Felicidade321/136745.ts","No data (insufficient stream data: 235 bytes)",1145
Dead,"BR – 24H","[24H] SUPERNATURAL [S06]","http://tjtor8411.com:80/Osiel123/Felicidade321/136731.ts","No data (insufficient stream data: 235 bytes)",273
Dead,"BR – 24H","[24H] SUPERNATURAL [S06] [L]","http://tjtor8411.com:80/Osiel123/Felicidade321/136746.ts","No data (insufficient stream data: 235 bytes)",256
Dead,"BR – 24H","[24H] SUPERNATURAL [S07]","http://tjtor8411.com:80/Osiel123/Felicidade321/136732.ts","No data (insufficient stream data: 235 bytes)",220
Dead,"BR – 24H","[24H] SUPERNATURAL [S07] [L]","http://tjtor8411.com:80/Osiel123/Felicidade321/136747.ts","No data (insufficient stream data: 235 bytes)",221
Dead,"BR – 24H","[24H] SUPERNATURAL [S08]","http://tjtor8411.com:80/Osiel123/Felicidade321/136733.ts","No data (insufficient stream data: 235 bytes)",269
Dead,"BR – 24H","[24H] SUPERNATURAL [S08] [L]","http://tjtor8411.com:80/Osiel123/Felicidade321/136748.ts","No data (insufficient stream data: 235 bytes)",255
Dead,"BR – 24H","[24H] SUPERNATURAL [S09]","http://tjtor8411.com:80/Osiel123/Felicidade321/136734.ts","No data (insufficient stream data: 235 bytes)",331
Dead,"BR – 24H","[24H] SUPERNATURAL [S09] [L]","http://tjtor8411.com:80/Osiel123/Felicidade321/136749.ts","No data (insufficient stream data: 235 bytes)",259
Dead,"BR – 24H","[24H] SUPERNATURAL [S10]","http://tjtor8411.com:80/Osiel123/Felicidade321/136735.ts","No data (insufficient stream data: 235 bytes)",230
Dead,"BR – 24H","[24H] SUPERNATURAL [S10] [L]","http://tjtor8411.com:80/Osiel123/Felicidade321/136750.ts","No data (insufficient stream data: 235 bytes)",283
Dead,"BR – 24H","[24H] SUPERNATURAL [S11]","http://tjtor8411.com:80/Osiel123/Felicidade321/136736.ts","No data (insufficient stream data: 235 bytes)",255
Dead,"BR – 24H","[24H] SUPERNATURAL [S11] [L]","http://tjtor8411.com:80/Osiel123/Felicidade321/136751.ts","No data (insufficient stream data: 235 bytes)",263
Dead,"BR – 24H","[24H] SUPERNATURAL [S12]","http://tjtor8411.com:80/Osiel123/Felicidade321/136737.ts","No data (insufficient stream data: 235 bytes)",255
Dead,"BR – 24H","[24H] SUPERNATURAL [S12] [L]","http://tjtor8411.com:80/Osiel123/Felicidade321/136752.ts","No data (insufficient stream data: 235 bytes)",249
Dead,"BR – 24H","[24H] SUPERNATURAL [S13]","http://tjtor8411.com:80/Osiel123/Felicidade321/136738.ts","No data (insufficient stream data: 235 bytes)",238
Dead,"BR – 24H","[24H] SUPERNATURAL [S13] [L]","http://tjtor8411.com:80/Osiel123/Felicidade321/136753.ts","No data (insufficient stream data: 235 bytes)",362
Dead,"BR – 24H","[24H] SUPERNATURAL [S14]","http://tjtor8411.com:80/Osiel123/Felicidade321/136739.ts","No data (insufficient stream data: 235 bytes)",268
Dead,"BR – 24H","[24H] SUPERNATURAL [S14] [L]","http://tjtor8411.com:80/Osiel123/Felicidade321/136754.ts","No data (insufficient stream data: 235 bytes)",254
Dead,"BR – 24H","[24H] SUPERNATURAL [S15]","http://tjtor8411.com:80/Osiel123/Felicidade321/136740.ts","No data (insufficient stream data: 235 bytes)",453
Dead,"BR – 24H","[24H] SUPERNATURAL [S15] [L]","http://tjtor8411.com:80/Osiel123/Felicidade321/136755.ts","No data (insufficient stream data: 235 bytes)",341
Dead,"BR – 24H","[24H] SUPERNATURAL ACADEMY","http://tjtor8411.com:80/Osiel123/Felicidade321/254757.ts","No data (insufficient stream data: 235 bytes)",263
Dead,"BR – 24H","[24H] TA PUXADO","http://tjtor8411.com:80/Osiel123/Felicidade321/140756.ts","No data (insufficient stream data: 235 bytes)",292
Dead,"BR – 24H","[24H] TAPAS E BEIJOS [S01]","http://tjtor8411.com:80/Osiel123/Felicidade321/137111.ts","No data (insufficient stream data: 235 bytes)",356
Dead,"BR – 24H","[24H] TAPAS E BEIJOS [S02]","http://tjtor8411.com:80/Osiel123/Felicidade321/137112.ts","No data (insufficient stream data: 235 bytes)",283
Dead,"BR – 24H","[24H] TAPAS E BEIJOS [S03]","http://tjtor8411.com:80/Osiel123/Felicidade321/137113.ts","No data (insufficient stream data: 235 bytes)",361
Dead,"BR – 24H","[24H] TAPAS E BEIJOS [S04]","http://tjtor8411.com:80/Osiel123/Felicidade321/137114.ts","No data (insufficient stream data: 235 bytes)",248
Dead,"BR – 24H","[24H] TAPAS E BEIJOS [S05]","http://tjtor8411.com:80/Osiel123/Felicidade321/137115.ts","No data (insufficient stream data: 235 bytes)",394
Dead,"BR – 24H","[24H] TAZ MANIA","http://tjtor8411.com:80/Osiel123/Felicidade321/140757.ts","No data (insufficient stream data: 235 bytes)",252
Dead,"BR – 24H","[24H] THE ARCHIE SHOW","http://tjtor8411.com:80/Osiel123/Felicidade321/145947.ts","No data (insufficient stream data: 235 bytes)",277
Dead,"BR – 24H","[24H] THE BIG BANG THEORY [S01]","http://tjtor8411.com:80/Osiel123/Felicidade321/135456.ts","No data (insufficient stream data: 235 bytes)",324
Dead,"BR – 24H","[24H] THE BIG BANG THEORY [S02]","http://tjtor8411.com:80/Osiel123/Felicidade321/135457.ts","No data (insufficient stream data: 235 bytes)",388
Dead,"BR – 24H","[24H] THE BIG BANG THEORY [S03]","http://tjtor8411.com:80/Osiel123/Felicidade321/135458.ts","No data (insufficient stream data: 235 bytes)",329
Dead,"BR – 24H","[24H] THE BIG BANG THEORY [S04]","http://tjtor8411.com:80/Osiel123/Felicidade321/135459.ts","No data (insufficient stream data: 235 bytes)",300
Dead,"BR – 24H","[24H] THE BIG BANG THEORY [S05]","http://tjtor8411.com:80/Osiel123/Felicidade321/135460.ts","No data (insufficient stream data: 235 bytes)",208
Dead,"BR – 24H","[24H] THE BIG BANG THEORY [S06]","http://tjtor8411.com:80/Osiel123/Felicidade321/135461.ts","No data (insufficient stream data: 235 bytes)",206
Dead,"BR – 24H","[24H] THE BIG BANG THEORY [S07]","http://tjtor8411.com:80/Osiel123/Felicidade321/135462.ts","No data (insufficient stream data: 235 bytes)",216
Dead,"BR – 24H","[24H] THE BIG BANG THEORY [S08]","http://tjtor8411.com:80/Osiel123/Felicidade321/135463.ts","No data (insufficient stream data: 235 bytes)",348
Dead,"BR – 24H","[24H] THE BIG BANG THEORY [S09]","http://tjtor8411.com:80/Osiel123/Felicidade321/135464.ts","No data (insufficient stream data: 235 bytes)",265
Dead,"BR – 24H","[24H] THE BIG BANG THEORY [S10]","http://tjtor8411.com:80/Osiel123/Felicidade321/135465.ts","No data (insufficient stream data: 235 bytes)",235
Dead,"BR – 24H","[24H] THE BIG BANG THEORY [S11]","http://tjtor8411.com:80/Osiel123/Felicidade321/135466.ts","No data (insufficient stream data: 235 bytes)",517
Dead,"BR – 24H","[24H] THE BIG BANG THEORY [S12]","http://tjtor8411.com:80/Osiel123/Felicidade321/135467.ts","No data (insufficient stream data: 235 bytes)",296
Dead,"BR – 24H","[24H] THE LAST KINGDOM [S01]","http://tjtor8411.com:80/Osiel123/Felicidade321/371495.ts","No data (insufficient stream data: 235 bytes)",467
Dead,"BR – 24H","[24H] THE LAST KINGDOM [S02]","http://tjtor8411.com:80/Osiel123/Felicidade321/371496.ts","No data (insufficient stream data: 235 bytes)",261
Dead,"BR – 24H","[24H] THE LAST KINGDOM [S03]","http://tjtor8411.com:80/Osiel123/Felicidade321/371497.ts","No data (insufficient stream data: 235 bytes)",250
Dead,"BR – 24H","[24H] THE LAST KINGDOM [S04]","http://tjtor8411.com:80/Osiel123/Felicidade321/371498.ts","No data (insufficient stream data: 235 bytes)",255
Dead,"BR – 24H","[24H] THE LAST KINGDOM [S05]","http://tjtor8411.com:80/Osiel123/Felicidade321/371499.ts","No data (insufficient stream data: 235 bytes)",347
Dead,"BR – 24H","[24H] THE LOUD HOUSE","http://tjtor8411.com:80/Osiel123/Felicidade321/223836.ts","No data (insufficient stream data: 235 bytes)",341
Dead,"BR – 24H","[24H] THE LOUD HOUSE UMA VERDADEIRA FAMILIA BARULHENTA","http://tjtor8411.com:80/Osiel123/Felicidade321/223837.ts","No data (insufficient stream data: 235 bytes)",341
Dead,"BR – 24H","[24H] THE O.C. UM ESTRANHO NO PARAISO [S01]","http://tjtor8411.com:80/Osiel123/Felicidade321/137087.ts","No data (insufficient stream data: 235 bytes)",266
Dead,"BR – 24H","[24H] THE O.C. UM ESTRANHO NO PARAISO [S02]","http://tjtor8411.com:80/Osiel123/Felicidade321/137088.ts","No data (insufficient stream data: 235 bytes)",203
Dead,"BR – 24H","[24H] THE O.C. UM ESTRANHO NO PARAISO [S03]","http://tjtor8411.com:80/Osiel123/Felicidade321/137089.ts","No data (insufficient stream data: 235 bytes)",226
Dead,"BR – 24H","[24H] THE O.C. UM ESTRANHO NO PARAISO [S04]","http://tjtor8411.com:80/Osiel123/Felicidade321/137090.ts","No data (insufficient stream data: 235 bytes)",227
Dead,"BR – 24H","[24H] TICO E TECO DEFENSORES DA LEI","http://tjtor8411.com:80/Osiel123/Felicidade321/135490.ts","No data (insufficient stream data: 235 bytes)",452
Dead,"BR – 24H","[24H] TICO E TECO VIDA NO PARQUE","http://tjtor8411.com:80/Osiel123/Felicidade321/135493.ts","No data (insufficient stream data: 235 bytes)",397
Dead,"BR – 24H","[24H] TINY TOON AVENTURAS","http://tjtor8411.com:80/Osiel123/Felicidade321/166351.ts","No data (insufficient stream data: 235 bytes)",473
Dead,"BR – 24H","[24H] TO DE GRACA [S01]","http://tjtor8411.com:80/Osiel123/Felicidade321/137178.ts","No data (insufficient stream data: 235 bytes)",275
Dead,"BR – 24H","[24H] TO DE GRACA [S02]","http://tjtor8411.com:80/Osiel123/Felicidade321/137179.ts","No data (insufficient stream data: 235 bytes)",369
Dead,"BR – 24H","[24H] TO DE GRACA [S03]","http://tjtor8411.com:80/Osiel123/Felicidade321/137180.ts","No data (insufficient stream data: 235 bytes)",564
Dead,"BR – 24H","[24H] TO DE GRACA [S04]","http://tjtor8411.com:80/Osiel123/Felicidade321/137181.ts","No data (insufficient stream data: 235 bytes)",407
Dead,"BR – 24H","[24H] TO DE GRACA [S05]","http://tjtor8411.com:80/Osiel123/Felicidade321/137182.ts","No data (insufficient stream data: 235 bytes)",576
Dead,"BR – 24H","[24H] TODO MUNDO ODEIA O CHRIS [S01]","http://tjtor8411.com:80/Osiel123/Felicidade321/135469.ts","No data (insufficient stream data: 235 bytes)",275
Dead,"BR – 24H","[24H] TODO MUNDO ODEIA O CHRIS [S02]","http://tjtor8411.com:80/Osiel123/Felicidade321/135470.ts","No data (insufficient stream data: 235 bytes)",548
Dead,"BR – 24H","[24H] TODO MUNDO ODEIA O CHRIS [S03]","http://tjtor8411.com:80/Osiel123/Felicidade321/135471.ts","No data (insufficient stream data: 235 bytes)",1258
Dead,"BR – 24H","[24H] TODO MUNDO ODEIA O CHRIS [S04]","http://tjtor8411.com:80/Osiel123/Felicidade321/135472.ts","No data (insufficient stream data: 235 bytes)",255
Dead,"BR – 24H","[24H] TOMA LA DA CA","http://tjtor8411.com:80/Osiel123/Felicidade321/138938.ts","No data (insufficient stream data: 235 bytes)",1924
Dead,"BR – 24H","[24H] TOP CHEF BRASIL [S01]","http://tjtor8411.com:80/Osiel123/Felicidade321/145948.ts","No data (insufficient stream data: 235 bytes)",836
Dead,"BR – 24H","[24H] TOP CHEF BRASIL [S02]","http://tjtor8411.com:80/Osiel123/Felicidade321/145949.ts","No data (insufficient stream data: 235 bytes)",275
Dead,"BR – 24H","[24H] TOP CHEF BRASIL [S03]","http://tjtor8411.com:80/Osiel123/Felicidade321/145950.ts","No data (insufficient stream data: 235 bytes)",816
Dead,"BR – 24H","[24H] TOP WING","http://tjtor8411.com:80/Osiel123/Felicidade321/151952.ts","No data (insufficient stream data: 235 bytes)",224
Dead,"BR – 24H","[24H] TOPO GIGIO","http://tjtor8411.com:80/Osiel123/Felicidade321/162378.ts","No data (insufficient stream data: 235 bytes)",686
Dead,"BR – 24H","[24H] TRANSFORMERS CYBERVERSE","http://tjtor8411.com:80/Osiel123/Felicidade321/255234.ts","No data (insufficient stream data: 235 bytes)",224
Dead,"BR – 24H","[24H] TRANSFORMERS WAR FOR CYBERTRON O CERCO","http://tjtor8411.com:80/Osiel123/Felicidade321/135502.ts","No data (insufficient stream data: 235 bytes)",530
Dead,"BR – 24H","[24H] TRANSFORMERS WAR FOR CYBERTRON O NASCER DA TERRA","http://tjtor8411.com:80/Osiel123/Felicidade321/135503.ts","No data (insufficient stream data: 235 bytes)",225
Dead,"BR – 24H","[24H] TRANSFORMERS WAR FOR CYBERTRON O REINO","http://tjtor8411.com:80/Osiel123/Felicidade321/135504.ts","No data (insufficient stream data: 235 bytes)",247
Dead,"BR – 24H","[24H] TRATAMENTO DE CHOQUE [S01]","http://tjtor8411.com:80/Osiel123/Felicidade321/137095.ts","No data (insufficient stream data: 235 bytes)",535
Dead,"BR – 24H","[24H] TRATAMENTO DE CHOQUE [S02]","http://tjtor8411.com:80/Osiel123/Felicidade321/137096.ts","No data (insufficient stream data: 235 bytes)",680
Dead,"BR – 24H","[24H] TRATAMENTO DE CHOQUE [S03]","http://tjtor8411.com:80/Osiel123/Felicidade321/137097.ts","No data (insufficient stream data: 235 bytes)",350
Dead,"BR – 24H","[24H] TRATAMENTO DE CHOQUE [S04]","http://tjtor8411.com:80/Osiel123/Felicidade321/137098.ts","No data (insufficient stream data: 235 bytes)",223
Dead,"BR – 24H","[24H] TRATAMENTO DE CHOQUE [S05]","http://tjtor8411.com:80/Osiel123/Felicidade321/137099.ts","No data (insufficient stream data: 235 bytes)",226
Dead,"BR – 24H","[24H] TUBACAO","http://tjtor8411.com:80/Osiel123/Felicidade321/135505.ts","No data (insufficient stream data: 235 bytes)",744
Dead,"BR – 24H","[24H] UFC 24H","http://tjtor8411.com:80/Osiel123/Felicidade321/223831.ts","No data (insufficient stream data: 235 bytes)",257
Dead,"BR – 24H","[24H] ULTIMATE BEASTMASTER BRASIL [S01]","http://tjtor8411.com:80/Osiel123/Felicidade321/141496.ts","No data (insufficient stream data: 235 bytes)",411
Dead,"BR – 24H","[24H] ULTIMATE BEASTMASTER BRASIL [S02]","http://tjtor8411.com:80/Osiel123/Felicidade321/141497.ts","No data (insufficient stream data: 235 bytes)",281
Dead,"BR – 24H","[24H] ULTIMATE BEASTMASTER BRASIL [S03]","http://tjtor8411.com:80/Osiel123/Felicidade321/141498.ts","No data (insufficient stream data: 235 bytes)",325
Dead,"BR – 24H","[24H] ULTIMATE HOMEM ARANHA","http://tjtor8411.com:80/Osiel123/Felicidade321/306864.ts","No data (insufficient stream data: 235 bytes)",234
Dead,"BR – 24H","[24H] UM MALUCO NO PEDACO [S01]","http://tjtor8411.com:80/Osiel123/Felicidade321/135445.ts","No data (insufficient stream data: 235 bytes)",408
Dead,"BR – 24H","[24H] UM MALUCO NO PEDACO [S02]","http://tjtor8411.com:80/Osiel123/Felicidade321/135446.ts","No data (insufficient stream data: 235 bytes)",277
Dead,"BR – 24H","[24H] UM MALUCO NO PEDACO [S03]","http://tjtor8411.com:80/Osiel123/Felicidade321/135448.ts","No data (insufficient stream data: 235 bytes)",307
Dead,"BR – 24H","[24H] UM MALUCO NO PEDACO [S04]","http://tjtor8411.com:80/Osiel123/Felicidade321/135449.ts","No data (insufficient stream data: 235 bytes)",306
Dead,"BR – 24H","[24H] UM MALUCO NO PEDACO [S05]","http://tjtor8411.com:80/Osiel123/Felicidade321/135450.ts","No data (insufficient stream data: 235 bytes)",258
Dead,"BR – 24H","[24H] UM MALUCO NO PEDACO [S06]","http://tjtor8411.com:80/Osiel123/Felicidade321/135451.ts","No data (insufficient stream data: 235 bytes)",727
Dead,"BR – 24H","[24H] UMA FAMILIA DA PESADA [S01]","http://tjtor8411.com:80/Osiel123/Felicidade321/155454.ts","No data (insufficient stream data: 235 bytes)",772
Dead,"BR – 24H","[24H] UMA FAMILIA DA PESADA [S02]","http://tjtor8411.com:80/Osiel123/Felicidade321/155455.ts","No data (insufficient stream data: 235 bytes)",292
Dead,"BR – 24H","[24H] UMA FAMILIA DA PESADA [S03]","http://tjtor8411.com:80/Osiel123/Felicidade321/155456.ts","No data (insufficient stream data: 235 bytes)",372
Dead,"BR – 24H","[24H] UMA FAMILIA DA PESADA [S04]","http://tjtor8411.com:80/Osiel123/Felicidade321/155457.ts","No data (insufficient stream data: 235 bytes)",794
Dead,"BR – 24H","[24H] UMA FAMILIA DA PESADA [S05]","http://tjtor8411.com:80/Osiel123/Felicidade321/155458.ts","No data (insufficient stream data: 235 bytes)",368
Dead,"BR – 24H","[24H] UMA FAMILIA DA PESADA [S06]","http://tjtor8411.com:80/Osiel123/Felicidade321/155459.ts","No data (insufficient stream data: 235 bytes)",245
Dead,"BR – 24H","[24H] UMA FAMILIA DA PESADA [S07]","http://tjtor8411.com:80/Osiel123/Felicidade321/155460.ts","No data (insufficient stream data: 235 bytes)",404
Dead,"BR – 24H","[24H] UMA FAMILIA DA PESADA [S08]","http://tjtor8411.com:80/Osiel123/Felicidade321/155461.ts","No data (insufficient stream data: 235 bytes)",269
Dead,"BR – 24H","[24H] UMA FAMILIA DA PESADA [S09]","http://tjtor8411.com:80/Osiel123/Felicidade321/155462.ts","No data (insufficient stream data: 235 bytes)",366
Dead,"BR – 24H","[24H] UMA FAMILIA DA PESADA [S10]","http://tjtor8411.com:80/Osiel123/Felicidade321/155463.ts","No data (insufficient stream data: 235 bytes)",252
Dead,"BR – 24H","[24H] UMA FAMILIA DA PESADA [S11]","http://tjtor8411.com:80/Osiel123/Felicidade321/155464.ts","No data (insufficient stream data: 235 bytes)",380
Dead,"BR – 24H","[24H] UMA FAMILIA DA PESADA [S12]","http://tjtor8411.com:80/Osiel123/Felicidade321/155465.ts","No data (insufficient stream data: 235 bytes)",370
Dead,"BR – 24H","[24H] UMA FAMILIA DA PESADA [S13]","http://tjtor8411.com:80/Osiel123/Felicidade321/155466.ts","No data (insufficient stream data: 235 bytes)",748
Dead,"BR – 24H","[24H] UMA FAMILIA DA PESADA [S14]","http://tjtor8411.com:80/Osiel123/Felicidade321/155467.ts","No data (insufficient stream data: 235 bytes)",209
Dead,"BR – 24H","[24H] UMA FAMILIA DA PESADA [S15]","http://tjtor8411.com:80/Osiel123/Felicidade321/155468.ts","No data (insufficient stream data: 235 bytes)",334
Dead,"BR – 24H","[24H] UMA FAMILIA DA PESADA [S16]","http://tjtor8411.com:80/Osiel123/Felicidade321/155469.ts","No data (insufficient stream data: 235 bytes)",362
Dead,"BR – 24H","[24H] UMA FAMILIA DA PESADA [S17]","http://tjtor8411.com:80/Osiel123/Felicidade321/155470.ts","No data (insufficient stream data: 235 bytes)",199
Dead,"BR – 24H","[24H] UMA FAMILIA DA PESADA [S18]","http://tjtor8411.com:80/Osiel123/Felicidade321/155471.ts","No data (insufficient stream data: 235 bytes)",355
Dead,"BR – 24H","[24H] UMA FAMILIA DA PESADA [S19]","http://tjtor8411.com:80/Osiel123/Felicidade321/155472.ts","No data (insufficient stream data: 235 bytes)",355
Dead,"BR – 24H","[24H] UMA MALDICAO DE FAMILIA","http://tjtor8411.com:80/Osiel123/Felicidade321/306865.ts","No data (insufficient stream data: 235 bytes)",269
Dead,"BR – 24H","[24H] URSINHOS EM CURSO","http://tjtor8411.com:80/Osiel123/Felicidade321/225331.ts","No data (insufficient stream data: 235 bytes)",210
Dead,"BR – 24H","[24H] VAI QUE COLA [S01]","http://tjtor8411.com:80/Osiel123/Felicidade321/137440.ts","No data (insufficient stream data: 235 bytes)",279
Dead,"BR – 24H","[24H] VAI QUE COLA [S02]","http://tjtor8411.com:80/Osiel123/Felicidade321/137441.ts","No data (insufficient stream data: 235 bytes)",264
Dead,"BR – 24H","[24H] VAI QUE COLA [S03]","http://tjtor8411.com:80/Osiel123/Felicidade321/137442.ts","No data (insufficient stream data: 235 bytes)",267
Dead,"BR – 24H","[24H] VAI QUE COLA [S04]","http://tjtor8411.com:80/Osiel123/Felicidade321/137443.ts","No data (insufficient stream data: 235 bytes)",255
Dead,"BR – 24H","[24H] VAI QUE COLA [S05]","http://tjtor8411.com:80/Osiel123/Felicidade321/137444.ts","No data (insufficient stream data: 235 bytes)",402
Dead,"BR – 24H","[24H] VAI QUE COLA [S06]","http://tjtor8411.com:80/Osiel123/Felicidade321/137445.ts","No data (insufficient stream data: 235 bytes)",385
Dead,"BR – 24H","[24H] VAI QUE COLA [S07]","http://tjtor8411.com:80/Osiel123/Felicidade321/137446.ts","No data (insufficient stream data: 235 bytes)",387
Dead,"BR – 24H","[24H] VAI QUE COLA [S08]","http://tjtor8411.com:80/Osiel123/Felicidade321/137447.ts","No data (insufficient stream data: 235 bytes)",453
Dead,"BR – 24H","[24H] VAI QUE COLA [S09]","http://tjtor8411.com:80/Osiel123/Felicidade321/137448.ts","No data (insufficient stream data: 235 bytes)",225
Dead,"BR – 24H","[24H] VAMPIRINA","http://tjtor8411.com:80/Osiel123/Felicidade321/138941.ts","No data (insufficient stream data: 235 bytes)",352
Dead,"BR – 24H","[24H] VELOZES E FURIOSOS ESPIOES DO ASFALTO","http://tjtor8411.com:80/Osiel123/Felicidade321/138942.ts","No data (insufficient stream data: 235 bytes)",498
Dead,"BR – 24H","[24H] VIKINGS [S01]","http://tjtor8411.com:80/Osiel123/Felicidade321/371500.ts","No data (insufficient stream data: 235 bytes)",238
Dead,"BR – 24H","[24H] VIKINGS [S02]","http://tjtor8411.com:80/Osiel123/Felicidade321/371501.ts","No data (insufficient stream data: 235 bytes)",293
Dead,"BR – 24H","[24H] VIKINGS [S03]","http://tjtor8411.com:80/Osiel123/Felicidade321/371502.ts","No data (insufficient stream data: 235 bytes)",448
Dead,"BR – 24H","[24H] VIKINGS [S04]","http://tjtor8411.com:80/Osiel123/Felicidade321/371503.ts","No data (insufficient stream data: 235 bytes)",462
Dead,"BR – 24H","[24H] VIKINGS [S05]","http://tjtor8411.com:80/Osiel123/Felicidade321/371504.ts","No data (insufficient stream data: 235 bytes)",255
Dead,"BR – 24H","[24H] VIKINGS [S06]","http://tjtor8411.com:80/Osiel123/Felicidade321/371505.ts","No data (insufficient stream data: 235 bytes)",240
Dead,"BR – 24H","[24H] WONDLA A TRILOGIA","http://tjtor8411.com:80/Osiel123/Felicidade321/306867.ts","No data (insufficient stream data: 235 bytes)",335
Dead,"BR – 24H","[24H] WYLDE PAK","http://tjtor8411.com:80/Osiel123/Felicidade321/371461.ts","No data (insufficient stream data: 235 bytes)",238
Dead,"BR – 24H","[24H] X MEN EVOLUTION","http://tjtor8411.com:80/Osiel123/Felicidade321/138943.ts","No data (insufficient stream data: 235 bytes)",361
Dead,"BR – 24H","[24H] X MEN SERIE ANIMADA","http://tjtor8411.com:80/Osiel123/Felicidade321/137173.ts","No data (insufficient stream data: 235 bytes)",339
Dead,"BR – 24H","[24H] XENA A PRINCESA GUERREIRA [S01]","http://tjtor8411.com:80/Osiel123/Felicidade321/137117.ts","No data (insufficient stream data: 235 bytes)",376
Dead,"BR – 24H","[24H] XENA A PRINCESA GUERREIRA [S02]","http://tjtor8411.com:80/Osiel123/Felicidade321/137118.ts","No data (insufficient stream data: 235 bytes)",436
Dead,"BR – 24H","[24H] XENA A PRINCESA GUERREIRA [S03]","http://tjtor8411.com:80/Osiel123/Felicidade321/137119.ts","No data (insufficient stream data: 235 bytes)",504
Dead,"BR – 24H","[24H] XENA A PRINCESA GUERREIRA [S04]","http://tjtor8411.com:80/Osiel123/Felicidade321/137120.ts","No data (insufficient stream data: 235 bytes)",238
Dead,"BR – 24H","[24H] XENA A PRINCESA GUERREIRA [S05]","http://tjtor8411.com:80/Osiel123/Felicidade321/137121.ts","No data (insufficient stream data: 235 bytes)",318
Dead,"BR – 24H","[24H] XENA A PRINCESA GUERREIRA [S06]","http://tjtor8411.com:80/Osiel123/Felicidade321/137122.ts","No data (insufficient stream data: 235 bytes)",221
Dead,"BR – 24H","[24H] YABBA DABBA DINOSSAUROS","http://tjtor8411.com:80/Osiel123/Felicidade321/139305.ts","No data (insufficient stream data: 235 bytes)",343
Dead,"BR – 24H","[24H] YO GABBA GABBALÂNDIA!","http://tjtor8411.com:80/Osiel123/Felicidade321/371462.ts","No data (insufficient stream data: 235 bytes)",268
Dead,"BR – 24H","[24H] YU YU HAKUSHO","http://tjtor8411.com:80/Osiel123/Felicidade321/140759.ts","No data (insufficient stream data: 235 bytes)",235
Dead,"BR – 24H","[24H] ZORRO [S01]","http://tjtor8411.com:80/Osiel123/Felicidade321/136818.ts","No data (insufficient stream data: 235 bytes)",222
Dead,"BR – 24H","[24H] ZORRO [S02]","http://tjtor8411.com:80/Osiel123/Felicidade321/136819.ts","No data (insufficient stream data: 235 bytes)",244
Dead,"BR – 24H","[24H] ZOUK A BRUXINHA","http://tjtor8411.com:80/Osiel123/Felicidade321/306868.ts","No data (insufficient stream data: 235 bytes)",358
Alive,"BR – 24H","ACUMULADORES OBSESSIVOS","https://jmp2.uk/plu-656e2a4b4261ca00083aa99e.m3u8","",1572
Alive,"BR – 24H","ASSOMBRAÇÕES","https://jmp2.uk/plu-620d1512c7986a0007220213.m3u8","",1481
Alive,"BR – 24H","CAÇADORES DE OVNIS","https://jmp2.uk/plu-656e2a10954b020008ed167c.m3u8","",1662
Dead,"BR – 24H","COMEDY CENTRAL SOUTH PARK","https://jmp2.uk/plu-609ae66b359b270007869ff1.m3u8","Error: Invalid IPv6 URL",0
Alive,"BR – 24H","ESTADO PARANORMAL","https://jmp2.uk/plu-656e2a81954b020008ed17a4.m3u8","",1795
Alive,"BR – 24H","FAILARMY","https://jmp2.uk/plu-5f5141c1605ddf000748eb1b.m3u8","",1215
Alive,"BR – 24H","GLOBO BA TV SÃO FRANCISCO HD","http://up.kiwi/351921603109/34939156/296823","",1958
Alive,"BR – 24H","KENAN & KEL","https://jmp2.uk/plu-5ffcc5130fd98c0007f2e216.m3u8","",1600
Alive,"BR – 24H","MAIS MASTERCHEF BRASIL","https://jmp2.uk/plu-681111be5e0764e297fb200e.m3u8","",1596
Alive,"BR – 24H","MASTERCHEF","https://dfr80qz435crc.cloudfront.net/ABCD/Amagi/Banijay_Rights/Masterchef_Brasil_BR/Masterchef_Brasil.m3u8","",566
Alive,"BR – 24H","MASTERCHEF [2]","https://jmp2.uk/plu-6077045b6031bd00078de127.m3u8","",1742
Alive,"BR – 24H","MASTERCHEF BRASIL PROFISSIONAIS","https://jmp2.uk/plu-681110afc188aa63faa147e0.m3u8","",1832
Alive,"BR – 24H","MISTÉRIOS SEM SOLUÇÃO","https://jmp2.uk/plu-62b5c5a064163d0007b2efe6.m3u8","",1539
Alive,"BR – 24H","MR. BEAN SERIES","https://amg00627-banijay-amg00627c48-tcl-us-8096.playouts.now.amagi.tv/playlist.m3u8","",1170
Alive,"BR – 24H","NCIS","https://jmp2.uk/plu-63eb9fdda995710008991c54.m3u8","",1652
Alive,"BR – 24H","NEGÓCIO FECHADO","https://jmp2.uk/plu-64ad7394798def00087b2bfe.m3u8","",1428
Geoblocked,"BR – 24H","O ENCANTADOR DE CÃES","https://jmp2.uk/plu-61099df8cee03b00074b2ecf.m3u8","HTTP 403",2050
Alive,"BR – 24H","OS ARQUIVOS DO FBI","https://jmp2.uk/plu-620d12a82e8ac50007c269c3.m3u8","",1431
Alive,"BR – 24H","PEGADINHAS - JUST FOR LAUGHS","https://jmp2.uk/plu-67802a22a5d8215f99dcee30.m3u8","",1553
Alive,"BR – 24H","SONY ONE SHARK TANK","https://f9387554367349db8374885adb2d48cf.mediatailor.us-east-1.amazonaws.com/v1/master/0fb304b2320b25f067414d481a779b77db81760d/Samsung-br_SharkTank/playlist.m3u8","",522
Alive,"BR – 24H","SONY ONE SHARK TANK BRASIL","https://jmp2.uk/plu-6647c0b91050b60008390de4.m3u8","",1580
Alive,"BR – 24H","SOUTH PARK: COLEÇÃO CARTMAN","https://jmp2.uk/plu-65df71008b24c80008f04281.m3u8","",1153
Alive,"BR – 24H","SOUTH PARK: COLEÇÃO KENNY","https://jmp2.uk/plu-65df704366eec8000898e32f.m3u8","",1436
Alive,"BR – 24H","SOUTH PARK: COLEÇÃO KYLE","https://jmp2.uk/plu-65df713dec9fda0008b7a81d.m3u8","",1418
Alive,"BR – 24H","SOUTH PARK: COLEÇÃO STAN","https://jmp2.uk/plu-65df70b0f7f0af0008c3b316.m3u8","",1308
Alive,"BR – 24H","SUPER ONZE","https://jmp2.uk/plu-63988c2750108d00072e2686.m3u8","",1497
Alive,"BR – 24H INFANTIL","24H A CASA DO MICKEY MOUSE","http://up.kiwi/351921603109/34939156/1293450","",1972
Alive,"BR – 24H INFANTIL","24H A VACA E O FRANGO","http://up.kiwi/351921603109/34939156/1293452","",1973
Dead,"BR – 24H INFANTIL","24H AS MENINAS SUPERPODEROSAS 2016","http://up.kiwi/351921603109/34939156/1293456","HTTP 503",2224
Alive,"BR – 24H INFANTIL","24H BEN 10 FORCA ALIENIGENA","http://up.kiwi/351921603109/34939156/1293459","",3194
Dead,"BR – 24H INFANTIL","24H BEN 10 OMNIVERSE","http://up.kiwi/351921603109/34939156/1293460","HTTP 503",2017
Alive,"BR – 24H INFANTIL","24H BEN 10 SUPREMACIA ALIENIGENA","http://up.kiwi/351921603109/34939156/1293461","",2808
Alive,"BR – 24H INFANTIL","24H BILLY E MANDY","http://up.kiwi/351921603109/34939156/1293462","",2968
Alive,"BR – 24H INFANTIL","24H BLUEY","http://up.kiwi/351921603109/34939156/1293463","",4162
Alive,"BR – 24H INFANTIL","24H BOB ESPONJA","http://up.kiwi/351921603109/34939156/1293464","",2810
Alive,"BR – 24H INFANTIL","24H BORUTO","http://up.kiwi/351921603109/34939156/1293348","",2296
Alive,"BR – 24H INFANTIL","24H CAVALEIROS DO ZODIACO","http://up.kiwi/351921603109/34939156/1293350","",6005
Alive,"BR – 24H INFANTIL","24H CAVERNA DO DRAGAO","http://up.kiwi/351921603109/34939156/1293466","",3400
Alive,"BR – 24H INFANTIL","24H CORAGEM O CAO COVARDE","http://up.kiwi/351921603109/34939156/1293467","",2821
Dead,"BR – 24H INFANTIL","24H CORRIDA MALUCA","http://up.kiwi/351921603109/34939156/1293468","HTTP 503",1948
Alive,"BR – 24H INFANTIL","24H DEATH NOTE","http://up.kiwi/351921603109/34939156/1293353","",2115
Alive,"BR – 24H INFANTIL","24H DIGIMON","http://up.kiwi/351921603109/34939156/1293355","",50122
Alive,"BR – 24H INFANTIL","24H DRAGON BALL DAIMA","http://up.kiwi/351921603109/34939156/1293357","",4025
Alive,"BR – 24H INFANTIL","24H DRAGON BALL SUPER","http://up.kiwi/351921603109/34939156/1293358","",3462
Alive,"BR – 24H INFANTIL","24H DRAGON BALL Z","http://up.kiwi/351921603109/34939156/1293359","",2912
Alive,"BR – 24H INFANTIL","24H GARFIELD","http://up.kiwi/351921603109/34939156/1293477","",2668
Alive,"BR – 24H INFANTIL","24H HE-MAN","http://up.kiwi/351921603109/34939156/1293479","",2022
Alive,"BR – 24H INFANTIL","24H HORA DE AVENTURA FIONNA E CAKE","http://up.kiwi/351921603109/34939156/1293480","",2314
Alive,"BR – 24H INFANTIL","24H HUNTER X HUNTER","http://up.kiwi/351921603109/34939156/1293369","",3745
Alive,"BR – 24H INFANTIL","24H INUYASHA","http://up.kiwi/351921603109/34939156/1293370","",2274
Alive,"BR – 24H INFANTIL","24H JASPION","http://up.kiwi/351921603109/34939156/1293598","",2335
Alive,"BR – 24H INFANTIL","24H JIRAIYA","http://up.kiwi/351921603109/34939156/1293599","",2232
Alive,"BR – 24H INFANTIL","24H JOJO","http://up.kiwi/351921603109/34939156/1293371","",2767
Alive,"BR – 24H INFANTIL","24H KAMEN RIDER BLACK RX","http://up.kiwi/351921603109/34939156/1293600","",3902
Alive,"BR – 24H INFANTIL","24H KIM POSSIBLE","http://up.kiwi/351921603109/34939156/1293483","",3040
Alive,"BR – 24H INFANTIL","24H LIGA DA JUSTICA","http://up.kiwi/351921603109/34939156/1293487","",2241
Alive,"BR – 24H INFANTIL","24H LIGA DA JUSTICA SEM LIMITES","http://up.kiwi/351921603109/34939156/1293488","",2745
Alive,"BR – 24H INFANTIL","24H MIRACULOUS","http://up.kiwi/351921603109/34939156/1293492","",2241
Alive,"BR – 24H INFANTIL","24H NARUTO SHIPPUDEN","http://up.kiwi/351921603109/34939156/1293380","",8411
Alive,"BR – 24H INFANTIL","24H O INCRIVEL MUNDO DE GUMBALL","http://up.kiwi/351921603109/34939156/1293493","",2204
Alive,"BR – 24H INFANTIL","24H ONE PIECE","http://up.kiwi/351921603109/34939156/1293381","",2218
Alive,"BR – 24H INFANTIL","24H OS FLINTSTONES","http://up.kiwi/351921603109/34939156/1293494","",2783
Dead,"BR – 24H INFANTIL","24H OS PADRINHOS MAGICOS","http://up.kiwi/351921603109/34939156/1293496","No data (insufficient stream data: 39480 bytes)",4052
Alive,"BR – 24H INFANTIL","24H PATRULHA CANINA","http://up.kiwi/351921603109/34939156/1293497","",2209
Alive,"BR – 24H INFANTIL","24H PEPPA PIG","http://up.kiwi/351921603109/34939156/1293498","",2825
Alive,"BR – 24H INFANTIL","24H PICA-PAU","http://up.kiwi/351921603109/34939156/1293500","",2706
Alive,"BR – 24H INFANTIL","24H PINKY E O CEREBRO","http://up.kiwi/351921603109/34939156/1293501","",2165
Alive,"BR – 24H INFANTIL","24H POKEMON","http://up.kiwi/351921603109/34939156/1293386","",2247
Alive,"BR – 24H INFANTIL","24H POPEYE","http://up.kiwi/351921603109/34939156/1293502","",2879
Alive,"BR – 24H INFANTIL","24H SAMURAI JACK","http://up.kiwi/351921603109/34939156/1293505","",2397
Alive,"BR – 24H INFANTIL","24H SCOOBY-DOO CLASSICO","http://up.kiwi/351921603109/34939156/1293506","",2403
Alive,"BR – 24H INFANTIL","24H SHE-RA 2018","http://up.kiwi/351921603109/34939156/1293507","",2839
Alive,"BR – 24H INFANTIL","24H TARTARUGAS NINJA 2012","http://up.kiwi/351921603109/34939156/1293511","",2389
Alive,"BR – 24H INFANTIL","24H THUNDERCATS 2011","http://up.kiwi/351921603109/34939156/1293512","",2901
Alive,"BR – 24H INFANTIL","24H TOM E JERRY","http://up.kiwi/351921603109/34939156/1293515","",2868
Alive,"BR – 24H INFANTIL","24H ULTRAMAN 2019","http://up.kiwi/351921603109/34939156/1293601","",2220
Dead,"BR – 24H INFANTIL","[24H] 101 DALMATAS","http://tjtor8411.com:80/Osiel123/Felicidade321/137614.ts","No data (insufficient stream data: 235 bytes)",424
Dead,"BR – 24H INFANTIL","[24H] A CASA DO MICKEY MOUSE","http://tjtor8411.com:80/Osiel123/Felicidade321/137412.ts","No data (insufficient stream data: 235 bytes)",472
Dead,"BR – 24H INFANTIL","[24H] A CORRIDA MALUCA","http://tjtor8411.com:80/Osiel123/Felicidade321/225327.ts","No data (insufficient stream data: 235 bytes)",393
Dead,"BR – 24H INFANTIL","[24H] A VACA E O FRANGO","http://tjtor8411.com:80/Osiel123/Felicidade321/135553.ts","No data (insufficient stream data: 235 bytes)",518
Dead,"BR – 24H INFANTIL","[24H] AS AVENTURA DE TOM E JERRY","http://tjtor8411.com:80/Osiel123/Felicidade321/136815.ts","No data (insufficient stream data: 235 bytes)",835
Dead,"BR – 24H INFANTIL","[24H] AS AVENTURAS DE JACKIE CHAN","http://tjtor8411.com:80/Osiel123/Felicidade321/135542.ts","No data (insufficient stream data: 235 bytes)",379
Dead,"BR – 24H INFANTIL","[24H] AS MENINAS SUPERPODEROSAS","http://tjtor8411.com:80/Osiel123/Felicidade321/137138.ts","No data (insufficient stream data: 235 bytes)",394
Dead,"BR – 24H INFANTIL","[24H] AS TARTARUGAS NINJA (1987)","http://tjtor8411.com:80/Osiel123/Felicidade321/150494.ts","No data (insufficient stream data: 235 bytes)",609
Dead,"BR – 24H INFANTIL","[24H] AS TARTARUGAS NINJA [S01]","http://tjtor8411.com:80/Osiel123/Felicidade321/151613.ts","No data (insufficient stream data: 235 bytes)",457
Dead,"BR – 24H INFANTIL","[24H] AS TARTARUGAS NINJA [S02]","http://tjtor8411.com:80/Osiel123/Felicidade321/151614.ts","No data (insufficient stream data: 235 bytes)",500
Dead,"BR – 24H INFANTIL","[24H] AS TARTARUGAS NINJA [S03]","http://tjtor8411.com:80/Osiel123/Felicidade321/151615.ts","No data (insufficient stream data: 235 bytes)",416
Dead,"BR – 24H INFANTIL","[24H] AS TARTARUGAS NINJA [S04]","http://tjtor8411.com:80/Osiel123/Felicidade321/151616.ts","No data (insufficient stream data: 235 bytes)",515
Dead,"BR – 24H INFANTIL","[24H] AS TARTARUGAS NINJA [S05]","http://tjtor8411.com:80/Osiel123/Felicidade321/151617.ts","No data (insufficient stream data: 235 bytes)",584
Dead,"BR – 24H INFANTIL","[24H] AS TERRIVEIS AVENTURAS DE BILLY E MANDY","http://tjtor8411.com:80/Osiel123/Felicidade321/135551.ts","No data (insufficient stream data: 235 bytes)",850
Dead,"BR – 24H INFANTIL","[24H] BEN 10 [S01]","http://tjtor8411.com:80/Osiel123/Felicidade321/138715.ts","No data (insufficient stream data: 235 bytes)",414
Dead,"BR – 24H INFANTIL","[24H] BEN 10 [S02]","http://tjtor8411.com:80/Osiel123/Felicidade321/138716.ts","No data (insufficient stream data: 235 bytes)",319
Dead,"BR – 24H INFANTIL","[24H] BEN 10 [S03]","http://tjtor8411.com:80/Osiel123/Felicidade321/138717.ts","No data (insufficient stream data: 235 bytes)",438
Dead,"BR – 24H INFANTIL","[24H] BEN 10 [S04]","http://tjtor8411.com:80/Osiel123/Felicidade321/138718.ts","No data (insufficient stream data: 235 bytes)",440
Dead,"BR – 24H INFANTIL","[24H] BEYBLADE [S01]","http://tjtor8411.com:80/Osiel123/Felicidade321/140543.ts","No data (insufficient stream data: 235 bytes)",319
Dead,"BR – 24H INFANTIL","[24H] BEYBLADE [S02] V FORCE","http://tjtor8411.com:80/Osiel123/Felicidade321/140544.ts","No data (insufficient stream data: 235 bytes)",579
Dead,"BR – 24H INFANTIL","[24H] BEYBLADE [S03] G REVOLUTION","http://tjtor8411.com:80/Osiel123/Felicidade321/140545.ts","No data (insufficient stream data: 235 bytes)",832
Dead,"BR – 24H INFANTIL","[24H] BLACK KAMEN RIDER","http://tjtor8411.com:80/Osiel123/Felicidade321/149549.ts","No data (insufficient stream data: 235 bytes)",247
Dead,"BR – 24H INFANTIL","[24H] BOB ESPONJA CALCA QUADRADA [S01]","http://tjtor8411.com:80/Osiel123/Felicidade321/138065.ts","No data (insufficient stream data: 235 bytes)",530
Dead,"BR – 24H INFANTIL","[24H] BOB ESPONJA CALCA QUADRADA [S02]","http://tjtor8411.com:80/Osiel123/Felicidade321/138066.ts","No data (insufficient stream data: 235 bytes)",461
Dead,"BR – 24H INFANTIL","[24H] BOB ESPONJA CALCA QUADRADA [S03]","http://tjtor8411.com:80/Osiel123/Felicidade321/138067.ts","No data (insufficient stream data: 235 bytes)",495
Dead,"BR – 24H INFANTIL","[24H] BOB ESPONJA CALCA QUADRADA [S04]","http://tjtor8411.com:80/Osiel123/Felicidade321/138068.ts","No data (insufficient stream data: 235 bytes)",387
Dead,"BR – 24H INFANTIL","[24H] BOB ESPONJA CALCA QUADRADA [S05]","http://tjtor8411.com:80/Osiel123/Felicidade321/138069.ts","No data (insufficient stream data: 235 bytes)",497
Dead,"BR – 24H INFANTIL","[24H] BOB ESPONJA CALCA QUADRADA [S06]","http://tjtor8411.com:80/Osiel123/Felicidade321/138070.ts","No data (insufficient stream data: 235 bytes)",539
Dead,"BR – 24H INFANTIL","[24H] BOB ESPONJA CALCA QUADRADA [S07]","http://tjtor8411.com:80/Osiel123/Felicidade321/138071.ts","No data (insufficient stream data: 235 bytes)",416
Dead,"BR – 24H INFANTIL","[24H] BOB ESPONJA CALCA QUADRADA [S08]","http://tjtor8411.com:80/Osiel123/Felicidade321/138072.ts","No data (insufficient stream data: 235 bytes)",393
Dead,"BR – 24H INFANTIL","[24H] BOB ESPONJA CALCA QUADRADA [S09]","http://tjtor8411.com:80/Osiel123/Felicidade321/138073.ts","No data (insufficient stream data: 235 bytes)",463
Dead,"BR – 24H INFANTIL","[24H] BOB ESPONJA CALCA QUADRADA [S10]","http://tjtor8411.com:80/Osiel123/Felicidade321/138074.ts","No data (insufficient stream data: 235 bytes)",701
Dead,"BR – 24H INFANTIL","[24H] BOB ESPONJA CALCA QUADRADA [S11]","http://tjtor8411.com:80/Osiel123/Felicidade321/138075.ts","No data (insufficient stream data: 235 bytes)",468
Dead,"BR – 24H INFANTIL","[24H] BOB O CONSTRUTOR","http://tjtor8411.com:80/Osiel123/Felicidade321/306842.ts","No data (insufficient stream data: 235 bytes)",454
Dead,"BR – 24H INFANTIL","[24H] CAVERNA DO DRAGAO","http://tjtor8411.com:80/Osiel123/Felicidade321/135454.ts","No data (insufficient stream data: 235 bytes)",401
Dead,"BR – 24H INFANTIL","[24H] COCORICO","http://tjtor8411.com:80/Osiel123/Felicidade321/156653.ts","No data (insufficient stream data: 235 bytes)",506
Dead,"BR – 24H INFANTIL","[24H] CORRIDA MALUCA","http://tjtor8411.com:80/Osiel123/Felicidade321/145378.ts","No data (insufficient stream data: 235 bytes)",509
Dead,"BR – 24H INFANTIL","[24H] DIGIMON ADVENTURE","http://tjtor8411.com:80/Osiel123/Felicidade321/137620.ts","No data (insufficient stream data: 235 bytes)",414
Dead,"BR – 24H INFANTIL","[24H] DIGIMON DIGITAL MONSTERS [S01]","http://tjtor8411.com:80/Osiel123/Felicidade321/138076.ts","No data (insufficient stream data: 235 bytes)",392
Dead,"BR – 24H INFANTIL","[24H] DIGIMON DIGITAL MONSTERS [S02]","http://tjtor8411.com:80/Osiel123/Felicidade321/138077.ts","No data (insufficient stream data: 235 bytes)",475
Dead,"BR – 24H INFANTIL","[24H] DIGIMON DIGITAL MONSTERS [S03]","http://tjtor8411.com:80/Osiel123/Felicidade321/138078.ts","No data (insufficient stream data: 235 bytes)",398
Dead,"BR – 24H INFANTIL","[24H] DIGIMON DIGITAL MONSTERS [S04]","http://tjtor8411.com:80/Osiel123/Felicidade321/138079.ts","No data (insufficient stream data: 235 bytes)",384
Dead,"BR – 24H INFANTIL","[24H] DIGIMON DIGITAL MONSTERS [S05]","http://tjtor8411.com:80/Osiel123/Felicidade321/138080.ts","No data (insufficient stream data: 235 bytes)",911
Dead,"BR – 24H INFANTIL","[24H] DIGIMON SAVERS","http://tjtor8411.com:80/Osiel123/Felicidade321/137621.ts","No data (insufficient stream data: 235 bytes)",468
Dead,"BR – 24H INFANTIL","[24H] DIGIMON TAMERS","http://tjtor8411.com:80/Osiel123/Felicidade321/138025.ts","No data (insufficient stream data: 235 bytes)",1184
Dead,"BR – 24H INFANTIL","[24H] DRAGON BALL CLASSICO","http://tjtor8411.com:80/Osiel123/Felicidade321/135473.ts","No data (insufficient stream data: 235 bytes)",800
Dead,"BR – 24H INFANTIL","[24H] DRAGON BALL GT","http://tjtor8411.com:80/Osiel123/Felicidade321/135483.ts","No data (insufficient stream data: 235 bytes)",396
Dead,"BR – 24H INFANTIL","[24H] DRAGON BALL SUPER - GOLDEN FREEZA [S02]","http://tjtor8411.com:80/Osiel123/Felicidade321/135485.ts","No data (insufficient stream data: 235 bytes)",461
Dead,"BR – 24H INFANTIL","[24H] DRAGON BALL SUPER - SAGA DEUS DA DESTRUICAO BILLS [S01]","http://tjtor8411.com:80/Osiel123/Felicidade321/135484.ts","No data (insufficient stream data: 235 bytes)",388
Dead,"BR – 24H INFANTIL","[24H] DRAGON BALL SUPER - SOBREVIVENCIA DO UNIVERSO [S05]","http://tjtor8411.com:80/Osiel123/Felicidade321/135488.ts","No data (insufficient stream data: 235 bytes)",505
Dead,"BR – 24H INFANTIL","[24H] DRAGON BALL SUPER - TRUNKS DO FUTURO [S04]","http://tjtor8411.com:80/Osiel123/Felicidade321/135487.ts","No data (insufficient stream data: 235 bytes)",498
Dead,"BR – 24H INFANTIL","[24H] DRAGON BALL SUPER - UNIVERSO 6 [S03]","http://tjtor8411.com:80/Osiel123/Felicidade321/135486.ts","No data (insufficient stream data: 235 bytes)",492
Dead,"BR – 24H INFANTIL","[24H] DRAGON BALL Z - SAGA DO ANDROIDE CELL (PARTE 1) [S05]","http://tjtor8411.com:80/Osiel123/Felicidade321/135478.ts","No data (insufficient stream data: 235 bytes)",454
Dead,"BR – 24H INFANTIL","[24H] DRAGON BALL Z - SAGA DO ANDROIDE CELL (PARTE 2) [S06]","http://tjtor8411.com:80/Osiel123/Felicidade321/135479.ts","No data (insufficient stream data: 235 bytes)",1115
Dead,"BR – 24H INFANTIL","[24H] DRAGON BALL Z - SAGA DO FREEZA (PARTE 1) [S02]","http://tjtor8411.com:80/Osiel123/Felicidade321/135475.ts","No data (insufficient stream data: 235 bytes)",402
Dead,"BR – 24H INFANTIL","[24H] DRAGON BALL Z - SAGA DO FREEZA (PARTE 2) [S03]","http://tjtor8411.com:80/Osiel123/Felicidade321/135476.ts","No data (insufficient stream data: 235 bytes)",419
Dead,"BR – 24H INFANTIL","[24H] DRAGON BALL Z - SAGA DO GARLIC JR [S04]","http://tjtor8411.com:80/Osiel123/Felicidade321/135477.ts","No data (insufficient stream data: 235 bytes)",434
Dead,"BR – 24H INFANTIL","[24H] DRAGON BALL Z - SAGA DO MAJIN BOO (PARTE 1) [S08]","http://tjtor8411.com:80/Osiel123/Felicidade321/135481.ts","No data (insufficient stream data: 235 bytes)",818
Dead,"BR – 24H INFANTIL","[24H] DRAGON BALL Z - SAGA DO MAJIN BOO (PARTE 2) [S09]","http://tjtor8411.com:80/Osiel123/Felicidade321/135482.ts","No data (insufficient stream data: 235 bytes)",480
Dead,"BR – 24H INFANTIL","[24H] DRAGON BALL Z - SAGA DO TORNEIO DO OUTRO MUNDO [S07]","http://tjtor8411.com:80/Osiel123/Felicidade321/135480.ts","No data (insufficient stream data: 235 bytes)",457
Dead,"BR – 24H INFANTIL","[24H] DRAGON BALL Z - SAGA DOS SAIYAJINS [S01]","http://tjtor8411.com:80/Osiel123/Felicidade321/135474.ts","No data (insufficient stream data: 235 bytes)",510
Dead,"BR – 24H INFANTIL","[24H] GARFIELD E SEUS AMIGOS","http://tjtor8411.com:80/Osiel123/Felicidade321/138026.ts","No data (insufficient stream data: 235 bytes)",384
Dead,"BR – 24H INFANTIL","[24H] GASPARZINHO O FANTASMINHA CAMARADA","http://tjtor8411.com:80/Osiel123/Felicidade321/151619.ts","No data (insufficient stream data: 235 bytes)",411
Dead,"BR – 24H INFANTIL","[24H] HORA DE AVENTURA [S01]","http://tjtor8411.com:80/Osiel123/Felicidade321/135526.ts","No data (insufficient stream data: 235 bytes)",465
Dead,"BR – 24H INFANTIL","[24H] HORA DE AVENTURA [S02]","http://tjtor8411.com:80/Osiel123/Felicidade321/135525.ts","No data (insufficient stream data: 235 bytes)",472
Dead,"BR – 24H INFANTIL","[24H] HORA DE AVENTURA [S03]","http://tjtor8411.com:80/Osiel123/Felicidade321/135524.ts","No data (insufficient stream data: 235 bytes)",521
Dead,"BR – 24H INFANTIL","[24H] HORA DE AVENTURA [S04]","http://tjtor8411.com:80/Osiel123/Felicidade321/135523.ts","No data (insufficient stream data: 235 bytes)",437
Dead,"BR – 24H INFANTIL","[24H] HORA DE AVENTURA [S05]","http://tjtor8411.com:80/Osiel123/Felicidade321/135521.ts","No data (insufficient stream data: 235 bytes)",458
Dead,"BR – 24H INFANTIL","[24H] HORA DE AVENTURA [S06]","http://tjtor8411.com:80/Osiel123/Felicidade321/135522.ts","No data (insufficient stream data: 235 bytes)",512
Dead,"BR – 24H INFANTIL","[24H] HORA DE AVENTURA [S07]","http://tjtor8411.com:80/Osiel123/Felicidade321/135520.ts","No data (insufficient stream data: 235 bytes)",492
Dead,"BR – 24H INFANTIL","[24H] HORA DE AVENTURA [S08]","http://tjtor8411.com:80/Osiel123/Felicidade321/135519.ts","No data (insufficient stream data: 235 bytes)",477
Dead,"BR – 24H INFANTIL","[24H] HORA DE AVENTURA [S09]","http://tjtor8411.com:80/Osiel123/Felicidade321/135518.ts","No data (insufficient stream data: 235 bytes)",540
Dead,"BR – 24H INFANTIL","[24H] HORA DE AVENTURA [S10]","http://tjtor8411.com:80/Osiel123/Felicidade321/135517.ts","No data (insufficient stream data: 235 bytes)",542
Dead,"BR – 24H INFANTIL","[24H] IRMAO DO JOREL","http://tjtor8411.com:80/Osiel123/Felicidade321/135567.ts","No data (insufficient stream data: 235 bytes)",472
Dead,"BR – 24H INFANTIL","[24H] JIRAIYA O INCRIVEL NINJA","http://tjtor8411.com:80/Osiel123/Felicidade321/135569.ts","No data (insufficient stream data: 235 bytes)",425
Dead,"BR – 24H INFANTIL","[24H] KAMP KORAL BOB ESPONJA PRIMEIROS ANOS","http://tjtor8411.com:80/Osiel123/Felicidade321/135562.ts","No data (insufficient stream data: 235 bytes)",442
Dead,"BR – 24H INFANTIL","[24H] LIGA DA JUSTICA [S01]","http://tjtor8411.com:80/Osiel123/Felicidade321/149551.ts","No data (insufficient stream data: 235 bytes)",402
Dead,"BR – 24H INFANTIL","[24H] LIGA DA JUSTICA [S02]","http://tjtor8411.com:80/Osiel123/Felicidade321/149552.ts","No data (insufficient stream data: 235 bytes)",433
Dead,"BR – 24H INFANTIL","[24H] LIGA DA JUSTICA SEM LIMITES","http://tjtor8411.com:80/Osiel123/Felicidade321/138950.ts","No data (insufficient stream data: 235 bytes)",510
Dead,"BR – 24H INFANTIL","[24H] LULUZINHA","http://tjtor8411.com:80/Osiel123/Felicidade321/149604.ts","No data (insufficient stream data: 235 bytes)",538
Dead,"BR – 24H INFANTIL","[24H] MASHA E O URSO","http://tjtor8411.com:80/Osiel123/Felicidade321/137619.ts","No data (insufficient stream data: 235 bytes)",444
Dead,"BR – 24H INFANTIL","[24H] MIRACULOUS AS AVENTURAS DE LADYBUG","http://tjtor8411.com:80/Osiel123/Felicidade321/137159.ts","No data (insufficient stream data: 235 bytes)",422
Dead,"BR – 24H INFANTIL","[24H] MUNDO BITA","http://tjtor8411.com:80/Osiel123/Felicidade321/135452.ts","No data (insufficient stream data: 235 bytes)",464
Dead,"BR – 24H INFANTIL","[24H] MUNDO BITA E A NATUREZA","http://tjtor8411.com:80/Osiel123/Felicidade321/135498.ts","No data (insufficient stream data: 235 bytes)",449
Dead,"BR – 24H INFANTIL","[24H] MUNDO BITA E AS BRINCADEIRAS","http://tjtor8411.com:80/Osiel123/Felicidade321/135497.ts","No data (insufficient stream data: 235 bytes)",760
Dead,"BR – 24H INFANTIL","[24H] MUNDO BITA E O CORPO HUMANO","http://tjtor8411.com:80/Osiel123/Felicidade321/135496.ts","No data (insufficient stream data: 235 bytes)",430
Dead,"BR – 24H INFANTIL","[24H] MUNDO BITA E O NOSSO DIA","http://tjtor8411.com:80/Osiel123/Felicidade321/135495.ts","No data (insufficient stream data: 235 bytes)",423
Dead,"BR – 24H INFANTIL","[24H] MUNDO BITA E OS ANIMAIS","http://tjtor8411.com:80/Osiel123/Felicidade321/135494.ts","No data (insufficient stream data: 235 bytes)",458
Dead,"BR – 24H INFANTIL","[24H] O FANTASTICO JASPION","http://tjtor8411.com:80/Osiel123/Felicidade321/135568.ts","No data (insufficient stream data: 235 bytes)",399
Dead,"BR – 24H INFANTIL","[24H] O INCRIVEL MUNDO DE GUMBALL","http://tjtor8411.com:80/Osiel123/Felicidade321/166348.ts","No data (insufficient stream data: 235 bytes)",466
Dead,"BR – 24H INFANTIL","[24H] O LABORATORIO DE DEXTER","http://tjtor8411.com:80/Osiel123/Felicidade321/150114.ts","No data (insufficient stream data: 235 bytes)",449
Dead,"BR – 24H INFANTIL","[24H] O MARINHEIRO POPEYE [S01]","http://tjtor8411.com:80/Osiel123/Felicidade321/145943.ts","No data (insufficient stream data: 235 bytes)",387
Dead,"BR – 24H INFANTIL","[24H] O MARINHEIRO POPEYE [S02]","http://tjtor8411.com:80/Osiel123/Felicidade321/145944.ts","No data (insufficient stream data: 235 bytes)",464
Dead,"BR – 24H INFANTIL","[24H] O MARINHEIRO POPEYE [S03]","http://tjtor8411.com:80/Osiel123/Felicidade321/145945.ts","No data (insufficient stream data: 235 bytes)",458
Dead,"BR – 24H INFANTIL","[24H] O MARINHEIRO POPEYE [S04]","http://tjtor8411.com:80/Osiel123/Felicidade321/145946.ts","No data (insufficient stream data: 235 bytes)",433
Dead,"BR – 24H INFANTIL","[24H] O MUNDO MARAVILHOSAMENTE ESTRANHO DE GUMBALL","http://tjtor8411.com:80/Osiel123/Felicidade321/371460.ts","No data (insufficient stream data: 235 bytes)",467
Dead,"BR – 24H INFANTIL","[24H] O MUNDO MARAVILHOSO DE MICKEY MOUSE","http://tjtor8411.com:80/Osiel123/Felicidade321/151621.ts","No data (insufficient stream data: 235 bytes)",389
Dead,"BR – 24H INFANTIL","[24H] O NOVO SHOW DO PICA PAU","http://tjtor8411.com:80/Osiel123/Felicidade321/145381.ts","No data (insufficient stream data: 235 bytes)",421
Dead,"BR – 24H INFANTIL","[24H] O SHOW DE TOM E JERRY","http://tjtor8411.com:80/Osiel123/Felicidade321/140743.ts","No data (insufficient stream data: 235 bytes)",414
Dead,"BR – 24H INFANTIL","[24H] O SHOW DO GARFIELD","http://tjtor8411.com:80/Osiel123/Felicidade321/137429.ts","No data (insufficient stream data: 235 bytes)",800
Dead,"BR – 24H INFANTIL","[24H] ONE PIECE [S01]","http://tjtor8411.com:80/Osiel123/Felicidade321/371463.ts","No data (insufficient stream data: 235 bytes)",425
Dead,"BR – 24H INFANTIL","[24H] ONE PIECE [S02]","http://tjtor8411.com:80/Osiel123/Felicidade321/371464.ts","No data (insufficient stream data: 235 bytes)",397
Dead,"BR – 24H INFANTIL","[24H] ONE PIECE [S03]","http://tjtor8411.com:80/Osiel123/Felicidade321/371465.ts","No data (insufficient stream data: 235 bytes)",432
Dead,"BR – 24H INFANTIL","[24H] ONE PIECE [S04]","http://tjtor8411.com:80/Osiel123/Felicidade321/371466.ts","No data (insufficient stream data: 235 bytes)",431
Dead,"BR – 24H INFANTIL","[24H] ONE PIECE [S05]","http://tjtor8411.com:80/Osiel123/Felicidade321/371467.ts","No data (insufficient stream data: 235 bytes)",486
Dead,"BR – 24H INFANTIL","[24H] ONE PIECE [S06]","http://tjtor8411.com:80/Osiel123/Felicidade321/371468.ts","No data (insufficient stream data: 235 bytes)",417
Dead,"BR – 24H INFANTIL","[24H] ONE PIECE [S07]","http://tjtor8411.com:80/Osiel123/Felicidade321/371469.ts","No data (insufficient stream data: 235 bytes)",417
Dead,"BR – 24H INFANTIL","[24H] ONE PIECE [S08]","http://tjtor8411.com:80/Osiel123/Felicidade321/371470.ts","No data (insufficient stream data: 235 bytes)",470
Dead,"BR – 24H INFANTIL","[24H] ONE PIECE [S09]","http://tjtor8411.com:80/Osiel123/Felicidade321/371471.ts","No data (insufficient stream data: 235 bytes)",1278
Dead,"BR – 24H INFANTIL","[24H] ONE PIECE [S10]","http://tjtor8411.com:80/Osiel123/Felicidade321/371472.ts","No data (insufficient stream data: 235 bytes)",422
Dead,"BR – 24H INFANTIL","[24H] ONE PIECE [S11]","http://tjtor8411.com:80/Osiel123/Felicidade321/371473.ts","No data (insufficient stream data: 235 bytes)",390
Dead,"BR – 24H INFANTIL","[24H] ONE PIECE [S12]","http://tjtor8411.com:80/Osiel123/Felicidade321/371474.ts","No data (insufficient stream data: 235 bytes)",448
Dead,"BR – 24H INFANTIL","[24H] ONE PIECE [S13]","http://tjtor8411.com:80/Osiel123/Felicidade321/371475.ts","No data (insufficient stream data: 235 bytes)",436
Dead,"BR – 24H INFANTIL","[24H] ONE PIECE [S14]","http://tjtor8411.com:80/Osiel123/Felicidade321/371476.ts","No data (insufficient stream data: 235 bytes)",727
Dead,"BR – 24H INFANTIL","[24H] ONE PIECE [S15]","http://tjtor8411.com:80/Osiel123/Felicidade321/371477.ts","No data (insufficient stream data: 235 bytes)",459
Dead,"BR – 24H INFANTIL","[24H] ONE PIECE [S16]","http://tjtor8411.com:80/Osiel123/Felicidade321/371478.ts","No data (insufficient stream data: 235 bytes)",528
Dead,"BR – 24H INFANTIL","[24H] ONE PIECE [S17]","http://tjtor8411.com:80/Osiel123/Felicidade321/371479.ts","No data (insufficient stream data: 235 bytes)",393
Dead,"BR – 24H INFANTIL","[24H] ONE PIECE [S18]","http://tjtor8411.com:80/Osiel123/Felicidade321/371480.ts","No data (insufficient stream data: 235 bytes)",380
Dead,"BR – 24H INFANTIL","[24H] ONE PIECE [S19]","http://tjtor8411.com:80/Osiel123/Felicidade321/371481.ts","No data (insufficient stream data: 235 bytes)",428
Dead,"BR – 24H INFANTIL","[24H] OS BACKYARDIGANS","http://tjtor8411.com:80/Osiel123/Felicidade321/141495.ts","No data (insufficient stream data: 235 bytes)",453
Dead,"BR – 24H INFANTIL","[24H] OS CAVALEIROS DO ZODIACO - ALMA DE OURO","http://tjtor8411.com:80/Osiel123/Felicidade321/137135.ts","No data (insufficient stream data: 235 bytes)",432
Dead,"BR – 24H INFANTIL","[24H] OS CAVALEIROS DO ZODIACO - OMEGA","http://tjtor8411.com:80/Osiel123/Felicidade321/138954.ts","No data (insufficient stream data: 235 bytes)",421
Dead,"BR – 24H INFANTIL","[24H] OS CAVALEIROS DO ZODIACO - SAGA DE ASGARD [S02]","http://tjtor8411.com:80/Osiel123/Felicidade321/137131.ts","No data (insufficient stream data: 235 bytes)",417
Dead,"BR – 24H INFANTIL","[24H] OS CAVALEIROS DO ZODIACO - SAGA DE HADES [S04]","http://tjtor8411.com:80/Osiel123/Felicidade321/137133.ts","No data (insufficient stream data: 235 bytes)",389
Dead,"BR – 24H INFANTIL","[24H] OS CAVALEIROS DO ZODIACO - SAGA DE POSEIDON [S03]","http://tjtor8411.com:80/Osiel123/Felicidade321/137132.ts","No data (insufficient stream data: 235 bytes)",383
Dead,"BR – 24H INFANTIL","[24H] OS CAVALEIROS DO ZODIACO - SAGA DO SANTUARIO [S01]","http://tjtor8411.com:80/Osiel123/Felicidade321/137130.ts","No data (insufficient stream data: 235 bytes)",399
Dead,"BR – 24H INFANTIL","[24H] OS CAVALEIROS DO ZODIACO - THE LOST CANVAS","http://tjtor8411.com:80/Osiel123/Felicidade321/137134.ts","No data (insufficient stream data: 235 bytes)",439
Dead,"BR – 24H INFANTIL","[24H] OS CAVALEIROS DO ZODÍACO SAINT SEIYA","http://tjtor8411.com:80/Osiel123/Felicidade321/137136.ts","No data (insufficient stream data: 235 bytes)",425
Dead,"BR – 24H INFANTIL","[24H] OS PADRINHOS MAGICOS","http://tjtor8411.com:80/Osiel123/Felicidade321/135546.ts","No data (insufficient stream data: 235 bytes)",360
Dead,"BR – 24H INFANTIL","[24H] OS SMURFS","http://tjtor8411.com:80/Osiel123/Felicidade321/136817.ts","No data (insufficient stream data: 235 bytes)",356
Dead,"BR – 24H INFANTIL","[24H] OS URSINHOS CARINHOSOS","http://tjtor8411.com:80/Osiel123/Felicidade321/150496.ts","No data (insufficient stream data: 235 bytes)",375
Dead,"BR – 24H INFANTIL","[24H] PATRULHA CANINA","http://tjtor8411.com:80/Osiel123/Felicidade321/135547.ts","No data (insufficient stream data: 235 bytes)",497
Dead,"BR – 24H INFANTIL","[24H] PEPPA PIG","http://tjtor8411.com:80/Osiel123/Felicidade321/135548.ts","No data (insufficient stream data: 235 bytes)",392
Dead,"BR – 24H INFANTIL","[24H] PICA PAU","http://tjtor8411.com:80/Osiel123/Felicidade321/136821.ts","No data (insufficient stream data: 235 bytes)",486
Dead,"BR – 24H INFANTIL","[24H] POCOYO","http://tjtor8411.com:80/Osiel123/Felicidade321/137435.ts","No data (insufficient stream data: 235 bytes)",480
Dead,"BR – 24H INFANTIL","[24H] POKEMON [S01]","http://tjtor8411.com:80/Osiel123/Felicidade321/138791.ts","No data (insufficient stream data: 235 bytes)",479
Dead,"BR – 24H INFANTIL","[24H] POKEMON [S02]","http://tjtor8411.com:80/Osiel123/Felicidade321/138792.ts","No data (insufficient stream data: 235 bytes)",489
Dead,"BR – 24H INFANTIL","[24H] POKEMON [S03]","http://tjtor8411.com:80/Osiel123/Felicidade321/138793.ts","No data (insufficient stream data: 235 bytes)",366
Dead,"BR – 24H INFANTIL","[24H] POKEMON [S04]","http://tjtor8411.com:80/Osiel123/Felicidade321/138794.ts","No data (insufficient stream data: 235 bytes)",448
Dead,"BR – 24H INFANTIL","[24H] POKEMON [S05]","http://tjtor8411.com:80/Osiel123/Felicidade321/138795.ts","No data (insufficient stream data: 235 bytes)",513
Dead,"BR – 24H INFANTIL","[24H] POKEMON [S06]","http://tjtor8411.com:80/Osiel123/Felicidade321/138796.ts","No data (insufficient stream data: 235 bytes)",906
Dead,"BR – 24H INFANTIL","[24H] POKEMON [S07]","http://tjtor8411.com:80/Osiel123/Felicidade321/138797.ts","No data (insufficient stream data: 235 bytes)",518
Dead,"BR – 24H INFANTIL","[24H] POKEMON [S08]","http://tjtor8411.com:80/Osiel123/Felicidade321/138798.ts","No data (insufficient stream data: 235 bytes)",379
Dead,"BR – 24H INFANTIL","[24H] POKEMON [S09]","http://tjtor8411.com:80/Osiel123/Felicidade321/138799.ts","No data (insufficient stream data: 235 bytes)",331
Dead,"BR – 24H INFANTIL","[24H] POKEMON [S10]","http://tjtor8411.com:80/Osiel123/Felicidade321/138800.ts","No data (insufficient stream data: 235 bytes)",388
Dead,"BR – 24H INFANTIL","[24H] POKEMON [S11]","http://tjtor8411.com:80/Osiel123/Felicidade321/138801.ts","No data (insufficient stream data: 235 bytes)",469
Dead,"BR – 24H INFANTIL","[24H] POKEMON [S12]","http://tjtor8411.com:80/Osiel123/Felicidade321/138802.ts","No data (insufficient stream data: 235 bytes)",512
Dead,"BR – 24H INFANTIL","[24H] POKEMON [S13]","http://tjtor8411.com:80/Osiel123/Felicidade321/138803.ts","No data (insufficient stream data: 235 bytes)",510
Dead,"BR – 24H INFANTIL","[24H] POKEMON [S14]","http://tjtor8411.com:80/Osiel123/Felicidade321/138804.ts","No data (insufficient stream data: 235 bytes)",446
Dead,"BR – 24H INFANTIL","[24H] POKEMON [S15]","http://tjtor8411.com:80/Osiel123/Felicidade321/138805.ts","No data (insufficient stream data: 235 bytes)",381
Dead,"BR – 24H INFANTIL","[24H] POKEMON [S16]","http://tjtor8411.com:80/Osiel123/Felicidade321/138806.ts","No data (insufficient stream data: 235 bytes)",336
Dead,"BR – 24H INFANTIL","[24H] POKEMON [S17]","http://tjtor8411.com:80/Osiel123/Felicidade321/138807.ts","No data (insufficient stream data: 235 bytes)",486
Dead,"BR – 24H INFANTIL","[24H] POKEMON [S18]","http://tjtor8411.com:80/Osiel123/Felicidade321/138808.ts","No data (insufficient stream data: 235 bytes)",472
Dead,"BR – 24H INFANTIL","[24H] POKEMON [S19]","http://tjtor8411.com:80/Osiel123/Felicidade321/138809.ts","No data (insufficient stream data: 235 bytes)",430
Dead,"BR – 24H INFANTIL","[24H] POKEMON [S20]","http://tjtor8411.com:80/Osiel123/Felicidade321/138810.ts","No data (insufficient stream data: 235 bytes)",432
Dead,"BR – 24H INFANTIL","[24H] POKEMON [S21]","http://tjtor8411.com:80/Osiel123/Felicidade321/138811.ts","No data (insufficient stream data: 235 bytes)",451
Dead,"BR – 24H INFANTIL","[24H] RUA DALMATAS 101","http://tjtor8411.com:80/Osiel123/Felicidade321/137439.ts","No data (insufficient stream data: 235 bytes)",501
Dead,"BR – 24H INFANTIL","[24H] SAILOR MOON","http://tjtor8411.com:80/Osiel123/Felicidade321/140755.ts","No data (insufficient stream data: 235 bytes)",483
Dead,"BR – 24H INFANTIL","[24H] SCOOBY DOO MISTÉRIO SA","http://tjtor8411.com:80/Osiel123/Felicidade321/151951.ts","No data (insufficient stream data: 235 bytes)",600
Dead,"BR – 24H INFANTIL","[24H] SÍTIO DO PICAPAU AMARELO (1977) [S01]","http://tjtor8411.com:80/Osiel123/Felicidade321/137024.ts","No data (insufficient stream data: 235 bytes)",656
Dead,"BR – 24H INFANTIL","[24H] SÍTIO DO PICAPAU AMARELO (1977) [S02]","http://tjtor8411.com:80/Osiel123/Felicidade321/137025.ts","No data (insufficient stream data: 235 bytes)",449
Dead,"BR – 24H INFANTIL","[24H] SÍTIO DO PICAPAU AMARELO (1977) [S03]","http://tjtor8411.com:80/Osiel123/Felicidade321/137026.ts","No data (insufficient stream data: 235 bytes)",427
Dead,"BR – 24H INFANTIL","[24H] THUNDERCATS","http://tjtor8411.com:80/Osiel123/Felicidade321/135468.ts","No data (insufficient stream data: 235 bytes)",618
Dead,"BR – 24H INFANTIL","[24H] THUNDERCATS (2011)","http://tjtor8411.com:80/Osiel123/Felicidade321/135489.ts","No data (insufficient stream data: 235 bytes)",527
Dead,"BR – 24H INFANTIL","[24H] TOM E JERRY","http://tjtor8411.com:80/Osiel123/Felicidade321/136814.ts","No data (insufficient stream data: 235 bytes)",410
Dead,"BR – 24H INFANTIL","[24H] TRES ESPIAS DEMAIS","http://tjtor8411.com:80/Osiel123/Felicidade321/140758.ts","No data (insufficient stream data: 235 bytes)",344
Dead,"BR – 24H INFANTIL","[24H] TURMA DA MONICA","http://tjtor8411.com:80/Osiel123/Felicidade321/137612.ts","No data (insufficient stream data: 235 bytes)",367
Dead,"BR – 24H INFANTIL","[24H] TV QUACK O PATO DONALD E SEUS SOBRINHOS","http://tjtor8411.com:80/Osiel123/Felicidade321/137116.ts","No data (insufficient stream data: 235 bytes)",590
Dead,"BR – 24H INFANTIL","[24H] URSINHOS CARINHOSOS E SEUS PRIMOS","http://tjtor8411.com:80/Osiel123/Felicidade321/151623.ts","No data (insufficient stream data: 235 bytes)",1233
Dead,"BR – 24H INFANTIL","[24H] YU-GI-OH - DUEL MONSTERS [S01]","http://tjtor8411.com:80/Osiel123/Felicidade321/138012.ts","No data (insufficient stream data: 235 bytes)",444
Dead,"BR – 24H INFANTIL","[24H] YU-GI-OH - DUEL MONSTERS [S02]","http://tjtor8411.com:80/Osiel123/Felicidade321/138013.ts","No data (insufficient stream data: 235 bytes)",539
Dead,"BR – 24H INFANTIL","[24H] YU-GI-OH - DUEL MONSTERS [S03]","http://tjtor8411.com:80/Osiel123/Felicidade321/138014.ts","No data (insufficient stream data: 235 bytes)",369
Dead,"BR – 24H INFANTIL","[24H] YU-GI-OH - DUEL MONSTERS [S04]","http://tjtor8411.com:80/Osiel123/Felicidade321/138015.ts","No data (insufficient stream data: 235 bytes)",586
Dead,"BR – 24H INFANTIL","[24H] YU-GI-OH - DUEL MONSTERS [S05]","http://tjtor8411.com:80/Osiel123/Felicidade321/138016.ts","No data (insufficient stream data: 235 bytes)",442
Alive,"BR – 24H INFANTIL","AS TARTARUGAS NINJA","https://jmp2.uk/plu-63dd5c904e83e700088fb68a.m3u8","",723
Alive,"BR – 24H INFANTIL","AVATAR: A LENDA DE AANG","https://jmp2.uk/plu-6759eeb1bd523200083b4f29.m3u8","",699
Alive,"BR – 24H INFANTIL","BEYBLADE","https://jmp2.uk/plu-633dc392e0282400071b0d39.m3u8","",906
Alive,"BR – 24H INFANTIL","BOB ESPONJA CALÇA QUADRADA","https://jmp2.uk/plu-62545c0b002f4b0007688b61.m3u8","",755
Alive,"BR – 24H INFANTIL","BORUTO: NARUTO NEXT GENERATIONS","https://jmp2.uk/plu-656f389c3944b60008e5bdab.m3u8","",761
Alive,"BR – 24H INFANTIL","COCORICÓ","https://jmp2.uk/plu-62d969fd8451a30007f0fd94.m3u8","",1646
Alive,"BR – 24H INFANTIL","D.P.A","https://dfr80qz435crc.cloudfront.net/EFGH/Amagi/Globo/DPA_Fast_BR/DPA_Fast.m3u8","",507
Alive,"BR – 24H INFANTIL","DEATH NOTE","https://jmp2.uk/plu-625464a945b6a200079257d1.m3u8","",1415
Alive,"BR – 24H INFANTIL","HUNTER X HUNTER","https://jmp2.uk/plu-65d9167818036500080e8780.m3u8","",3276
Alive,"BR – 24H INFANTIL","INUYASHA BR","https://jmp2.uk/plu-66b26681d2d50d00083abe8b.m3u8","",846
Alive,"BR – 24H INFANTIL","JOJO'S BIZARRE ADVENTURE","https://jmp2.uk/plu-66c7982f6838ee00085f0d24.m3u8","",1358
Alive,"BR – 24H INFANTIL","NARUTO","https://jmp2.uk/plu-5f6df5a173d7340007c559f7.m3u8","",809
Alive,"BR – 24H INFANTIL","NARUTO SHIPPUDEN","https://jmp2.uk/plu-64c92f965580090008084968.m3u8","",759
Dead,"BR – 24H INFANTIL","NICKONLINE BOB ESPONJA","https://bob.x1colegal.com/hls/stream.m3u8","HTTP 530",492
Geoblocked,"BR – 24H INFANTIL","OGGY E AS BARATAS TONTAS","https://jmp2.uk/plu-63221bafdc6e110007b50270.m3u8","HTTP 403",2191
Alive,"BR – 24H INFANTIL","ONE PIECE","https://jmp2.uk/plu-624b1c8d4321e200073ee421.m3u8","",696
Alive,"BR – 24H INFANTIL","OS PADRINHOS MÁGICOS","https://jmp2.uk/plu-63221e41af69b500076f84e7.m3u8","",816
Alive,"BR – 24H INFANTIL","OS SMURFS","https://jmp2.uk/plu-68b88ae1943f6fb1fb2ad749.m3u8","",995
Alive,"BR – 24H INFANTIL","PATRULHA CANINA","https://jmp2.uk/plu-63eba189c111bc0008ff59c5.m3u8","",726
Alive,"BR – 24H INFANTIL","POKÉMON","https://jmp2.uk/plu-687007a8ee4155e89a8f6d67.m3u8","",783
Geoblocked,"BR – 24H INFANTIL","POPEYE","https://jmp2.uk/plu-677d93f37bffa600080795e7.m3u8","HTTP 403",1673
Alive,"BR – 24H INFANTIL","TURMA DA MÔNICA","https://jmp2.uk/plu-5f997e44949bc70007a6941e.m3u8","",735
Alive,"BR – 24H INFANTIL","YU-GI-OH","https://jmp2.uk/plu-63988a50be012600070f5db3.m3u8","",1307
Dead,"BR – 24H INFANTIL","🔴DRAGON BALL GT 24H","http://15.235.9.200:14888/","Connection refused",342
Alive,"BR – 24H INFANTIL","🔴DRAGON BALL Z 24","http://15.235.9.200:14885/","",612
Dead,"BR – REALITIES","[US] TRUTV","http://up.kiwi/351921603109/34939156/1260927","HTTP 503",3405
Dead,"BR – REALITIES","TRU TV H265","http://up.kiwi/351921603109/34939156/1323","HTTP 502",3353
Dead,"BR – REALITIES","TRU TV HD","http://up.kiwi/351921603109/34939156/1324","HTTP 404",1891
Dead,"BR – REALITIES","TRU TV SD","http://up.kiwi/351921603109/34939156/1325","HTTP 404",2254
Dead,"BR – GLOBO","GLOBO PR RPC","http://up.kiwi/351921603109/34939156/295918","HTTP 503",2312
Dead,"BR – GLOBO","GLOBO PR RPC CASCAVEL HD","http://up.kiwi/351921603109/34939156/296798","HTTP 502",2739
Dead,"BR – GLOBO","GLOBO PR RPC CURITIBA FHD","http://up.kiwi/351921603109/34939156/296799","HTTP 503",2717
Dead,"BR – GLOBO","GLOBO PR RPC CURITIBA HD","http://up.kiwi/351921603109/34939156/296800","HTTP 503",1603
Dead,"BR – GLOBO","GLOBO PR RPC CURITIBA SD","http://up.kiwi/351921603109/34939156/296801","HTTP 503",2293
Dead,"BR – GLOBO","GLOBO PR RPC FOZ DO IGUAÇU FHD","http://up.kiwi/351921603109/34939156/296802","HTTP 502",3059
Dead,"BR – GLOBO","GLOBO PR RPC LONDRINA HD","http://up.kiwi/351921603109/34939156/296803","HTTP 503",2300
Dead,"BR – GLOBO","GLOBO PR RPC LONDRINA SD","http://up.kiwi/351921603109/34939156/295826","HTTP 503",2267
Dead,"BR – GLOBO","GLOBO PR RPC MARINGÁ FHD","http://up.kiwi/351921603109/34939156/296804","HTTP 404",1571
Alive,"BR – GLOBO","GLOBO PR RPC MARINGÁ HD","http://up.kiwi/351921603109/34939156/296805","",2378
Alive,"BR – GLOBO","GLOBO PR RPC PARANAVAÍ HD","http://up.kiwi/351921603109/34939156/296806","",2678
Alive,"BR – GLOBO","GLOBO PR RPC PONTA GROSSA FHD","http://up.kiwi/351921603109/34939156/296807","",2775
Dead,"BR – GLOBO","GLOBO PR RPC PONTA GROSSA HD","http://up.kiwi/351921603109/34939156/296808","HTTP 503",2248
Dead,"BR – GLOBO","GLOBO PR RPC PONTA GROSSA SD","http://up.kiwi/351921603109/34939156/296809","HTTP 502",3432
Dead,"BR – GLOBO","GLOBO RPC CASCAVEL FHD","http://tjtor8411.com:80/Osiel123/Felicidade321/133058.ts","No data (insufficient stream data: 235 bytes)",478
Dead,"BR – GLOBO","GLOBO RPC CASCAVEL FHD [2]","http://tjtor8411.com:80/010794/FXz1sY/133058.ts","No data (insufficient stream data: 235 bytes)",468
Dead,"BR – GLOBO","GLOBO RPC CASCAVEL HD","http://tjtor8411.com:80/Osiel123/Felicidade321/133059.ts","No data (insufficient stream data: 235 bytes)",414
Dead,"BR – GLOBO","GLOBO RPC CASCAVEL HD [2]","http://tjtor8411.com:80/010794/FXz1sY/133059.ts","No data (insufficient stream data: 235 bytes)",469
Dead,"BR – GLOBO","GLOBO RPC CASCAVEL SD","http://tjtor8411.com:80/Osiel123/Felicidade321/133060.ts","No data (insufficient stream data: 235 bytes)",509
Dead,"BR – GLOBO","GLOBO RPC CASCAVEL SD [2]","http://tjtor8411.com:80/010794/FXz1sY/133060.ts","No data (insufficient stream data: 235 bytes)",574
Dead,"BR – GLOBO","GLOBO RPC LONDRINA FHD","http://tjtor8411.com:80/Osiel123/Felicidade321/133061.ts","No data (insufficient stream data: 235 bytes)",506
Dead,"BR – GLOBO","GLOBO RPC LONDRINA FHD [2]","http://tjtor8411.com:80/010794/FXz1sY/133061.ts","No data (insufficient stream data: 235 bytes)",461
Dead,"BR – GLOBO","GLOBO RPC LONDRINA HD","http://tjtor8411.com:80/Osiel123/Felicidade321/133062.ts","No data (insufficient stream data: 235 bytes)",518
Dead,"BR – GLOBO","GLOBO RPC LONDRINA HD [2]","http://tjtor8411.com:80/010794/FXz1sY/133062.ts","No data (insufficient stream data: 235 bytes)",446
Dead,"BR – GLOBO","GLOBO RPC LONDRINA SD","http://tjtor8411.com:80/Osiel123/Felicidade321/133063.ts","No data (insufficient stream data: 235 bytes)",908
Dead,"BR – GLOBO","GLOBO RPC LONDRINA SD [2]","http://tjtor8411.com:80/010794/FXz1sY/133063.ts","No data (insufficient stream data: 235 bytes)",596
Dead,"BR – GLOBO","GLOBO RPC PARANAVAI FHD","http://tjtor8411.com:80/Osiel123/Felicidade321/72028.ts","No data (insufficient stream data: 235 bytes)",528
Dead,"BR – GLOBO","GLOBO RPC PARANAVAI FHD [2]","http://tjtor8411.com:80/010794/FXz1sY/72028.ts","No data (insufficient stream data: 235 bytes)",484
Dead,"BR – GLOBO","GLOBO RPC PARANAVAI HD","http://tjtor8411.com:80/Osiel123/Felicidade321/131170.ts","No data (insufficient stream data: 235 bytes)",483
Dead,"BR – GLOBO","GLOBO RPC PARANAVAI HD [2]","http://tjtor8411.com:80/010794/FXz1sY/131170.ts","No data (insufficient stream data: 235 bytes)",440
Dead,"BR – GLOBO","GLOBO RPC PARANAVAI SD","http://tjtor8411.com:80/Osiel123/Felicidade321/131197.ts","No data (insufficient stream data: 235 bytes)",501
Dead,"BR – GLOBO","GLOBO RPC PARANAVAI SD [2]","http://tjtor8411.com:80/010794/FXz1sY/131197.ts","No data (insufficient stream data: 235 bytes)",421
Dead,"BR – GLOBO","GLOBO RPC TV CURITIBA FHD","http://tjtor8411.com:80/Osiel123/Felicidade321/131199.ts","No data (insufficient stream data: 235 bytes)",533
Dead,"BR – GLOBO","GLOBO RPC TV CURITIBA FHD [2]","http://tjtor8411.com:80/010794/FXz1sY/131199.ts","No data (insufficient stream data: 235 bytes)",531
Dead,"BR – GLOBO","GLOBO RPC TV CURITIBA HD","http://tjtor8411.com:80/Osiel123/Felicidade321/72626.ts","No data (insufficient stream data: 235 bytes)",520
Dead,"BR – GLOBO","GLOBO RPC TV CURITIBA HD [2]","http://tjtor8411.com:80/010794/FXz1sY/72626.ts","No data (insufficient stream data: 235 bytes)",504
Dead,"BR – GLOBO","GLOBO RPC TV CURITIBA SD","http://tjtor8411.com:80/Osiel123/Felicidade321/131127.ts","No data (insufficient stream data: 235 bytes)",449
Dead,"BR – GLOBO","GLOBO RPC TV CURITIBA SD [2]","http://tjtor8411.com:80/010794/FXz1sY/131127.ts","No data (insufficient stream data: 235 bytes)",489
Dead,"BR – GLOBO","GLOBO RPC TV FOZ DO IGUACU FHD","http://tjtor8411.com:80/Osiel123/Felicidade321/131149.ts","No data (insufficient stream data: 235 bytes)",612
Dead,"BR – GLOBO","GLOBO RPC TV FOZ DO IGUACU FHD [2]","http://tjtor8411.com:80/010794/FXz1sY/131149.ts","No data (insufficient stream data: 235 bytes)",484
Dead,"BR – GLOBO","GLOBO RPC TV FOZ DO IGUACU HD","http://tjtor8411.com:80/Osiel123/Felicidade321/72033.ts","No data (insufficient stream data: 235 bytes)",500
Dead,"BR – GLOBO","GLOBO RPC TV FOZ DO IGUACU HD [2]","http://tjtor8411.com:80/010794/FXz1sY/72033.ts","No data (insufficient stream data: 235 bytes)",457
Dead,"BR – GLOBO","GLOBO RPC TV FOZ DO IGUACU SD","http://tjtor8411.com:80/Osiel123/Felicidade321/131206.ts","No data (insufficient stream data: 235 bytes)",554
Dead,"BR – GLOBO","GLOBO RPC TV FOZ DO IGUACU SD [2]","http://tjtor8411.com:80/010794/FXz1sY/131206.ts","No data (insufficient stream data: 235 bytes)",504
Dead,"BR – GLOBO","GLOBO RPC TV MARINGA FHD","http://tjtor8411.com:80/Osiel123/Felicidade321/131101.ts","No data (insufficient stream data: 235 bytes)",588
Dead,"BR – GLOBO","GLOBO RPC TV MARINGA FHD [2]","http://tjtor8411.com:80/010794/FXz1sY/131101.ts","No data (insufficient stream data: 235 bytes)",410
Dead,"BR – GLOBO","GLOBO RPC TV MARINGA HD","http://tjtor8411.com:80/Osiel123/Felicidade321/96888.ts","No data (insufficient stream data: 235 bytes)",424
Dead,"BR – GLOBO","GLOBO RPC TV MARINGA HD [2]","http://tjtor8411.com:80/010794/FXz1sY/96888.ts","No data (insufficient stream data: 235 bytes)",400
Dead,"BR – GLOBO","GLOBO RPC TV MARINGA SD","http://tjtor8411.com:80/Osiel123/Felicidade321/131125.ts","No data (insufficient stream data: 235 bytes)",449
Dead,"BR – GLOBO","GLOBO RPC TV MARINGA SD [2]","http://tjtor8411.com:80/010794/FXz1sY/131125.ts","No data (insufficient stream data: 235 bytes)",417
Dead,"BR – GLOBO","GLOBO RPC TV PONTA GROSSA FHD","http://tjtor8411.com:80/Osiel123/Felicidade321/131133.ts","No data (insufficient stream data: 235 bytes)",819
Dead,"BR – GLOBO","GLOBO RPC TV PONTA GROSSA FHD [2]","http://tjtor8411.com:80/010794/FXz1sY/131133.ts","No data (insufficient stream data: 235 bytes)",507
Dead,"BR – GLOBO","GLOBO RPC TV PONTA GROSSA HD","http://tjtor8411.com:80/Osiel123/Felicidade321/72037.ts","No data (insufficient stream data: 235 bytes)",531
Dead,"BR – GLOBO","GLOBO RPC TV PONTA GROSSA HD [2]","http://tjtor8411.com:80/010794/FXz1sY/72037.ts","No data (insufficient stream data: 235 bytes)",466
Dead,"BR – GLOBO","GLOBO RPC TV PONTA GROSSA SD","http://tjtor8411.com:80/Osiel123/Felicidade321/131189.ts","No data (insufficient stream data: 235 bytes)",475
Dead,"BR – GLOBO","GLOBO RPC TV PONTA GROSSA SD [2]","http://tjtor8411.com:80/010794/FXz1sY/131189.ts","No data (insufficient stream data: 235 bytes)",493
Alive,"BR – GLOBO","GLOBO SC NSC TV BLUMENAU FHD","http://up.kiwi/351921603109/34939156/296783","",2701
Alive,"BR – GLOBO","GLOBO SC NSC TV BLUMENAU HD","http://up.kiwi/351921603109/34939156/296784","",2358
Dead,"BR – GLOBO","GLOBO SC NSC TV CENTRO-OESTE FHD","http://up.kiwi/351921603109/34939156/296779","HTTP 502",3105
Dead,"BR – GLOBO","GLOBO SC NSC TV CHAPECÓ FHD","http://up.kiwi/351921603109/34939156/296785","HTTP 503",1936
Dead,"BR – GLOBO","GLOBO SC NSC TV CRICIÚMA FHD","http://up.kiwi/351921603109/34939156/296786","HTTP 503",2517
Dead,"BR – GLOBO","GLOBO SC NSC TV FLORIANÓPOLIS FHD","http://up.kiwi/351921603109/34939156/296780","HTTP 502",2620
Dead,"BR – GLOBO","GLOBO SC NSC TV FLORIANÓPOLIS HD","http://up.kiwi/351921603109/34939156/296781","HTTP 503",1519
Alive,"BR – GLOBO","GLOBO SC NSC TV FLORIANÓPOLIS SD","http://up.kiwi/351921603109/34939156/296782","",2813
Alive,"BR – GLOBO","GLOBO SC NSC TV JOINVILLE FHD","http://up.kiwi/351921603109/34939156/296787","",3685
Dead,"BR – SBT","SBT PR FOZ DO IGUAÇU HD","http://up.kiwi/351921603109/34939156/296878","HTTP 404",1765
Dead,"BR – SBT","SBT PR HD","http://up.kiwi/351921603109/34939156/296865","HTTP 503",1789
Alive,"BR – SBT","SBT PR LONDRINA HD","http://up.kiwi/351921603109/34939156/296882","",3685
Alive,"BR – SBT","SBT PR MARINGÁ HD","http://up.kiwi/351921603109/34939156/296884","",3214
Alive,"BR – BAND","BAND PR FHD","http://up.kiwi/351921603109/34939156/296917","",3338
Alive,"BR – BAND","BAND PR SD","http://up.kiwi/351921603109/34939156/122","",2920
Dead,"BR – BAND","BAND RS FHD","http://up.kiwi/351921603109/34939156/296921","HTTP 503",2032
Dead,"BR – BAND","BAND RS PORTO ALEGRE SD","http://up.kiwi/351921603109/34939156/131","HTTP 503",1686
Dead,"BR – BAND","BAND SC BARRIGA VERDE FHD","http://up.kiwi/351921603109/34939156/296932","HTTP 503",1679
Dead,"BR – RECORD","RECORD PR FHD","http://up.kiwi/351921603109/34939156/296670","HTTP 404",1397
Alive,"BR – RECORD","RECORD RS FHD","http://up.kiwi/351921603109/34939156/296677","",3817
Alive,"BR – RECORD","RECORD RS HD","http://up.kiwi/351921603109/34939156/296678","",3581
Dead,"BR – RECORD","RECORD SC FLORIANÓPOLIS","http://up.kiwi/351921603109/34939156/296628","HTTP 404",1869
Dead,"BR – RECORD","RECORDTV PARANAIBA DE UBERLANDIA FHD","http://tjtor8411.com:80/Osiel123/Felicidade321/218796.ts","No data (insufficient stream data: 235 bytes)",533
Dead,"BR – RECORD","RECORDTV PARANAIBA DE UBERLANDIA HD","http://tjtor8411.com:80/Osiel123/Felicidade321/218797.ts","No data (insufficient stream data: 235 bytes)",605
Dead,"BR – RECORD","RECORDTV PARANAIBA UBERLANDIA SD","http://tjtor8411.com:80/Osiel123/Felicidade321/349916.ts","No data (insufficient stream data: 235 bytes)",389
Geoblocked,"BR – ABERTOS","ABC BRASIL","https://stmv1.srvstm.com/victor7513/victor7513/playlist.m3u8","HTTP 403",397
Dead,"BR – ABERTOS","CNT SD","http://up.kiwi/351921603109/34939156/276","HTTP 503",2647
Alive,"BR – ABERTOS","COM BRASIL","https://br5093.streamingdevideo.com.br/abc/abc/playlist.m3u8","",1801
Alive,"BR – ABERTOS","COM BRASIL [2]","https://dfr80qz435crc.cloudfront.net/EFGH/Amagi/NewCo/New_Brasil_BR/New_Brasil.m3u8","",692
Dead,"BR – ABERTOS","CULTURA [H265 ]","http://tjtor8411.com:80/Osiel123/Felicidade321/71852.ts","No data (insufficient stream data: 235 bytes)",636
Dead,"BR – ABERTOS","CULTURA [H265 ] [2]","http://tjtor8411.com:80/010794/FXz1sY/71852.ts","No data (insufficient stream data: 235 bytes)",603
Alive,"BR – ABERTOS","CULTURA FAST","https://fpa-gateway.tvcultura.com.br:8181/memfs/606caef0-a290-413d-9f1f-8fcdb3a73831.m3u8","",1769
Dead,"BR – ABERTOS","CULTURA FHD","http://tjtor8411.com:80/Osiel123/Felicidade321/71851.ts","No data (insufficient stream data: 235 bytes)",634
Dead,"BR – ABERTOS","CULTURA FHD [2]","http://tjtor8411.com:80/010794/FXz1sY/71851.ts","No data (insufficient stream data: 235 bytes)",677
Dead,"BR – ABERTOS","CULTURA H265","http://tjtor8411.com:80/Osiel123/Felicidade321/103513.ts","No data (insufficient stream data: 235 bytes)",667
Dead,"BR – ABERTOS","CULTURA H265 [2]","http://tjtor8411.com:80/010794/FXz1sY/103513.ts","No data (insufficient stream data: 235 bytes)",649
Dead,"BR – ABERTOS","CULTURA HD","http://tjtor8411.com:80/Osiel123/Felicidade321/71853.ts","No data (insufficient stream data: 235 bytes)",557
Dead,"BR – ABERTOS","CULTURA HD [2]","http://tjtor8411.com:80/010794/FXz1sY/71853.ts","No data (insufficient stream data: 235 bytes)",629
Geoblocked,"BR – ABERTOS","CULTURA PARA","http://170.84.165.204/CANAL_21_HD/index.m3u8","HTTP 403",348
Dead,"BR – ABERTOS","CULTURA PARÁ","http://www.portalcultura.com.br/playerhtml/funtelpa/tv_funtelpa/playlist.m3u8","Timeout",24189
Dead,"BR – ABERTOS","CULTURA SD","http://tjtor8411.com:80/Osiel123/Felicidade321/71854.ts","No data (insufficient stream data: 235 bytes)",550
Dead,"BR – ABERTOS","CULTURA SD [2]","http://tjtor8411.com:80/010794/FXz1sY/71854.ts","No data (insufficient stream data: 235 bytes)",529
Alive,"BR – ABERTOS","FUTURA","http://168.197.104.22/FUTURA/index.m3u8","",1127
Alive,"BR – ABERTOS","FUTURA [2]","http://170.83.49.66:8083/FUTURAHD/index.m3u8","",1305
Dead,"BR – ABERTOS","FUTURA [H265 ]","http://tjtor8411.com:80/Osiel123/Felicidade321/71963.ts","No data (insufficient stream data: 235 bytes)",827
Dead,"BR – ABERTOS","FUTURA [H265 ] [2]","http://tjtor8411.com:80/010794/FXz1sY/71963.ts","No data (insufficient stream data: 235 bytes)",541
Dead,"BR – ABERTOS","FUTURA FHD","http://up.kiwi/351921603109/34939156/305213","HTTP 503",1664
Dead,"BR – ABERTOS","FUTURA FHD [2]","http://tjtor8411.com:80/Osiel123/Felicidade321/71962.ts","No data (insufficient stream data: 235 bytes)",527
Dead,"BR – ABERTOS","FUTURA FHD [3]","http://tjtor8411.com:80/010794/FXz1sY/71962.ts","No data (insufficient stream data: 235 bytes)",509
Dead,"BR – ABERTOS","FUTURA H265","http://tjtor8411.com:80/Osiel123/Felicidade321/103499.ts","No data (insufficient stream data: 235 bytes)",543
Dead,"BR – ABERTOS","FUTURA H265 [2]","http://tjtor8411.com:80/010794/FXz1sY/103499.ts","No data (insufficient stream data: 235 bytes)",493
Dead,"BR – ABERTOS","FUTURA HD","http://up.kiwi/351921603109/34939156/305214","HTTP 503",2267
Dead,"BR – ABERTOS","FUTURA HD [2]","http://tjtor8411.com:80/Osiel123/Felicidade321/71964.ts","No data (insufficient stream data: 235 bytes)",565
Dead,"BR – ABERTOS","FUTURA HD [3]","http://tjtor8411.com:80/010794/FXz1sY/71964.ts","No data (insufficient stream data: 235 bytes)",544
Dead,"BR – ABERTOS","FUTURA SD","http://up.kiwi/351921603109/34939156/530","HTTP 404",1573
Dead,"BR – ABERTOS","FUTURA SD [2]","http://tjtor8411.com:80/Osiel123/Felicidade321/71965.ts","No data (insufficient stream data: 235 bytes)",552
Dead,"BR – ABERTOS","FUTURA SD [3]","http://tjtor8411.com:80/010794/FXz1sY/71965.ts","No data (insufficient stream data: 235 bytes)",527
Alive,"BR – ABERTOS","NGT","https://isaocorp.cloudecast.com/ngt/index.m3u8?ManoTV","",1587
Alive,"BR – ABERTOS","NTV","https://cdn.livespanel.com/nossatv/nossatv/playlist.m3u8","",2422
Alive,"BR – ABERTOS","RBATV","https://cdn.live.br1.jmvstream.com/w/LVW-15748/LVW15748_Yed7yzLuRC/playlist.m3u8","",514
Alive,"BR – ABERTOS","REDE BRASIL","https://redebrasil.nuvemplay.live/hls/stream.m3u8","",1363
Alive,"BR – ABERTOS","REDE BRASIL [2]","http://45.190.28.50/REDE_BRASIL_HD/index.m3u8","",1112
Geoblocked,"BR – ABERTOS","REDE BRASIL [3]","http://138.255.2.6:8084/REDEBRASIL/index.m3u8","HTTP 403",295
Geoblocked,"BR – ABERTOS","REDE BRASIL [4]","http://170.84.165.204/REDEBRASIL/index.m3u8","HTTP 403",310
Dead,"BR – ABERTOS","REDE BRASIL [5]","https://cdn-tiva-video09-logicahost-com-br.smartbit.co/redebrasiloficial/redebrasiloficial/playlist.m3u8","DNS failure",141
Dead,"BR – ABERTOS","REDE CNT","http://capivara.top:80/play/YmztvPOUaQu6G_uK8dDscH2uzXzheGcubxdV6JAgZesaflEnFih4nFWIp20LhZ-A","HTTPConnectionPool(host='capivara.top', port=80): Max retries exceeded with url: /play/YmztvPOUaQu6G_uK8dDscH2uzXzheGcubxdV6JAgZesaflEnFih4nFWIp20LhZ-A (Caused by NameResolutionError("HTTPConnection(h",678
Alive,"BR – ABERTOS","REDE CNT RIO DE JANEIRO","http://45.162.64.114/CNT/index.m3u8","",1180
Alive,"BR – ABERTOS","REDE CNT RIO DE JANEIRO [2]","http://45.190.28.50/CNT_HD/index.m3u8","",1112
Alive,"BR – ABERTOS","REDE CNT RIO DE JANEIRO [3]","http://168.197.104.22/CNT/index.m3u8","",1113
Alive,"BR – ABERTOS","REDE CNT RIO DE JANEIRO [4]","http://170.83.49.66:8083/REDECNTHD/index.m3u8","",1288
Geoblocked,"BR – ABERTOS","REDE CNT RIO DE JANEIRO [5]","http://170.84.165.204/CNT_HD/index.m3u8","HTTP 403",315
Alive,"BR – ABERTOS","REDE CNT RIO DE JANEIRO [6]","http://186.219.52.187/cnt/index.m3u8","",1112
Dead,"BR – ABERTOS","REDE CNT SALVADOR","http://168.205.87.198:8555/live/1368/123456/150.m3u8","Failed to read manifest body",1402
Dead,"BR – ABERTOS","REDE MINAS","https://v4-slbps-sambavideos.akamaized.net/live/3282,8114,ec4b5a296d97fa99bf990662f5b4f8e1;base64np;Mc8VDxqNjXKCAf8!/amlst:Mc_tFgfGiHOdQXPB/chunklist_.m3u8","HTTP 504",38497
Alive,"BR – ABERTOS","REDE MINAS [2]","https://8hzcavccys.zoeweb.tv/redeminas/ngrp:redeminas_all/playlist.m3u8","",1851
Alive,"BR – ABERTOS","REDE NGT","https://isaocorp.cloudecast.com/ngt/index.m3u8","",1589
Dead,"BR – ABERTOS","REDE NGT [2]","https://cdn-tiva-maystreaming-cloudecast-com.smartbit.co/ngt/index.m3u8","DNS failure",142
Dead,"BR – ABERTOS","REDE PREMIUM TV","https://cdn-tiva-stmv2-samcast-com-br.smartbit.co/leonardo9878/leonardo9878/playlist.m3u8","DNS failure",155
Dead,"BR – ABERTOS","REDE SUPER HD","http://up.kiwi/351921603109/34939156/297462","HTTP 502",2157
Alive,"BR – ABERTOS","REDE TV H265","http://up.kiwi/351921603109/34939156/299680","",3009
Dead,"BR – ABERTOS","REDE TV HD","http://up.kiwi/351921603109/34939156/1117","HTTP 503",1631
Alive,"BR – ABERTOS","REDE TV SD","http://up.kiwi/351921603109/34939156/1119","",3007
Dead,"BR – ABERTOS","REDE TV SUL","https://5a0c3936c25c8.streamlock.net/8032/8032/playlist.m3u8","SSL/TLS error",783
Dead,"BR – ABERTOS","TOP MIX TV","https://59f1cbe63db89.streamlock.net:1443/topmixtv/_definst_/topmixtv/playlist.m3u8?ManoTV","SSL/TLS error",580
Dead,"BR – ABERTOS","TV CARIOCA","https://cdn-tiva-video03-logicahost-com-br.smartbit.co/cariocainternacional1/cariocainternacional1/playlist.m3u8","DNS failure",126
Alive,"BR – ABERTOS","TV CLUBE","https://5c483b9d1019c.streamlock.net/8186/8186/playlist.m3u8","",864
Alive,"BR – ABERTOS","TV CURUÇA","https://stmv1.srvif.com/tvcurucasp/tvcurucasp/playlist.m3u8","",562
Dead,"BR – ABERTOS","TV UNIAO [H265 ]","http://tjtor8411.com:80/Osiel123/Felicidade321/100422.ts","No data (insufficient stream data: 235 bytes)",401
Dead,"BR – ABERTOS","TV UNIAO [H265 ] [2]","http://tjtor8411.com:80/010794/FXz1sY/100422.ts","No data (insufficient stream data: 235 bytes)",445
Dead,"BR – ABERTOS","TV UNIAO H265","http://tjtor8411.com:80/Osiel123/Felicidade321/103457.ts","No data (insufficient stream data: 235 bytes)",497
Dead,"BR – ABERTOS","TV UNIAO H265 [2]","http://tjtor8411.com:80/010794/FXz1sY/103457.ts","No data (insufficient stream data: 235 bytes)",320
Dead,"BR – ABERTOS","TVC","https://video01.kshost.com.br:4443/inside2133/inside2133/chunklist_w384766910.m3u8","Timeout",20524
Dead,"BR – ABERTOS","TVC BRASIL","https://a.cdni.live/tvcbrasil/tvcbrasil/playlist.m3u8","Timeout",20219
Alive,"BR – ABERTOS","TVC-RIO","https://video05.logicahost.com.br/comunitariario/comunitariario/playlist.m3u8","",1603
Alive,"BR – ABERTOS","TVCOM DF","https://5b7f3c45ab7c2.streamlock.net/8008/smil:8008.smil/playlist.m3u8?DVR=","",643
Alive,"BR – ABERTOS","TVCOM MACEIÓ","https://srv5.zcast.com.br/tvcommaceio/tvcommaceio/playlist.m3u8","",708
Alive,"BR – ABERTOS","TVE CULTURA","http://45.190.28.50/TVE/index.m3u8","",1117
Dead,"BR – FILMES E SERIES","15:30 | ALBION FC X BOSTON RIVER","http://up.kiwi/351921603109/34939156/1293823","HTTP 404",1496
Alive,"BR – FILMES E SERIES","[US] A&E TV","http://up.kiwi/351921603109/34939156/1260779","",2571
Dead,"BR – FILMES E SERIES","[US] AMC","http://up.kiwi/351921603109/34939156/1260784","HTTP 503",1485
Dead,"BR – FILMES E SERIES","[US] CINEMAX","http://up.kiwi/351921603109/34939156/1260804","HTTP 503",6245
Alive,"BR – FILMES E SERIES","[US] FOX","http://up.kiwi/351921603109/34939156/1260843","",2534
Dead,"BR – FILMES E SERIES","[US] FOX BUSINESS","http://up.kiwi/351921603109/34939156/1260844","HTTP 503",1440
Dead,"BR – FILMES E SERIES","[US] FOX NEWS","http://up.kiwi/351921603109/34939156/1260845","HTTP 404",15073
Alive,"BR – FILMES E SERIES","[US] FX","http://up.kiwi/351921603109/34939156/1260850","",2227
Dead,"BR – FILMES E SERIES","[US] FX MOVIE CHANNEL","http://up.kiwi/351921603109/34939156/1260851","HTTP 404",15673
Dead,"BR – FILMES E SERIES","[US] FXX","http://up.kiwi/351921603109/34939156/1260852","HTTP 503",1965
Dead,"BR – FILMES E SERIES","[US] HBO","http://up.kiwi/351921603109/34939156/1260861","HTTP 503",1930
Alive,"BR – FILMES E SERIES","[US] HBO 2","http://up.kiwi/351921603109/34939156/1260862","",2778
Dead,"BR – FILMES E SERIES","[US] HBO COMEDY","http://up.kiwi/351921603109/34939156/1260863","HTTP 404",1652
Dead,"BR – FILMES E SERIES","[US] HBO ZONE","http://up.kiwi/351921603109/34939156/1260864","HTTP 404",15788
Dead,"BR – FILMES E SERIES","[US] INVESTIGATION DISCOVERY","http://up.kiwi/351921603109/34939156/1260868","HTTP 404",15925
Dead,"BR – FILMES E SERIES","[US] ION TV","http://up.kiwi/351921603109/34939156/1260869","HTTP 404",15862
Dead,"BR – FILMES E SERIES","[US] SONY MOVIE CHANNEL","http://up.kiwi/351921603109/34939156/1260909","HTTP 503",1840
Alive,"BR – FILMES E SERIES","[US] SYFY","http://up.kiwi/351921603109/34939156/1260921","",3332
Alive,"BR – FILMES E SERIES","[US] TNT","http://up.kiwi/351921603109/34939156/1260926","",3625
Dead,"BR – FILMES E SERIES","A&E [H265 ]","http://tjtor8411.com:80/Osiel123/Felicidade321/71761.ts","No data (insufficient stream data: 235 bytes)",308
Dead,"BR – FILMES E SERIES","A&E [H265 ] [2]","http://tjtor8411.com:80/010794/FXz1sY/71761.ts","No data (insufficient stream data: 235 bytes)",429
Dead,"BR – FILMES E SERIES","A&E FHD","http://tjtor8411.com:80/Osiel123/Felicidade321/71760.ts","No data (insufficient stream data: 235 bytes)",332
Dead,"BR – FILMES E SERIES","A&E FHD [2]","http://tjtor8411.com:80/010794/FXz1sY/71760.ts","No data (insufficient stream data: 235 bytes)",326
Alive,"BR – FILMES E SERIES","A&E FHD [3]","http://streamer.sattvacabo.com.br/AE_HD/index.m3u8?token=TLGacFXd0gIXIuo2u8Zj7f4FE5J2vtgf","",1875
Dead,"BR – FILMES E SERIES","A&E H265","http://up.kiwi/351921603109/34939156/296469","HTTP 404",1434
Alive,"BR – FILMES E SERIES","A&E H265 [2]","http://up.kiwi/351921603109/34939156/14","",3860
Dead,"BR – FILMES E SERIES","A&E H265 [3]","http://tjtor8411.com:80/Osiel123/Felicidade321/90647.ts","No data (insufficient stream data: 235 bytes)",337
Dead,"BR – FILMES E SERIES","A&E H265 [4]","http://tjtor8411.com:80/010794/FXz1sY/90647.ts","No data (insufficient stream data: 235 bytes)",376
Alive,"BR – FILMES E SERIES","A&E HD","http://up.kiwi/351921603109/34939156/16","",2785
Alive,"BR – FILMES E SERIES","A&E HD [2]","http://up.kiwi/351921603109/34939156/296430","",2143
Dead,"BR – FILMES E SERIES","A&E HD [3]","http://tjtor8411.com:80/Osiel123/Felicidade321/71762.ts","No data (insufficient stream data: 235 bytes)",327
Dead,"BR – FILMES E SERIES","A&E HD [4]","http://tjtor8411.com:80/010794/FXz1sY/71762.ts","No data (insufficient stream data: 235 bytes)",262
Alive,"BR – FILMES E SERIES","A&E HD [5]","http://79.127.238.228:14551/","",1200
Dead,"BR – FILMES E SERIES","A&E SD","http://up.kiwi/351921603109/34939156/18","HTTP 502",2349
Alive,"BR – FILMES E SERIES","A&E SD [2]","http://up.kiwi/351921603109/34939156/296431","",2827
Dead,"BR – FILMES E SERIES","A&E SD [3]","http://tjtor8411.com:80/Osiel123/Felicidade321/71763.ts","No data (insufficient stream data: 235 bytes)",313
Dead,"BR – FILMES E SERIES","A&E SD [4]","http://tjtor8411.com:80/010794/FXz1sY/71763.ts","No data (insufficient stream data: 235 bytes)",306
Alive,"BR – FILMES E SERIES","AGITOMAX","https://stmv2.samcast.com.br/agitomax/agitomax/playlist.m3u8","",1299
Dead,"BR – FILMES E SERIES","AMC [H265 ]","http://tjtor8411.com:80/Osiel123/Felicidade321/71769.ts","No data (insufficient stream data: 235 bytes)",234
Dead,"BR – FILMES E SERIES","AMC [H265 ] [2]","http://tjtor8411.com:80/010794/FXz1sY/71769.ts","No data (insufficient stream data: 235 bytes)",249
Dead,"BR – FILMES E SERIES","AMC FHD","http://tjtor8411.com:80/Osiel123/Felicidade321/71768.ts","No data (insufficient stream data: 235 bytes)",219
Dead,"BR – FILMES E SERIES","AMC FHD [2]","http://tjtor8411.com:80/010794/FXz1sY/71768.ts","No data (insufficient stream data: 235 bytes)",240
Dead,"BR – FILMES E SERIES","AMC H265","http://tjtor8411.com:80/Osiel123/Felicidade321/90646.ts","No data (insufficient stream data: 235 bytes)",256
Dead,"BR – FILMES E SERIES","AMC H265 [2]","http://tjtor8411.com:80/010794/FXz1sY/90646.ts","No data (insufficient stream data: 235 bytes)",237
Alive,"BR – FILMES E SERIES","AMC HD","http://up.kiwi/351921603109/34939156/296432","",3091
Dead,"BR – FILMES E SERIES","AMC HD [2]","http://tjtor8411.com:80/Osiel123/Felicidade321/71770.ts","No data (insufficient stream data: 235 bytes)",225
Dead,"BR – FILMES E SERIES","AMC HD [3]","http://tjtor8411.com:80/010794/FXz1sY/71770.ts","No data (insufficient stream data: 235 bytes)",245
Alive,"BR – FILMES E SERIES","AMC HD [4]","http://45.176.228.245:80/AMC/index.m3u8","",3045
Alive,"BR – FILMES E SERIES","AMC SD","http://up.kiwi/351921603109/34939156/26","",2293
Alive,"BR – FILMES E SERIES","AMC SD [2]","http://up.kiwi/351921603109/34939156/296433","",3907
Dead,"BR – FILMES E SERIES","AMC SD [3]","http://tjtor8411.com:80/Osiel123/Felicidade321/71771.ts","No data (insufficient stream data: 235 bytes)",281
Dead,"BR – FILMES E SERIES","AMC SD [4]","http://tjtor8411.com:80/010794/FXz1sY/71771.ts","No data (insufficient stream data: 235 bytes)",256
Dead,"BR – FILMES E SERIES","ANIMAX","https://stream.ichibantv.com:3547/hybrid/play.m3u8","Timeout",20291
Dead,"BR – FILMES E SERIES","ANIMES TV","https://stmv1.srvif.com/animetv/animetv/playlist.m3u8?ManoTV","HTTP 404",500
Dead,"BR – FILMES E SERIES","ANITV","https://stream.ichibantv.com:3764/hybrid/play.m3u8","SSL/TLS error",792
Alive,"BR – FILMES E SERIES","AXN","http://45.190.28.50/AXN_HD/index.m3u8","",1123
Geoblocked,"BR – FILMES E SERIES","AXN [2]","http://138.255.2.6:8084/AXN/index.m3u8","HTTP 403",292
Alive,"BR – FILMES E SERIES","AXN [3]","http://170.83.16.50/AXN/index.m3u8","",1139
Alive,"BR – FILMES E SERIES","AXN [4]","http://170.83.49.66:8083/AXNHD/index.m3u8","",1289
Dead,"BR – FILMES E SERIES","AXN [5]","http://znty.dyndns.org:5010/hls/axn.m3u8","Timeout",20381
Dead,"BR – FILMES E SERIES","AXN [H265 ]","http://tjtor8411.com:80/Osiel123/Felicidade321/71782.ts","No data (insufficient stream data: 235 bytes)",230
Dead,"BR – FILMES E SERIES","AXN [H265 ] [2]","http://tjtor8411.com:80/010794/FXz1sY/71782.ts","No data (insufficient stream data: 235 bytes)",288
Dead,"BR – FILMES E SERIES","AXN FHD","http://up.kiwi/351921603109/34939156/304028","HTTP 503",5157
Dead,"BR – FILMES E SERIES","AXN FHD [2]","http://tjtor8411.com:80/Osiel123/Felicidade321/71781.ts","No data (insufficient stream data: 235 bytes)",245
Dead,"BR – FILMES E SERIES","AXN FHD [3]","http://tjtor8411.com:80/010794/FXz1sY/71781.ts","No data (insufficient stream data: 235 bytes)",287
Dead,"BR – FILMES E SERIES","AXN FHD [LEG]","http://tjtor8411.com:80/Osiel123/Felicidade321/90716.ts","No data (insufficient stream data: 235 bytes)",279
Dead,"BR – FILMES E SERIES","AXN FHD [LEG] [2]","http://tjtor8411.com:80/010794/FXz1sY/90716.ts","No data (insufficient stream data: 235 bytes)",280
Alive,"BR – FILMES E SERIES","AXN H265","http://up.kiwi/351921603109/34939156/296470","",2031
Dead,"BR – FILMES E SERIES","AXN H265 [2]","http://tjtor8411.com:80/Osiel123/Felicidade321/90645.ts","No data (insufficient stream data: 235 bytes)",289
Dead,"BR – FILMES E SERIES","AXN H265 [3]","http://tjtor8411.com:80/010794/FXz1sY/90645.ts","No data (insufficient stream data: 235 bytes)",271
Dead,"BR – FILMES E SERIES","AXN HD","http://up.kiwi/351921603109/34939156/96","HTTP 404",1290
Dead,"BR – FILMES E SERIES","AXN HD [2]","http://tjtor8411.com:80/Osiel123/Felicidade321/71783.ts","No data (insufficient stream data: 235 bytes)",310
Dead,"BR – FILMES E SERIES","AXN HD [3]","http://tjtor8411.com:80/010794/FXz1sY/71783.ts","No data (insufficient stream data: 235 bytes)",321
Geoblocked,"BR – FILMES E SERIES","AXN HD [4]","http://streamer.sattvacabo.com.br/AXN_HD/index.m3u8?token=TLGacFXd0gIXIuo2u8Zj7f4FE5J2vtgf","HTTP 403",362
Dead,"BR – FILMES E SERIES","AXN HD [LEG]","http://tjtor8411.com:80/Osiel123/Felicidade321/90715.ts","No data (insufficient stream data: 235 bytes)",351
Dead,"BR – FILMES E SERIES","AXN HD [LEG] [2]","http://tjtor8411.com:80/010794/FXz1sY/90715.ts","No data (insufficient stream data: 235 bytes)",339
Alive,"BR – FILMES E SERIES","AXN MOVIES","http://50.7.120.34:8080/AXN_BLACK/index.m3u8","",996
Alive,"BR – FILMES E SERIES","AXN SD","http://up.kiwi/351921603109/34939156/98","",2651
Dead,"BR – FILMES E SERIES","AXN SD [2]","http://tjtor8411.com:80/Osiel123/Felicidade321/71784.ts","No data (insufficient stream data: 235 bytes)",379
Dead,"BR – FILMES E SERIES","AXN SD [3]","http://tjtor8411.com:80/010794/FXz1sY/71784.ts","No data (insufficient stream data: 235 bytes)",428
Dead,"BR – FILMES E SERIES","AXN SD [LEG]","http://tjtor8411.com:80/Osiel123/Felicidade321/90714.ts","No data (insufficient stream data: 235 bytes)",481
Dead,"BR – FILMES E SERIES","AXN SD [LEG] [2]","http://tjtor8411.com:80/010794/FXz1sY/90714.ts","No data (insufficient stream data: 235 bytes)",343
Alive,"BR – FILMES E SERIES","AXN UHD","http://up.kiwi/351921603109/34939156/296434","",2175
Alive,"BR – FILMES E SERIES","BRTV MAX","http://up.kiwi/351921603109/34939156/298431","",3231
Dead,"BR – FILMES E SERIES","CANAL BRASIL [H265 ]","http://tjtor8411.com:80/Osiel123/Felicidade321/71817.ts","No data (insufficient stream data: 235 bytes)",417
Dead,"BR – FILMES E SERIES","CANAL BRASIL [H265 ] [2]","http://tjtor8411.com:80/010794/FXz1sY/71817.ts","No data (insufficient stream data: 235 bytes)",317
Dead,"BR – FILMES E SERIES","CANAL BRASIL FHD","http://tjtor8411.com:80/Osiel123/Felicidade321/71816.ts","No data (insufficient stream data: 235 bytes)",468
Dead,"BR – FILMES E SERIES","CANAL BRASIL FHD [2]","http://tjtor8411.com:80/010794/FXz1sY/71816.ts","No data (insufficient stream data: 235 bytes)",893
Alive,"BR – FILMES E SERIES","CANAL BRASIL H265","http://up.kiwi/351921603109/34939156/184","",2374
Dead,"BR – FILMES E SERIES","CANAL BRASIL H265 [2]","http://up.kiwi/351921603109/34939156/296116","HTTP 404",1051
Dead,"BR – FILMES E SERIES","CANAL BRASIL H265 [3]","http://tjtor8411.com:80/Osiel123/Felicidade321/103518.ts","No data (insufficient stream data: 235 bytes)",345
Dead,"BR – FILMES E SERIES","CANAL BRASIL H265 [4]","http://tjtor8411.com:80/010794/FXz1sY/103518.ts","No data (insufficient stream data: 235 bytes)",513
Alive,"BR – FILMES E SERIES","CANAL BRASIL HD","http://up.kiwi/351921603109/34939156/186","",2297
Alive,"BR – FILMES E SERIES","CANAL BRASIL HD [2]","http://up.kiwi/351921603109/34939156/296115","",2430
Dead,"BR – FILMES E SERIES","CANAL BRASIL HD [3]","http://tjtor8411.com:80/Osiel123/Felicidade321/71818.ts","No data (insufficient stream data: 235 bytes)",397
Dead,"BR – FILMES E SERIES","CANAL BRASIL HD [4]","http://tjtor8411.com:80/010794/FXz1sY/71818.ts","No data (insufficient stream data: 235 bytes)",517
Alive,"BR – FILMES E SERIES","CANAL BRASIL SD","http://up.kiwi/351921603109/34939156/188","",2258
Dead,"BR – FILMES E SERIES","CANAL BRASIL SD [2]","http://up.kiwi/351921603109/34939156/296114","HTTP 404",1458
Dead,"BR – FILMES E SERIES","CANAL BRASIL SD [3]","http://tjtor8411.com:80/Osiel123/Felicidade321/71819.ts","No data (insufficient stream data: 235 bytes)",390
Dead,"BR – FILMES E SERIES","CANAL BRASIL SD [4]","http://tjtor8411.com:80/010794/FXz1sY/71819.ts","No data (insufficient stream data: 235 bytes)",244
Dead,"BR – FILMES E SERIES","CANAL SONY [H265 ]","http://tjtor8411.com:80/Osiel123/Felicidade321/71825.ts","No data (insufficient stream data: 235 bytes)",399
Dead,"BR – FILMES E SERIES","CANAL SONY [H265 ] [2]","http://tjtor8411.com:80/010794/FXz1sY/71825.ts","No data (insufficient stream data: 235 bytes)",541
Dead,"BR – FILMES E SERIES","CANAL SONY FHD","http://tjtor8411.com:80/Osiel123/Felicidade321/71824.ts","No data (insufficient stream data: 235 bytes)",398
Dead,"BR – FILMES E SERIES","CANAL SONY FHD [2]","http://tjtor8411.com:80/010794/FXz1sY/71824.ts","No data (insufficient stream data: 235 bytes)",725
Dead,"BR – FILMES E SERIES","CANAL SONY FHD [LEG]","http://tjtor8411.com:80/Osiel123/Felicidade321/90713.ts","No data (insufficient stream data: 235 bytes)",228
Dead,"BR – FILMES E SERIES","CANAL SONY FHD [LEG] [2]","http://tjtor8411.com:80/010794/FXz1sY/90713.ts","No data (insufficient stream data: 235 bytes)",365
Dead,"BR – FILMES E SERIES","CANAL SONY H265","http://tjtor8411.com:80/Osiel123/Felicidade321/103517.ts","No data (insufficient stream data: 235 bytes)",500
Dead,"BR – FILMES E SERIES","CANAL SONY H265 [2]","http://tjtor8411.com:80/010794/FXz1sY/103517.ts","No data (insufficient stream data: 235 bytes)",400
Dead,"BR – FILMES E SERIES","CANAL SONY HD","http://tjtor8411.com:80/Osiel123/Felicidade321/71826.ts","No data (insufficient stream data: 235 bytes)",389
Dead,"BR – FILMES E SERIES","CANAL SONY HD [2]","http://tjtor8411.com:80/010794/FXz1sY/71826.ts","No data (insufficient stream data: 235 bytes)",379
Dead,"BR – FILMES E SERIES","CANAL SONY HD [LEG]","http://tjtor8411.com:80/Osiel123/Felicidade321/90712.ts","No data (insufficient stream data: 235 bytes)",221
Dead,"BR – FILMES E SERIES","CANAL SONY HD [LEG] [2]","http://tjtor8411.com:80/010794/FXz1sY/90712.ts","No data (insufficient stream data: 235 bytes)",622
Dead,"BR – FILMES E SERIES","CANAL SONY SD","http://tjtor8411.com:80/Osiel123/Felicidade321/71827.ts","No data (insufficient stream data: 235 bytes)",514
Dead,"BR – FILMES E SERIES","CANAL SONY SD [2]","http://tjtor8411.com:80/010794/FXz1sY/71827.ts","No data (insufficient stream data: 235 bytes)",514
Dead,"BR – FILMES E SERIES","CANAL SONY SD [LEG]","http://tjtor8411.com:80/Osiel123/Felicidade321/90711.ts","No data (insufficient stream data: 235 bytes)",389
Dead,"BR – FILMES E SERIES","CANAL SONY SD [LEG] [2]","http://tjtor8411.com:80/010794/FXz1sY/90711.ts","No data (insufficient stream data: 235 bytes)",448
Dead,"BR – FILMES E SERIES","CANELA TELENOVELAS","https://stream.ads.ottera.tv/playlist.m3u8?network_id=1152","HTTP 400",566
Alive,"BR – FILMES E SERIES","CHANNEL ONE","https://video02.logicahost.com.br/tvone/tvone/playlist.m3u8","",1896
Alive,"BR – FILMES E SERIES","CINDIE TV","https://cc-hqw8u5r1nshjc.akamaized.net/scheduler/scheduleMaster/352.m3u8","",1217
Dead,"BR – FILMES E SERIES","CINDIE TV [2]","https://d20xuwbyc4yoag.cloudfront.net/v1/master/9d062541f2ff39b5c0f48b743c6411d25f62fc25/DistroTV-MuxIP-CINDIE/387.m3u8?ads.vf=grWTpG3NQNi","HTTPSConnectionPool(host='d20xuwbyc4yoag.cloudfront.net', port=443): Max retries exceeded with url: /v1/master/9d062541f2ff39b5c0f48b743c6411d25f62fc25/DistroTV-MuxIP-CINDIE/387.m3u8?ads.vf=grWTpG3NQN",150
Dead,"BR – FILMES E SERIES","CINE CANAL H265","http://up.kiwi/351921603109/34939156/217","HTTP 404",1150
Dead,"BR – FILMES E SERIES","CINE CANAL H265 [2]","http://up.kiwi/351921603109/34939156/218","HTTP 502",3263
Alive,"BR – FILMES E SERIES","CINE CANAL HD","http://up.kiwi/351921603109/34939156/220","",2187
Alive,"BR – FILMES E SERIES","CINE CANAL SD","http://up.kiwi/351921603109/34939156/222","",2207
Alive,"BR – FILMES E SERIES","CINE ESPANTO","https://stream.ads.ottera.tv/playlist.m3u8?network_id=4865","",704
Dead,"BR – FILMES E SERIES","CINE MONDE","https://video01.soultv.com.br/cinemonde/cinemonde/playlist.m3u8","Timeout",20530
Dead,"BR – FILMES E SERIES","CINEMAX [H265 ]","http://tjtor8411.com:80/Osiel123/Felicidade321/71834.ts","No data (insufficient stream data: 235 bytes)",323
Dead,"BR – FILMES E SERIES","CINEMAX [H265 ] [2]","http://tjtor8411.com:80/010794/FXz1sY/71834.ts","No data (insufficient stream data: 235 bytes)",331
Alive,"BR – FILMES E SERIES","CINEMAX FHD","http://up.kiwi/351921603109/34939156/260","",3629
Dead,"BR – FILMES E SERIES","CINEMAX FHD [2]","http://tjtor8411.com:80/Osiel123/Felicidade321/71833.ts","No data (insufficient stream data: 235 bytes)",225
Dead,"BR – FILMES E SERIES","CINEMAX FHD [3]","http://tjtor8411.com:80/010794/FXz1sY/71833.ts","No data (insufficient stream data: 235 bytes)",389
Alive,"BR – FILMES E SERIES","CINEMAX H265","http://up.kiwi/351921603109/34939156/258","",2102
Dead,"BR – FILMES E SERIES","CINEMAX H265 [2]","http://tjtor8411.com:80/Osiel123/Felicidade321/90643.ts","No data (insufficient stream data: 235 bytes)",325
Dead,"BR – FILMES E SERIES","CINEMAX H265 [3]","http://tjtor8411.com:80/010794/FXz1sY/90643.ts","No data (insufficient stream data: 235 bytes)",295
Alive,"BR – FILMES E SERIES","CINEMAX HD","http://up.kiwi/351921603109/34939156/262","",6872
Dead,"BR – FILMES E SERIES","CINEMAX HD [2]","http://tjtor8411.com:80/Osiel123/Felicidade321/71835.ts","No data (insufficient stream data: 235 bytes)",278
Dead,"BR – FILMES E SERIES","CINEMAX HD [3]","http://tjtor8411.com:80/010794/FXz1sY/71835.ts","No data (insufficient stream data: 235 bytes)",361
Geoblocked,"BR – FILMES E SERIES","CINEMAX HD [4]","https://megaflix.mgfiles.lat/3b8b64555fa7b54bd2219c85929f14c0/file.m3u8","HTTP 403",323
Alive,"BR – FILMES E SERIES","CINEMAX LEGENDADO","http://up.kiwi/351921603109/34939156/296437","",2220
Dead,"BR – FILMES E SERIES","CINEMAX SD","http://up.kiwi/351921603109/34939156/296436","HTTP 404",1093
Dead,"BR – FILMES E SERIES","CINEMAX SD [2]","http://tjtor8411.com:80/Osiel123/Felicidade321/71836.ts","No data (insufficient stream data: 235 bytes)",363
Dead,"BR – FILMES E SERIES","CINEMAX SD [3]","http://tjtor8411.com:80/010794/FXz1sY/71836.ts","No data (insufficient stream data: 235 bytes)",390
Alive,"BR – FILMES E SERIES","CINEPIX","https://stream.ads.ottera.tv/playlist.m3u8?network_id=6178","",1250
Alive,"BR – FILMES E SERIES","CLASSIQUE TV","https://stmv1.srvif.com/classique/classique/playlist.m3u8","",584
Alive,"BR – FILMES E SERIES","CLUBE DO TERROR","https://jmp2.uk/plu-64e501eec630a900088ed0f8.m3u8","",526
Alive,"BR – FILMES E SERIES","COREANO BY CJ ENM","https://jmp2.uk/stvp-ES1700003C6","",2099
Dead,"BR – FILMES E SERIES","DARK FLIX","https://video01.soultv.com.br/darkflix/darkflix/playlist.m3u8?ManoTV","Timeout",20506
Dead,"BR – FILMES E SERIES","DISNEY + 1 FHD","http://tjtor8411.com:80/Osiel123/Felicidade321/142032.ts","No data (insufficient stream data: 235 bytes)",316
Dead,"BR – FILMES E SERIES","DISNEY + 1 FHD [2]","http://tjtor8411.com:80/010794/FXz1sY/142032.ts","No data (insufficient stream data: 235 bytes)",439
Dead,"BR – FILMES E SERIES","DISNEY + 1 HD","http://tjtor8411.com:80/Osiel123/Felicidade321/128347.ts","No data (insufficient stream data: 235 bytes)",305
Dead,"BR – FILMES E SERIES","DISNEY + 1 HD [2]","http://tjtor8411.com:80/010794/FXz1sY/128347.ts","No data (insufficient stream data: 235 bytes)",286
Dead,"BR – FILMES E SERIES","DISNEY + 1 SD","http://tjtor8411.com:80/Osiel123/Felicidade321/142033.ts","No data (insufficient stream data: 235 bytes)",416
Dead,"BR – FILMES E SERIES","DISNEY + 1 SD [2]","http://tjtor8411.com:80/010794/FXz1sY/142033.ts","No data (insufficient stream data: 235 bytes)",326
Dead,"BR – FILMES E SERIES","DISNEY + 2 FHD","http://tjtor8411.com:80/Osiel123/Felicidade321/142034.ts","No data (insufficient stream data: 235 bytes)",394
Dead,"BR – FILMES E SERIES","DISNEY + 2 FHD [2]","http://tjtor8411.com:80/010794/FXz1sY/142034.ts","No data (insufficient stream data: 235 bytes)",344
Dead,"BR – FILMES E SERIES","DISNEY + 2 HD","http://tjtor8411.com:80/Osiel123/Felicidade321/129345.ts","No data (insufficient stream data: 235 bytes)",366
Dead,"BR – FILMES E SERIES","DISNEY + 2 HD [2]","http://tjtor8411.com:80/010794/FXz1sY/129345.ts","No data (insufficient stream data: 235 bytes)",439
Dead,"BR – FILMES E SERIES","DISNEY + 2 SD","http://tjtor8411.com:80/Osiel123/Felicidade321/142035.ts","No data (insufficient stream data: 235 bytes)",349
Dead,"BR – FILMES E SERIES","DISNEY + 2 SD [2]","http://tjtor8411.com:80/010794/FXz1sY/142035.ts","No data (insufficient stream data: 235 bytes)",439
Dead,"BR – FILMES E SERIES","DISNEY + 3 FHD","http://tjtor8411.com:80/Osiel123/Felicidade321/142036.ts","No data (insufficient stream data: 235 bytes)",382
Dead,"BR – FILMES E SERIES","DISNEY + 3 FHD [2]","http://tjtor8411.com:80/010794/FXz1sY/142036.ts","No data (insufficient stream data: 235 bytes)",304
Dead,"BR – FILMES E SERIES","DISNEY + 3 HD","http://tjtor8411.com:80/Osiel123/Felicidade321/129346.ts","No data (insufficient stream data: 235 bytes)",433
Dead,"BR – FILMES E SERIES","DISNEY + 3 HD [2]","http://tjtor8411.com:80/010794/FXz1sY/129346.ts","No data (insufficient stream data: 235 bytes)",378
Dead,"BR – FILMES E SERIES","DISNEY + 3 SD","http://tjtor8411.com:80/Osiel123/Felicidade321/142037.ts","No data (insufficient stream data: 235 bytes)",340
Dead,"BR – FILMES E SERIES","DISNEY + 3 SD [2]","http://tjtor8411.com:80/010794/FXz1sY/142037.ts","No data (insufficient stream data: 235 bytes)",450
Dead,"BR – FILMES E SERIES","DISNEY + 4 FHD","http://tjtor8411.com:80/Osiel123/Felicidade321/142038.ts","No data (insufficient stream data: 235 bytes)",436
Dead,"BR – FILMES E SERIES","DISNEY + 4 FHD [2]","http://tjtor8411.com:80/010794/FXz1sY/142038.ts","No data (insufficient stream data: 235 bytes)",410
Dead,"BR – FILMES E SERIES","DISNEY + 4 HD","http://tjtor8411.com:80/Osiel123/Felicidade321/129347.ts","No data (insufficient stream data: 235 bytes)",441
Dead,"BR – FILMES E SERIES","DISNEY + 4 HD [2]","http://tjtor8411.com:80/010794/FXz1sY/129347.ts","No data (insufficient stream data: 235 bytes)",428
Dead,"BR – FILMES E SERIES","DISNEY + 4 SD","http://tjtor8411.com:80/Osiel123/Felicidade321/142039.ts","No data (insufficient stream data: 235 bytes)",379
Dead,"BR – FILMES E SERIES","DISNEY + 4 SD [2]","http://tjtor8411.com:80/010794/FXz1sY/142039.ts","No data (insufficient stream data: 235 bytes)",363
Alive,"BR – FILMES E SERIES","DISNEY+ 01 FHD","http://up.kiwi/351921603109/34939156/296998","",1873
Alive,"BR – FILMES E SERIES","DISNEY+ 01 FHD ALT","http://up.kiwi/351921603109/34939156/1252317","",1824
Alive,"BR – FILMES E SERIES","DISNEY+ 01 HD","http://up.kiwi/351921603109/34939156/297003","",1846
Dead,"BR – FILMES E SERIES","DISNEY+ 01 HD ALT","http://up.kiwi/351921603109/34939156/1252316","HTTP 502",4019
Alive,"BR – FILMES E SERIES","DISNEY+ 02 FHD","http://up.kiwi/351921603109/34939156/296999","",2143
Dead,"BR – FILMES E SERIES","DISNEY+ 02 HD","http://up.kiwi/351921603109/34939156/1254686","HTTP 404",1693
Dead,"BR – FILMES E SERIES","DISNEY+ 02 HD ALT","http://up.kiwi/351921603109/34939156/297004","HTTP 502",2499
Dead,"BR – FILMES E SERIES","DISNEY+ 02 HD ALT 01","http://up.kiwi/351921603109/34939156/1254685","HTTP 404",1363
Alive,"BR – FILMES E SERIES","DISNEY+ 03 FHD","http://up.kiwi/351921603109/34939156/297000","",44120
Dead,"BR – FILMES E SERIES","DISNEY+ 03 HD","http://up.kiwi/351921603109/34939156/297005","HTTP 503",29604
Alive,"BR – FILMES E SERIES","DISNEY+ 03 HD ALT","http://up.kiwi/351921603109/34939156/1254687","",2543
Dead,"BR – FILMES E SERIES","DISNEY+ 03 HD ALT 01","http://up.kiwi/351921603109/34939156/1254688","HTTP 502",3948
Dead,"BR – FILMES E SERIES","DISNEY+ 04 FHD","http://up.kiwi/351921603109/34939156/297001","HTTP 404",15059
Dead,"BR – FILMES E SERIES","DISNEY+ 04 HD","http://up.kiwi/351921603109/34939156/297006","HTTP 404",1501
Dead,"BR – FILMES E SERIES","DISNEY+ 04 HD ALT","http://up.kiwi/351921603109/34939156/1254690","HTTP 404",1868
Dead,"BR – FILMES E SERIES","DISNEY+ 04 HD ALT 01","http://up.kiwi/351921603109/34939156/1254689","HTTP 404",1321
Alive,"BR – FILMES E SERIES","DISNEY+ 05 FHD","http://up.kiwi/351921603109/34939156/297002","",40721
Alive,"BR – FILMES E SERIES","DISNEY+ 05 HD","http://up.kiwi/351921603109/34939156/297007","",52220
Dead,"BR – FILMES E SERIES","DISNEY+ 05 HD ALT","http://up.kiwi/351921603109/34939156/1254691","HTTP 503",3029
Dead,"BR – FILMES E SERIES","DISNEY+ 05 HD ALT 01","http://up.kiwi/351921603109/34939156/1254692","HTTP 404",8444
Alive,"BR – FILMES E SERIES","DISNEY+ 6 HD","http://up.kiwi/351921603109/34939156/297008","",2246
Dead,"BR – FILMES E SERIES","DISNEY+ 7 HD","http://up.kiwi/351921603109/34939156/297009","HTTP 404",1311
Dead,"BR – FILMES E SERIES","DISNEY+ 8 HD","http://up.kiwi/351921603109/34939156/297010","HTTP 404",15247
Dead,"BR – FILMES E SERIES","ESFLIX TV","https://acesso.ecast.site:3186/live/esflixlive.m3u8","Timeout",20452
Dead,"BR – FILMES E SERIES","EUROCHANNEL [H265 ]","http://tjtor8411.com:80/Osiel123/Felicidade321/104913.ts","No data (insufficient stream data: 235 bytes)",370
Dead,"BR – FILMES E SERIES","EUROCHANNEL [H265 ] [2]","http://tjtor8411.com:80/010794/FXz1sY/104913.ts","No data (insufficient stream data: 235 bytes)",360
Dead,"BR – FILMES E SERIES","EUROCHANNEL FHD","http://tjtor8411.com:80/Osiel123/Felicidade321/104910.ts","No data (insufficient stream data: 235 bytes)",347
Dead,"BR – FILMES E SERIES","EUROCHANNEL FHD [2]","http://tjtor8411.com:80/010794/FXz1sY/104910.ts","No data (insufficient stream data: 235 bytes)",256
Dead,"BR – FILMES E SERIES","EUROCHANNEL HD","http://up.kiwi/351921603109/34939156/296438","HTTP 404",1861
Dead,"BR – FILMES E SERIES","EUROCHANNEL HD [2]","http://tjtor8411.com:80/Osiel123/Felicidade321/104911.ts","No data (insufficient stream data: 235 bytes)",270
Dead,"BR – FILMES E SERIES","EUROCHANNEL HD [3]","http://tjtor8411.com:80/010794/FXz1sY/104911.ts","No data (insufficient stream data: 235 bytes)",269
Dead,"BR – FILMES E SERIES","EUROCHANNEL SD","http://up.kiwi/351921603109/34939156/296439","HTTP 503",2228
Dead,"BR – FILMES E SERIES","EUROCHANNEL SD [2]","http://tjtor8411.com:80/Osiel123/Felicidade321/104912.ts","No data (insufficient stream data: 235 bytes)",260
Dead,"BR – FILMES E SERIES","EUROCHANNEL SD [3]","http://tjtor8411.com:80/010794/FXz1sY/104912.ts","No data (insufficient stream data: 235 bytes)",319
Alive,"BR – FILMES E SERIES","FASHION TV HD","http://up.kiwi/351921603109/34939156/296157","",2285
Alive,"BR – FILMES E SERIES","FASHION TV SD","http://up.kiwi/351921603109/34939156/296158","",2635
Dead,"BR – FILMES E SERIES","FILM&ARTS [H265 ]","http://tjtor8411.com:80/Osiel123/Felicidade321/104920.ts","No data (insufficient stream data: 235 bytes)",411
Dead,"BR – FILMES E SERIES","FILM&ARTS [H265 ] [2]","http://tjtor8411.com:80/010794/FXz1sY/104920.ts","No data (insufficient stream data: 235 bytes)",360
Dead,"BR – FILMES E SERIES","FILM&ARTS FHD","http://tjtor8411.com:80/Osiel123/Felicidade321/104914.ts","No data (insufficient stream data: 235 bytes)",331
Dead,"BR – FILMES E SERIES","FILM&ARTS FHD [2]","http://tjtor8411.com:80/010794/FXz1sY/104914.ts","No data (insufficient stream data: 235 bytes)",263
Dead,"BR – FILMES E SERIES","FILM&ARTS H265","http://tjtor8411.com:80/Osiel123/Felicidade321/178518.ts","No data (insufficient stream data: 235 bytes)",393
Dead,"BR – FILMES E SERIES","FILM&ARTS H265 [2]","http://tjtor8411.com:80/010794/FXz1sY/178518.ts","No data (insufficient stream data: 235 bytes)",339
Dead,"BR – FILMES E SERIES","FILM&ARTS HD","http://tjtor8411.com:80/Osiel123/Felicidade321/104915.ts","No data (insufficient stream data: 235 bytes)",393
Dead,"BR – FILMES E SERIES","FILM&ARTS HD [2]","http://tjtor8411.com:80/010794/FXz1sY/104915.ts","No data (insufficient stream data: 235 bytes)",358
Dead,"BR – FILMES E SERIES","FILM&ARTS SD","http://tjtor8411.com:80/Osiel123/Felicidade321/104916.ts","No data (insufficient stream data: 235 bytes)",303
Dead,"BR – FILMES E SERIES","FILM&ARTS SD [2]","http://tjtor8411.com:80/010794/FXz1sY/104916.ts","No data (insufficient stream data: 235 bytes)",343
Alive,"BR – FILMES E SERIES","FILMELIER TV","https://jmp2.uk/plu-633dcebd80386500074a2461.m3u8","",1008
Dead,"BR – FILMES E SERIES","FILMES SUSPENSE","https://jmp2.uk/plu-5f171d3442a0500007362f22.m3u8","HTTP 500",3531
Alive,"BR – FILMES E SERIES","FOX KIDS","https://stmv2.srvif.com/emlsilva/emlsilva/playlist.m3u8?hls_ctx=h517o66o","",600
Dead,"BR – FILMES E SERIES","FOX NEWS NOW | EUA","https://cdn-ue1-prod.tsv2.amagi.tv/linear/samsungus-fox-newsnow-samsung/playlist.m3u8","DNS failure",841
Dead,"BR – FILMES E SERIES","FREE TV DRAMA","https://oly-ftvcbr.otteravision.com/oly/ftvdrbr/ftvdrbr.m3u8","DNS failure",245
Dead,"BR – FILMES E SERIES","GHOST TV","https://stmv.video.expressolider.com.br/ghostv/ghostv/playlist.m3u8","SSL/TLS error",2049
Dead,"BR – FILMES E SERIES","GLN TV","https://stmv1.paineltv.net/glnfilmes/glnfilmes/playlist.m3u8?ManoTV","DNS failure",177
Alive,"BR – FILMES E SERIES","GRJNGO","https://amogonetworx-grjngo-1-eu.plex.wurl.tv/playlist.m3u8","",927
Geoblocked,"BR – FILMES E SERIES","HALLO ANIME HD","https://cdn-5.nxplay.com.br/HALLOANIME/index.m3u8?token=cdntv_62qwd7eSv1Ihnlni","HTTP 403",725
Geoblocked,"BR – FILMES E SERIES","HALLO! CLASSIC","https://cdn-5.nxplay.com.br/HALLOCLASSIC/index.m3u8?token=cdntv_62qwd7eSv1Ihnlni","HTTP 403",727
Geoblocked,"BR – FILMES E SERIES","HALLO! DOC.","https://cdn-5.nxplay.com.br/HALLODOC/index.m3u8?token=cdntv_62qwd7eSv1Ihnlni","HTTP 403",645
Geoblocked,"BR – FILMES E SERIES","HALLO! MOVIES","https://cdn-5.nxplay.com.br/HALLOMOVIES/index.m3u8?token=cdntv_62qwd7eSv1Ihnlni","HTTP 403",621
Geoblocked,"BR – FILMES E SERIES","HALLO! SERIES","https://cdn-5.nxplay.com.br/HALLOSERIES/index.m3u8?token=cdntv_62qwd7eSv1Ihnlni","HTTP 403",589
Dead,"BR – FILMES E SERIES","HBO 2 [H265 ]","http://tjtor8411.com:80/Osiel123/Felicidade321/72111.ts","No data (insufficient stream data: 235 bytes)",288
Dead,"BR – FILMES E SERIES","HBO 2 [H265 ] [2]","http://tjtor8411.com:80/010794/FXz1sY/72111.ts","No data (insufficient stream data: 235 bytes)",292
Dead,"BR – FILMES E SERIES","HBO 2 FHD","http://up.kiwi/351921603109/34939156/296411","HTTP 404",1215
Dead,"BR – FILMES E SERIES","HBO 2 FHD [2]","http://tjtor8411.com:80/Osiel123/Felicidade321/72110.ts","No data (insufficient stream data: 235 bytes)",233
Dead,"BR – FILMES E SERIES","HBO 2 FHD [3]","http://tjtor8411.com:80/010794/FXz1sY/72110.ts","No data (insufficient stream data: 235 bytes)",260
Alive,"BR – FILMES E SERIES","HBO 2 H265","http://up.kiwi/351921603109/34939156/564","",2211
Dead,"BR – FILMES E SERIES","HBO 2 H265 [2]","http://tjtor8411.com:80/Osiel123/Felicidade321/90246.ts","No data (insufficient stream data: 235 bytes)",382
Dead,"BR – FILMES E SERIES","HBO 2 H265 [3]","http://tjtor8411.com:80/010794/FXz1sY/90246.ts","No data (insufficient stream data: 235 bytes)",337
Dead,"BR – FILMES E SERIES","HBO 2 HD","http://up.kiwi/351921603109/34939156/566","HTTP 503",2744
Dead,"BR – FILMES E SERIES","HBO 2 HD [2]","http://up.kiwi/351921603109/34939156/296418","HTTP 502",4623
Dead,"BR – FILMES E SERIES","HBO 2 HD [3]","http://tjtor8411.com:80/Osiel123/Felicidade321/72112.ts","No data (insufficient stream data: 235 bytes)",432
Dead,"BR – FILMES E SERIES","HBO 2 HD [4]","http://tjtor8411.com:80/010794/FXz1sY/72112.ts","No data (insufficient stream data: 235 bytes)",400
Alive,"BR – FILMES E SERIES","HBO 2 HD [5]","http://45.190.28.50/HBO2/index.m3u8","",1255
Alive,"BR – FILMES E SERIES","HBO 2 SD","http://up.kiwi/351921603109/34939156/568","",2206
Dead,"BR – FILMES E SERIES","HBO 2 SD [2]","http://up.kiwi/351921603109/34939156/296419","HTTP 502",3856
Dead,"BR – FILMES E SERIES","HBO 2 SD [3]","http://tjtor8411.com:80/Osiel123/Felicidade321/72113.ts","No data (insufficient stream data: 235 bytes)",400
Dead,"BR – FILMES E SERIES","HBO 2 SD [4]","http://tjtor8411.com:80/010794/FXz1sY/72113.ts","No data (insufficient stream data: 235 bytes)",383
Dead,"BR – FILMES E SERIES","HBO [H265 ]","http://tjtor8411.com:80/Osiel123/Felicidade321/72119.ts","No data (insufficient stream data: 235 bytes)",386
Dead,"BR – FILMES E SERIES","HBO [H265 ] [2]","http://tjtor8411.com:80/010794/FXz1sY/72119.ts","No data (insufficient stream data: 235 bytes)",477
Dead,"BR – FILMES E SERIES","HBO FAMILY [H265 ]","http://tjtor8411.com:80/Osiel123/Felicidade321/72115.ts","No data (insufficient stream data: 235 bytes)",370
Dead,"BR – FILMES E SERIES","HBO FAMILY [H265 ] [2]","http://tjtor8411.com:80/010794/FXz1sY/72115.ts","No data (insufficient stream data: 235 bytes)",366
Alive,"BR – FILMES E SERIES","HBO FAMILY FHD","http://up.kiwi/351921603109/34939156/296397","",2421
Dead,"BR – FILMES E SERIES","HBO FAMILY FHD [2]","http://tjtor8411.com:80/Osiel123/Felicidade321/72114.ts","No data (insufficient stream data: 235 bytes)",420
Dead,"BR – FILMES E SERIES","HBO FAMILY FHD [3]","http://tjtor8411.com:80/010794/FXz1sY/72114.ts","No data (insufficient stream data: 235 bytes)",426
Alive,"BR – FILMES E SERIES","HBO FAMILY H265","http://up.kiwi/351921603109/34939156/571","",3486
Dead,"BR – FILMES E SERIES","HBO FAMILY H265 [2]","http://tjtor8411.com:80/Osiel123/Felicidade321/90637.ts","No data (insufficient stream data: 235 bytes)",395
Dead,"BR – FILMES E SERIES","HBO FAMILY H265 [3]","http://tjtor8411.com:80/010794/FXz1sY/90637.ts","No data (insufficient stream data: 235 bytes)",340
Dead,"BR – FILMES E SERIES","HBO FAMILY HD","http://up.kiwi/351921603109/34939156/573","HTTP 404",1835
Dead,"BR – FILMES E SERIES","HBO FAMILY HD [2]","http://up.kiwi/351921603109/34939156/296398","HTTP 502",3279
Dead,"BR – FILMES E SERIES","HBO FAMILY HD [3]","http://tjtor8411.com:80/Osiel123/Felicidade321/72116.ts","No data (insufficient stream data: 235 bytes)",380
Dead,"BR – FILMES E SERIES","HBO FAMILY HD [4]","http://tjtor8411.com:80/010794/FXz1sY/72116.ts","No data (insufficient stream data: 235 bytes)",378
Geoblocked,"BR – FILMES E SERIES","HBO FAMILY HD [5]","https://megaflix.mgfiles.lat/14d1a9db2e0088ec597b5b75ce37731f/file.m3u8","HTTP 403",275
Alive,"BR – FILMES E SERIES","HBO FAMILY SD","http://up.kiwi/351921603109/34939156/575","",2652
Alive,"BR – FILMES E SERIES","HBO FAMILY SD [2]","http://up.kiwi/351921603109/34939156/296399","",2598
Dead,"BR – FILMES E SERIES","HBO FAMILY SD [3]","http://tjtor8411.com:80/Osiel123/Felicidade321/72117.ts","No data (insufficient stream data: 235 bytes)",321
Dead,"BR – FILMES E SERIES","HBO FAMILY SD [4]","http://tjtor8411.com:80/010794/FXz1sY/72117.ts","No data (insufficient stream data: 235 bytes)",322
Dead,"BR – FILMES E SERIES","HBO FHD","http://up.kiwi/351921603109/34939156/296420","HTTP 502",4082
Dead,"BR – FILMES E SERIES","HBO FHD [2]","http://tjtor8411.com:80/Osiel123/Felicidade321/72118.ts","No data (insufficient stream data: 235 bytes)",362
Dead,"BR – FILMES E SERIES","HBO FHD [3]","http://tjtor8411.com:80/010794/FXz1sY/72118.ts","No data (insufficient stream data: 235 bytes)",252
Dead,"BR – FILMES E SERIES","HBO FHD [LEG]","http://tjtor8411.com:80/Osiel123/Felicidade321/90698.ts","No data (insufficient stream data: 235 bytes)",323
Dead,"BR – FILMES E SERIES","HBO FHD [LEG] [2]","http://tjtor8411.com:80/010794/FXz1sY/90698.ts","No data (insufficient stream data: 235 bytes)",331
Dead,"BR – FILMES E SERIES","HBO H265","http://up.kiwi/351921603109/34939156/299674","HTTP 502",3293
Dead,"BR – FILMES E SERIES","HBO H265 [2]","http://up.kiwi/351921603109/34939156/576","HTTP 503",3108
Dead,"BR – FILMES E SERIES","HBO H265 [3]","http://tjtor8411.com:80/Osiel123/Felicidade321/90247.ts","No data (insufficient stream data: 235 bytes)",283
Dead,"BR – FILMES E SERIES","HBO H265 [4]","http://tjtor8411.com:80/010794/FXz1sY/90247.ts","No data (insufficient stream data: 235 bytes)",265
Dead,"BR – FILMES E SERIES","HBO HD","http://up.kiwi/351921603109/34939156/578","HTTP 503",3042
Alive,"BR – FILMES E SERIES","HBO HD [2]","http://up.kiwi/351921603109/34939156/296400","",2122
Dead,"BR – FILMES E SERIES","HBO HD [3]","http://tjtor8411.com:80/Osiel123/Felicidade321/72120.ts","No data (insufficient stream data: 235 bytes)",292
Dead,"BR – FILMES E SERIES","HBO HD [4]","http://tjtor8411.com:80/010794/FXz1sY/72120.ts","No data (insufficient stream data: 235 bytes)",280
Geoblocked,"BR – FILMES E SERIES","HBO HD [5]","https://cr7v.short.gy/ManoTV/temporário/index.m3u8","HTTP 403",458
Dead,"BR – FILMES E SERIES","HBO HD [LEG]","http://tjtor8411.com:80/Osiel123/Felicidade321/90697.ts","No data (insufficient stream data: 235 bytes)",435
Dead,"BR – FILMES E SERIES","HBO HD [LEG] [2]","http://tjtor8411.com:80/010794/FXz1sY/90697.ts","No data (insufficient stream data: 235 bytes)",330
Dead,"BR – FILMES E SERIES","HBO MUNDI [H265 ]","http://tjtor8411.com:80/Osiel123/Felicidade321/72122.ts","No data (insufficient stream data: 235 bytes)",325
Dead,"BR – FILMES E SERIES","HBO MUNDI [H265 ] [2]","http://tjtor8411.com:80/010794/FXz1sY/72122.ts","No data (insufficient stream data: 235 bytes)",337
Dead,"BR – FILMES E SERIES","HBO MUNDI FHD","http://up.kiwi/351921603109/34939156/296401","HTTP 502",3521
Dead,"BR – FILMES E SERIES","HBO MUNDI FHD [2]","http://tjtor8411.com:80/Osiel123/Felicidade321/72121.ts","No data (insufficient stream data: 235 bytes)",442
Dead,"BR – FILMES E SERIES","HBO MUNDI FHD [3]","http://tjtor8411.com:80/010794/FXz1sY/72121.ts","No data (insufficient stream data: 235 bytes)",418
Dead,"BR – FILMES E SERIES","HBO MUNDI FHD [LEG]","http://tjtor8411.com:80/Osiel123/Felicidade321/90695.ts","No data (insufficient stream data: 235 bytes)",420
Dead,"BR – FILMES E SERIES","HBO MUNDI FHD [LEG] [2]","http://tjtor8411.com:80/010794/FXz1sY/90695.ts","No data (insufficient stream data: 235 bytes)",440
Dead,"BR – FILMES E SERIES","HBO MUNDI H265","http://up.kiwi/351921603109/34939156/635","HTTP 404",1438
Dead,"BR – FILMES E SERIES","HBO MUNDI H265 [2]","http://tjtor8411.com:80/Osiel123/Felicidade321/103496.ts","No data (insufficient stream data: 235 bytes)",469
Dead,"BR – FILMES E SERIES","HBO MUNDI H265 [3]","http://tjtor8411.com:80/010794/FXz1sY/103496.ts","No data (insufficient stream data: 235 bytes)",469
Alive,"BR – FILMES E SERIES","HBO MUNDI HD","http://up.kiwi/351921603109/34939156/637","",2354
Alive,"BR – FILMES E SERIES","HBO MUNDI HD [2]","http://up.kiwi/351921603109/34939156/296402","",2306
Dead,"BR – FILMES E SERIES","HBO MUNDI HD [3]","http://tjtor8411.com:80/Osiel123/Felicidade321/72123.ts","No data (insufficient stream data: 235 bytes)",488
Dead,"BR – FILMES E SERIES","HBO MUNDI HD [4]","http://tjtor8411.com:80/010794/FXz1sY/72123.ts","No data (insufficient stream data: 235 bytes)",405
Geoblocked,"BR – FILMES E SERIES","HBO MUNDI HD [5]","https://megaflix.mgfiles.lat/1d96de15641923956b27337187bb9b2d/file.m3u8","HTTP 403",252
Dead,"BR – FILMES E SERIES","HBO MUNDI HD [LEG]","http://tjtor8411.com:80/Osiel123/Felicidade321/90694.ts","No data (insufficient stream data: 235 bytes)",399
Dead,"BR – FILMES E SERIES","HBO MUNDI HD [LEG] [2]","http://tjtor8411.com:80/010794/FXz1sY/90694.ts","No data (insufficient stream data: 235 bytes)",402
Dead,"BR – FILMES E SERIES","HBO MUNDI SD","http://up.kiwi/351921603109/34939156/639","HTTP 503",2551
Dead,"BR – FILMES E SERIES","HBO MUNDI SD [2]","http://up.kiwi/351921603109/34939156/296412","HTTP 502",3751
Dead,"BR – FILMES E SERIES","HBO MUNDI SD [3]","http://tjtor8411.com:80/Osiel123/Felicidade321/72124.ts","No data (insufficient stream data: 235 bytes)",385
Dead,"BR – FILMES E SERIES","HBO MUNDI SD [4]","http://tjtor8411.com:80/010794/FXz1sY/72124.ts","No data (insufficient stream data: 235 bytes)",367
Dead,"BR – FILMES E SERIES","HBO MUNDI SD [LEG]","http://tjtor8411.com:80/Osiel123/Felicidade321/90693.ts","No data (insufficient stream data: 235 bytes)",323
Dead,"BR – FILMES E SERIES","HBO MUNDI SD [LEG] [2]","http://tjtor8411.com:80/010794/FXz1sY/90693.ts","No data (insufficient stream data: 235 bytes)",313
Dead,"BR – FILMES E SERIES","HBO PLUS [H265 ]","http://tjtor8411.com:80/Osiel123/Felicidade321/72126.ts","No data (insufficient stream data: 235 bytes)",389
Dead,"BR – FILMES E SERIES","HBO PLUS [H265 ] [2]","http://tjtor8411.com:80/010794/FXz1sY/72126.ts","No data (insufficient stream data: 235 bytes)",540
Dead,"BR – FILMES E SERIES","HBO PLUS FHD","http://tjtor8411.com:80/Osiel123/Felicidade321/72125.ts","No data (insufficient stream data: 235 bytes)",415
Dead,"BR – FILMES E SERIES","HBO PLUS FHD [2]","http://tjtor8411.com:80/010794/FXz1sY/72125.ts","No data (insufficient stream data: 235 bytes)",355
Dead,"BR – FILMES E SERIES","HBO PLUS FHD [LEG]","http://tjtor8411.com:80/Osiel123/Felicidade321/90692.ts","No data (insufficient stream data: 235 bytes)",482
Dead,"BR – FILMES E SERIES","HBO PLUS FHD [LEG] [2]","http://tjtor8411.com:80/010794/FXz1sY/90692.ts","No data (insufficient stream data: 235 bytes)",402
Dead,"BR – FILMES E SERIES","HBO PLUS H265","http://tjtor8411.com:80/Osiel123/Felicidade321/90635.ts","No data (insufficient stream data: 235 bytes)",526
Dead,"BR – FILMES E SERIES","HBO PLUS H265 [2]","http://tjtor8411.com:80/010794/FXz1sY/90635.ts","No data (insufficient stream data: 235 bytes)",542
Dead,"BR – FILMES E SERIES","HBO PLUS HD","http://tjtor8411.com:80/Osiel123/Felicidade321/72127.ts","No data (insufficient stream data: 235 bytes)",591
Dead,"BR – FILMES E SERIES","HBO PLUS HD [2]","http://tjtor8411.com:80/010794/FXz1sY/72127.ts","No data (insufficient stream data: 235 bytes)",500
Dead,"BR – FILMES E SERIES","HBO PLUS HD [LEG]","http://tjtor8411.com:80/Osiel123/Felicidade321/90691.ts","No data (insufficient stream data: 235 bytes)",447
Dead,"BR – FILMES E SERIES","HBO PLUS HD [LEG] [2]","http://tjtor8411.com:80/010794/FXz1sY/90691.ts","No data (insufficient stream data: 235 bytes)",446
Dead,"BR – FILMES E SERIES","HBO PLUS SD","http://tjtor8411.com:80/Osiel123/Felicidade321/72128.ts","No data (insufficient stream data: 235 bytes)",346
Dead,"BR – FILMES E SERIES","HBO PLUS SD [2]","http://tjtor8411.com:80/010794/FXz1sY/72128.ts","No data (insufficient stream data: 235 bytes)",461
Dead,"BR – FILMES E SERIES","HBO PLUS SD [LEG]","http://tjtor8411.com:80/Osiel123/Felicidade321/90690.ts","No data (insufficient stream data: 235 bytes)",478
Dead,"BR – FILMES E SERIES","HBO PLUS SD [LEG] [2]","http://tjtor8411.com:80/010794/FXz1sY/90690.ts","No data (insufficient stream data: 235 bytes)",419
Dead,"BR – FILMES E SERIES","HBO POP [H265 ]","http://tjtor8411.com:80/Osiel123/Felicidade321/72130.ts","No data (insufficient stream data: 235 bytes)",531
Dead,"BR – FILMES E SERIES","HBO POP [H265 ] [2]","http://tjtor8411.com:80/010794/FXz1sY/72130.ts","No data (insufficient stream data: 235 bytes)",448
Alive,"BR – FILMES E SERIES","HBO POP FHD","http://up.kiwi/351921603109/34939156/296403","",2180
Dead,"BR – FILMES E SERIES","HBO POP FHD [2]","http://tjtor8411.com:80/Osiel123/Felicidade321/72129.ts","No data (insufficient stream data: 235 bytes)",620
Dead,"BR – FILMES E SERIES","HBO POP FHD [3]","http://tjtor8411.com:80/010794/FXz1sY/72129.ts","No data (insufficient stream data: 235 bytes)",467
Dead,"BR – FILMES E SERIES","HBO POP FHD [LEG]","http://tjtor8411.com:80/Osiel123/Felicidade321/90689.ts","No data (insufficient stream data: 235 bytes)",439
Dead,"BR – FILMES E SERIES","HBO POP FHD [LEG] [2]","http://tjtor8411.com:80/010794/FXz1sY/90689.ts","No data (insufficient stream data: 235 bytes)",467
Dead,"BR – FILMES E SERIES","HBO POP H265","http://up.kiwi/351921603109/34939156/641","HTTP 503",1771
Dead,"BR – FILMES E SERIES","HBO POP H265 [2]","http://tjtor8411.com:80/Osiel123/Felicidade321/103495.ts","No data (insufficient stream data: 235 bytes)",554
Dead,"BR – FILMES E SERIES","HBO POP H265 [3]","http://tjtor8411.com:80/010794/FXz1sY/103495.ts","No data (insufficient stream data: 235 bytes)",345
Dead,"BR – FILMES E SERIES","HBO POP HD","http://up.kiwi/351921603109/34939156/643","HTTP 404",2014
Dead,"BR – FILMES E SERIES","HBO POP HD [2]","http://up.kiwi/351921603109/34939156/296404","HTTP 503",2577
Dead,"BR – FILMES E SERIES","HBO POP HD [3]","http://tjtor8411.com:80/Osiel123/Felicidade321/72131.ts","No data (insufficient stream data: 235 bytes)",386
Dead,"BR – FILMES E SERIES","HBO POP HD [4]","http://tjtor8411.com:80/010794/FXz1sY/72131.ts","No data (insufficient stream data: 235 bytes)",480
Geoblocked,"BR – FILMES E SERIES","HBO POP HD [5]","https://megaflix.mgfiles.lat/492c6dc59e017826bd28d34ffdddf046/file.m3u8","HTTP 403",216
Dead,"BR – FILMES E SERIES","HBO POP HD [LEG]","http://tjtor8411.com:80/Osiel123/Felicidade321/90688.ts","No data (insufficient stream data: 235 bytes)",377
Dead,"BR – FILMES E SERIES","HBO POP HD [LEG] [2]","http://tjtor8411.com:80/010794/FXz1sY/90688.ts","No data (insufficient stream data: 235 bytes)",456
Alive,"BR – FILMES E SERIES","HBO POP SD","http://up.kiwi/351921603109/34939156/645","",2264
Dead,"BR – FILMES E SERIES","HBO POP SD [2]","http://up.kiwi/351921603109/34939156/296413","HTTP 503",1573
Dead,"BR – FILMES E SERIES","HBO POP SD [3]","http://tjtor8411.com:80/Osiel123/Felicidade321/72132.ts","No data (insufficient stream data: 235 bytes)",468
Dead,"BR – FILMES E SERIES","HBO POP SD [4]","http://tjtor8411.com:80/010794/FXz1sY/72132.ts","No data (insufficient stream data: 235 bytes)",281
Dead,"BR – FILMES E SERIES","HBO POP SD [LEG]","http://tjtor8411.com:80/Osiel123/Felicidade321/90687.ts","No data (insufficient stream data: 235 bytes)",422
Dead,"BR – FILMES E SERIES","HBO POP SD [LEG] [2]","http://tjtor8411.com:80/010794/FXz1sY/90687.ts","No data (insufficient stream data: 235 bytes)",384
Dead,"BR – FILMES E SERIES","HBO SD","http://up.kiwi/351921603109/34939156/646","HTTP 503",2343
Dead,"BR – FILMES E SERIES","HBO SD [2]","http://up.kiwi/351921603109/34939156/296414","HTTP 502",2685
Dead,"BR – FILMES E SERIES","HBO SD [3]","http://tjtor8411.com:80/Osiel123/Felicidade321/72133.ts","No data (insufficient stream data: 235 bytes)",376
Dead,"BR – FILMES E SERIES","HBO SD [4]","http://tjtor8411.com:80/010794/FXz1sY/72133.ts","No data (insufficient stream data: 235 bytes)",455
Dead,"BR – FILMES E SERIES","HBO SD [LEG]","http://tjtor8411.com:80/Osiel123/Felicidade321/90696.ts","No data (insufficient stream data: 235 bytes)",472
Dead,"BR – FILMES E SERIES","HBO SD [LEG] [2]","http://tjtor8411.com:80/010794/FXz1sY/90696.ts","No data (insufficient stream data: 235 bytes)",532
Dead,"BR – FILMES E SERIES","HBO SIGNATURE [H265 ]","http://tjtor8411.com:80/Osiel123/Felicidade321/72135.ts","No data (insufficient stream data: 235 bytes)",510
Dead,"BR – FILMES E SERIES","HBO SIGNATURE [H265 ] [2]","http://tjtor8411.com:80/010794/FXz1sY/72135.ts","No data (insufficient stream data: 235 bytes)",476
Alive,"BR – FILMES E SERIES","HBO SIGNATURE FHD","http://up.kiwi/351921603109/34939156/296405","",2287
Dead,"BR – FILMES E SERIES","HBO SIGNATURE FHD [2]","http://tjtor8411.com:80/Osiel123/Felicidade321/72134.ts","No data (insufficient stream data: 235 bytes)",516
Dead,"BR – FILMES E SERIES","HBO SIGNATURE FHD [3]","http://tjtor8411.com:80/010794/FXz1sY/72134.ts","No data (insufficient stream data: 235 bytes)",887
Dead,"BR – FILMES E SERIES","HBO SIGNATURE FHD [LEG]","http://tjtor8411.com:80/Osiel123/Felicidade321/90686.ts","No data (insufficient stream data: 235 bytes)",504
Dead,"BR – FILMES E SERIES","HBO SIGNATURE FHD [LEG] [2]","http://tjtor8411.com:80/010794/FXz1sY/90686.ts","No data (insufficient stream data: 235 bytes)",490
Dead,"BR – FILMES E SERIES","HBO SIGNATURE H265","http://up.kiwi/351921603109/34939156/648","HTTP 502",3417
Dead,"BR – FILMES E SERIES","HBO SIGNATURE H265 [2]","http://tjtor8411.com:80/Osiel123/Felicidade321/103494.ts","No data (insufficient stream data: 235 bytes)",561
Dead,"BR – FILMES E SERIES","HBO SIGNATURE H265 [3]","http://tjtor8411.com:80/010794/FXz1sY/103494.ts","No data (insufficient stream data: 235 bytes)",494
Dead,"BR – FILMES E SERIES","HBO SIGNATURE HD","http://up.kiwi/351921603109/34939156/650","HTTP 404",1535
Dead,"BR – FILMES E SERIES","HBO SIGNATURE HD [2]","http://up.kiwi/351921603109/34939156/296406","HTTP 502",2318
Dead,"BR – FILMES E SERIES","HBO SIGNATURE HD [3]","http://tjtor8411.com:80/Osiel123/Felicidade321/72136.ts","No data (insufficient stream data: 235 bytes)",602
Dead,"BR – FILMES E SERIES","HBO SIGNATURE HD [4]","http://tjtor8411.com:80/010794/FXz1sY/72136.ts","No data (insufficient stream data: 235 bytes)",508
Dead,"BR – FILMES E SERIES","HBO SIGNATURE HD [5]","http://46.151.196.223:14929","Connection refused",252
Dead,"BR – FILMES E SERIES","HBO SIGNATURE HD [LEG]","http://tjtor8411.com:80/Osiel123/Felicidade321/90685.ts","No data (insufficient stream data: 235 bytes)",479
Dead,"BR – FILMES E SERIES","HBO SIGNATURE HD [LEG] [2]","http://tjtor8411.com:80/010794/FXz1sY/90685.ts","No data (insufficient stream data: 235 bytes)",453
Alive,"BR – FILMES E SERIES","HBO SIGNATURE SD","http://up.kiwi/351921603109/34939156/652","",2272
Alive,"BR – FILMES E SERIES","HBO SIGNATURE SD [2]","http://up.kiwi/351921603109/34939156/296415","",2970
Dead,"BR – FILMES E SERIES","HBO SIGNATURE SD [3]","http://tjtor8411.com:80/Osiel123/Felicidade321/72137.ts","No data (insufficient stream data: 235 bytes)",456
Dead,"BR – FILMES E SERIES","HBO SIGNATURE SD [4]","http://tjtor8411.com:80/010794/FXz1sY/72137.ts","No data (insufficient stream data: 235 bytes)",518
Dead,"BR – FILMES E SERIES","HBO SIGNATURE SD [LEG]","http://tjtor8411.com:80/Osiel123/Felicidade321/90684.ts","No data (insufficient stream data: 235 bytes)",501
Dead,"BR – FILMES E SERIES","HBO SIGNATURE SD [LEG] [2]","http://tjtor8411.com:80/010794/FXz1sY/90684.ts","No data (insufficient stream data: 235 bytes)",555
Dead,"BR – FILMES E SERIES","HBO XTREME [H265 ]","http://tjtor8411.com:80/Osiel123/Felicidade321/72139.ts","No data (insufficient stream data: 235 bytes)",1162
Dead,"BR – FILMES E SERIES","HBO XTREME [H265 ] [2]","http://tjtor8411.com:80/010794/FXz1sY/72139.ts","No data (insufficient stream data: 235 bytes)",498
Dead,"BR – FILMES E SERIES","HBO XTREME FHD","http://up.kiwi/351921603109/34939156/296407","HTTP 502",3396
Dead,"BR – FILMES E SERIES","HBO XTREME FHD [2]","http://tjtor8411.com:80/Osiel123/Felicidade321/72138.ts","No data (insufficient stream data: 235 bytes)",558
Dead,"BR – FILMES E SERIES","HBO XTREME FHD [3]","http://tjtor8411.com:80/010794/FXz1sY/72138.ts","No data (insufficient stream data: 235 bytes)",495
Dead,"BR – FILMES E SERIES","HBO XTREME FHD [LEG]","http://tjtor8411.com:80/Osiel123/Felicidade321/90683.ts","No data (insufficient stream data: 235 bytes)",945
Dead,"BR – FILMES E SERIES","HBO XTREME FHD [LEG] [2]","http://tjtor8411.com:80/010794/FXz1sY/90683.ts","No data (insufficient stream data: 235 bytes)",924
Dead,"BR – FILMES E SERIES","HBO XTREME H265","http://up.kiwi/351921603109/34939156/654","HTTP 503",1349
Dead,"BR – FILMES E SERIES","HBO XTREME H265 [2]","http://tjtor8411.com:80/Osiel123/Felicidade321/90636.ts","No data (insufficient stream data: 235 bytes)",494
Dead,"BR – FILMES E SERIES","HBO XTREME H265 [3]","http://tjtor8411.com:80/010794/FXz1sY/90636.ts","No data (insufficient stream data: 235 bytes)",633
Dead,"BR – FILMES E SERIES","HBO XTREME HD","http://up.kiwi/351921603109/34939156/656","HTTP 502",2024
Dead,"BR – FILMES E SERIES","HBO XTREME HD [2]","http://up.kiwi/351921603109/34939156/296408","HTTP 503",1642
Dead,"BR – FILMES E SERIES","HBO XTREME HD [3]","http://tjtor8411.com:80/Osiel123/Felicidade321/72140.ts","No data (insufficient stream data: 235 bytes)",423
Dead,"BR – FILMES E SERIES","HBO XTREME HD [4]","http://tjtor8411.com:80/010794/FXz1sY/72140.ts","No data (insufficient stream data: 235 bytes)",626
Geoblocked,"BR – FILMES E SERIES","HBO XTREME HD [5]","https://megaflix.mgfiles.lat/4c9f69f1c90897463e187afa7050aa31/file.m3u8","HTTP 403",139
Dead,"BR – FILMES E SERIES","HBO XTREME HD [LEG]","http://tjtor8411.com:80/Osiel123/Felicidade321/90682.ts","No data (insufficient stream data: 235 bytes)",887
Dead,"BR – FILMES E SERIES","HBO XTREME HD [LEG] [2]","http://tjtor8411.com:80/010794/FXz1sY/90682.ts","No data (insufficient stream data: 235 bytes)",522
Alive,"BR – FILMES E SERIES","HBO XTREME SD","http://up.kiwi/351921603109/34939156/658","",2143
Alive,"BR – FILMES E SERIES","HBO XTREME SD [2]","http://up.kiwi/351921603109/34939156/296416","",4925
Dead,"BR – FILMES E SERIES","HBO XTREME SD [3]","http://tjtor8411.com:80/Osiel123/Felicidade321/72141.ts","No data (insufficient stream data: 235 bytes)",483
Dead,"BR – FILMES E SERIES","HBO XTREME SD [4]","http://tjtor8411.com:80/010794/FXz1sY/72141.ts","No data (insufficient stream data: 235 bytes)",515
Dead,"BR – FILMES E SERIES","HBO XTREME SD [LEG]","http://tjtor8411.com:80/Osiel123/Felicidade321/90681.ts","No data (insufficient stream data: 235 bytes)",612
Dead,"BR – FILMES E SERIES","HBO XTREME SD [LEG] [2]","http://tjtor8411.com:80/010794/FXz1sY/90681.ts","No data (insufficient stream data: 235 bytes)",352
Alive,"BR – FILMES E SERIES","HBO+ FHD","http://up.kiwi/351921603109/34939156/296409","",2232
Alive,"BR – FILMES E SERIES","HBO+ H265","http://up.kiwi/351921603109/34939156/660","",2718
Dead,"BR – FILMES E SERIES","HBO+ HD","http://up.kiwi/351921603109/34939156/662","HTTP 502",2014
Dead,"BR – FILMES E SERIES","HBO+ HD [2]","http://up.kiwi/351921603109/34939156/296410","HTTP 503",1659
Geoblocked,"BR – FILMES E SERIES","HBO+ HD [3]","https://megaflix.mgfiles.lat/e56157d5c00f4c1459de2bb07741e362/file.m3u8","HTTP 403",130
Alive,"BR – FILMES E SERIES","HBO+ SD","http://up.kiwi/351921603109/34939156/664","",7370
Alive,"BR – FILMES E SERIES","HBO+ SD [2]","http://up.kiwi/351921603109/34939156/296417","",2190
Dead,"BR – FILMES E SERIES","HTO FILMES","https://cdn-3.nxplay.com.br/HTO_Filmes/tracks-v1a1/mono.m3u8","Timeout",20498
Dead,"BR – FILMES E SERIES","I SAT HD","http://up.kiwi/351921603109/34939156/674","HTTP 404",14570
Dead,"BR – FILMES E SERIES","I SAT SD","http://up.kiwi/351921603109/34939156/675","HTTP 404",14803
Alive,"BR – FILMES E SERIES","MAX 01 HD","http://up.kiwi/351921603109/34939156/704601","",2260
Dead,"BR – FILMES E SERIES","MAX 01 HD ALT","http://up.kiwi/351921603109/34939156/704602","HTTP 404",1599
Dead,"BR – FILMES E SERIES","MAX 01 HD ALT 01","http://up.kiwi/351921603109/34939156/704603","HTTP 502",2245
Alive,"BR – FILMES E SERIES","MAX 02 HD","http://up.kiwi/351921603109/34939156/704604","",2791
Alive,"BR – FILMES E SERIES","MAX 02 HD ALT","http://up.kiwi/351921603109/34939156/704605","",3367
Dead,"BR – FILMES E SERIES","MAX 02 HD ALT 01","http://up.kiwi/351921603109/34939156/704606","HTTP 404",14931
Dead,"BR – FILMES E SERIES","MAX 03 HD","http://up.kiwi/351921603109/34939156/704614","HTTP 502",2384
Dead,"BR – FILMES E SERIES","MAX 03 HD ALT 01","http://up.kiwi/351921603109/34939156/704615","HTTP 502",3022
Dead,"BR – FILMES E SERIES","MAX 03 HD ALT 02","http://up.kiwi/351921603109/34939156/704616","HTTP 404",1482
Dead,"BR – FILMES E SERIES","MAX 04 HD","http://up.kiwi/351921603109/34939156/704617","HTTP 404",1645
Alive,"BR – FILMES E SERIES","MAX 04 HD ALT 01","http://up.kiwi/351921603109/34939156/704618","",4722
Dead,"BR – FILMES E SERIES","MAX 04 HD ALT 02","http://up.kiwi/351921603109/34939156/704619","HTTP 404",9701
Alive,"BR – FILMES E SERIES","MAX 05 HD","http://up.kiwi/351921603109/34939156/704620","",3902
Dead,"BR – FILMES E SERIES","MAX 05 HD ALT","http://up.kiwi/351921603109/34939156/704621","HTTP 502",1873
Dead,"BR – FILMES E SERIES","MAX 05 HD ALT 01","http://up.kiwi/351921603109/34939156/704622","HTTP 404",14620
Dead,"BR – FILMES E SERIES","MAX 1 FHD","http://tjtor8411.com:80/Osiel123/Felicidade321/140504.ts","No data (insufficient stream data: 235 bytes)",545
Dead,"BR – FILMES E SERIES","MAX 1 FHD [2]","http://tjtor8411.com:80/010794/FXz1sY/140504.ts","No data (insufficient stream data: 235 bytes)",756
Dead,"BR – FILMES E SERIES","MAX 1 HD","http://tjtor8411.com:80/Osiel123/Felicidade321/71904.ts","No data (insufficient stream data: 235 bytes)",452
Dead,"BR – FILMES E SERIES","MAX 1 HD [2]","http://tjtor8411.com:80/010794/FXz1sY/71904.ts","No data (insufficient stream data: 235 bytes)",525
Dead,"BR – FILMES E SERIES","MAX 1 SD","http://tjtor8411.com:80/Osiel123/Felicidade321/140510.ts","No data (insufficient stream data: 235 bytes)",443
Dead,"BR – FILMES E SERIES","MAX 1 SD [2]","http://tjtor8411.com:80/010794/FXz1sY/140510.ts","No data (insufficient stream data: 235 bytes)",404
Dead,"BR – FILMES E SERIES","MAX 2 FHD","http://tjtor8411.com:80/Osiel123/Felicidade321/140505.ts","No data (insufficient stream data: 235 bytes)",480
Dead,"BR – FILMES E SERIES","MAX 2 FHD [2]","http://tjtor8411.com:80/010794/FXz1sY/140505.ts","No data (insufficient stream data: 235 bytes)",471
Dead,"BR – FILMES E SERIES","MAX 2 HD","http://tjtor8411.com:80/Osiel123/Felicidade321/71905.ts","No data (insufficient stream data: 235 bytes)",468
Dead,"BR – FILMES E SERIES","MAX 2 HD [2]","http://tjtor8411.com:80/010794/FXz1sY/71905.ts","No data (insufficient stream data: 235 bytes)",409
Dead,"BR – FILMES E SERIES","MAX 2 SD","http://tjtor8411.com:80/Osiel123/Felicidade321/140511.ts","No data (insufficient stream data: 235 bytes)",502
Dead,"BR – FILMES E SERIES","MAX 2 SD [2]","http://tjtor8411.com:80/010794/FXz1sY/140511.ts","No data (insufficient stream data: 235 bytes)",500
Dead,"BR – FILMES E SERIES","MAX 3 FHD","http://tjtor8411.com:80/Osiel123/Felicidade321/140506.ts","No data (insufficient stream data: 235 bytes)",437
Dead,"BR – FILMES E SERIES","MAX 3 FHD [2]","http://tjtor8411.com:80/010794/FXz1sY/140506.ts","No data (insufficient stream data: 235 bytes)",444
Dead,"BR – FILMES E SERIES","MAX 3 HD","http://tjtor8411.com:80/Osiel123/Felicidade321/71906.ts","No data (insufficient stream data: 235 bytes)",1104
Dead,"BR – FILMES E SERIES","MAX 3 HD [2]","http://tjtor8411.com:80/010794/FXz1sY/71906.ts","No data (insufficient stream data: 235 bytes)",456
Dead,"BR – FILMES E SERIES","MAX 3 SD","http://tjtor8411.com:80/Osiel123/Felicidade321/140512.ts","No data (insufficient stream data: 235 bytes)",439
Dead,"BR – FILMES E SERIES","MAX 3 SD [2]","http://tjtor8411.com:80/010794/FXz1sY/140512.ts","No data (insufficient stream data: 235 bytes)",512
Dead,"BR – FILMES E SERIES","MAX 4 FHD","http://tjtor8411.com:80/Osiel123/Felicidade321/140507.ts","No data (insufficient stream data: 235 bytes)",477
Dead,"BR – FILMES E SERIES","MAX 4 FHD [2]","http://tjtor8411.com:80/010794/FXz1sY/140507.ts","No data (insufficient stream data: 235 bytes)",415
Dead,"BR – FILMES E SERIES","MAX 4 HD","http://tjtor8411.com:80/Osiel123/Felicidade321/76673.ts","No data (insufficient stream data: 235 bytes)",549
Dead,"BR – FILMES E SERIES","MAX 4 HD [2]","http://tjtor8411.com:80/010794/FXz1sY/76673.ts","No data (insufficient stream data: 235 bytes)",444
Dead,"BR – FILMES E SERIES","MAX 4 SD","http://tjtor8411.com:80/Osiel123/Felicidade321/140513.ts","No data (insufficient stream data: 235 bytes)",509
Dead,"BR – FILMES E SERIES","MAX 4 SD [2]","http://tjtor8411.com:80/010794/FXz1sY/140513.ts","No data (insufficient stream data: 235 bytes)",512
Dead,"BR – FILMES E SERIES","MAX 6 FHD","http://tjtor8411.com:80/Osiel123/Felicidade321/140509.ts","No data (insufficient stream data: 235 bytes)",491
Dead,"BR – FILMES E SERIES","MAX 6 FHD [2]","http://tjtor8411.com:80/010794/FXz1sY/140509.ts","No data (insufficient stream data: 235 bytes)",539
Dead,"BR – FILMES E SERIES","MAX 6 HD","http://tjtor8411.com:80/Osiel123/Felicidade321/130197.ts","No data (insufficient stream data: 235 bytes)",569
Dead,"BR – FILMES E SERIES","MAX 6 HD [2]","http://tjtor8411.com:80/010794/FXz1sY/130197.ts","No data (insufficient stream data: 235 bytes)",419
Dead,"BR – FILMES E SERIES","MAX 6 SD","http://tjtor8411.com:80/Osiel123/Felicidade321/140515.ts","No data (insufficient stream data: 235 bytes)",491
Dead,"BR – FILMES E SERIES","MAX 6 SD [2]","http://tjtor8411.com:80/010794/FXz1sY/140515.ts","No data (insufficient stream data: 235 bytes)",467
Dead,"BR – FILMES E SERIES","MEGAPIX","http://177.52.24.163/MEGAPIX-HD/index.m3u8","Timeout",20019
Dead,"BR – FILMES E SERIES","MEGAPIX [H265 ]","http://tjtor8411.com:80/Osiel123/Felicidade321/72167.ts","No data (insufficient stream data: 235 bytes)",488
Dead,"BR – FILMES E SERIES","MEGAPIX [H265 ] [2]","http://tjtor8411.com:80/010794/FXz1sY/72167.ts","No data (insufficient stream data: 235 bytes)",692
Dead,"BR – FILMES E SERIES","MEGAPIX FHD","http://up.kiwi/351921603109/34939156/296458","HTTP 404",1152
Dead,"BR – FILMES E SERIES","MEGAPIX FHD [2]","http://tjtor8411.com:80/Osiel123/Felicidade321/72166.ts","No data (insufficient stream data: 235 bytes)",456
Dead,"BR – FILMES E SERIES","MEGAPIX FHD [3]","http://tjtor8411.com:80/010794/FXz1sY/72166.ts","No data (insufficient stream data: 235 bytes)",447
Dead,"BR – FILMES E SERIES","MEGAPIX FHD [LEG]","http://tjtor8411.com:80/Osiel123/Felicidade321/90680.ts","No data (insufficient stream data: 235 bytes)",782
Dead,"BR – FILMES E SERIES","MEGAPIX FHD [LEG] [2]","http://tjtor8411.com:80/010794/FXz1sY/90680.ts","No data (insufficient stream data: 235 bytes)",441
Dead,"BR – FILMES E SERIES","MEGAPIX H265","http://up.kiwi/351921603109/34939156/299677","HTTP 502",3284
Dead,"BR – FILMES E SERIES","MEGAPIX H265 [2]","http://up.kiwi/351921603109/34939156/725","HTTP 503",2618
Dead,"BR – FILMES E SERIES","MEGAPIX H265 [3]","http://tjtor8411.com:80/Osiel123/Felicidade321/131104.ts","No data (insufficient stream data: 235 bytes)",294
Dead,"BR – FILMES E SERIES","MEGAPIX H265 [4]","http://tjtor8411.com:80/010794/FXz1sY/131104.ts","No data (insufficient stream data: 235 bytes)",304
Dead,"BR – FILMES E SERIES","MEGAPIX HD","http://up.kiwi/351921603109/34939156/728","HTTP 503",2577
Alive,"BR – FILMES E SERIES","MEGAPIX HD [2]","http://up.kiwi/351921603109/34939156/296457","",2201
Dead,"BR – FILMES E SERIES","MEGAPIX HD [3]","http://tjtor8411.com:80/Osiel123/Felicidade321/72169.ts","No data (insufficient stream data: 235 bytes)",415
Dead,"BR – FILMES E SERIES","MEGAPIX HD [4]","http://tjtor8411.com:80/010794/FXz1sY/72169.ts","No data (insufficient stream data: 235 bytes)",408
Geoblocked,"BR – FILMES E SERIES","MEGAPIX HD [5]","https://megaflix.mgfiles.lat/7ddc7141bea8292aed14dea2877dcdc3/file.m3u8","HTTP 403",94
Dead,"BR – FILMES E SERIES","MEGAPIX HD [LEG]","http://tjtor8411.com:80/Osiel123/Felicidade321/131118.ts","No data (insufficient stream data: 235 bytes)",295
Dead,"BR – FILMES E SERIES","MEGAPIX HD [LEG] [2]","http://tjtor8411.com:80/010794/FXz1sY/131118.ts","No data (insufficient stream data: 235 bytes)",301
Alive,"BR – FILMES E SERIES","MEGAPIX SD","http://up.kiwi/351921603109/34939156/730","",2181
Dead,"BR – FILMES E SERIES","MEGAPIX SD [2]","http://up.kiwi/351921603109/34939156/296440","HTTP 502",3148
Dead,"BR – FILMES E SERIES","MEGAPIX SD [3]","http://tjtor8411.com:80/Osiel123/Felicidade321/131204.ts","No data (insufficient stream data: 235 bytes)",367
Dead,"BR – FILMES E SERIES","MEGAPIX SD [4]","http://tjtor8411.com:80/010794/FXz1sY/131204.ts","No data (insufficient stream data: 235 bytes)",347
Dead,"BR – FILMES E SERIES","MEGAPIX SD [LEG]","http://tjtor8411.com:80/Osiel123/Felicidade321/131171.ts","No data (insufficient stream data: 235 bytes)",345
Dead,"BR – FILMES E SERIES","MEGAPIX SD [LEG] [2]","http://tjtor8411.com:80/010794/FXz1sY/131171.ts","No data (insufficient stream data: 235 bytes)",323
Alive,"BR – FILMES E SERIES","MOVIE SPHERE","https://cdn-uw2-prod.tsv2.amagi.tv/linear/amg00353-lionsgatestudio-moviespherebrazil-samsungbr/playlist.m3u8?ManoTV","",1091
Dead,"BR – FILMES E SERIES","NOVELISSIMA","https://stream.ads.ottera.tv/playlist.m3u8?network_id=2380","HTTP 400",572
Alive,"BR – FILMES E SERIES","NOVELISSIMA BR","https://cis-no-samsung.otteravision.com/cis/no/no_h265.m3u8","",406
Dead,"BR – FILMES E SERIES","OTAKU SIGN TV","https://stmv1.srvif.com/otaku/otaku/chunklist_w776677652.m3u8","HTTP 404",502
Dead,"BR – FILMES E SERIES","PARAMOUNT + 1 [H265 ]","http://tjtor8411.com:80/Osiel123/Felicidade321/72978.ts","No data (insufficient stream data: 235 bytes)",233
Dead,"BR – FILMES E SERIES","PARAMOUNT + 1 [H265 ] [2]","http://tjtor8411.com:80/010794/FXz1sY/72978.ts","No data (insufficient stream data: 235 bytes)",379
Dead,"BR – FILMES E SERIES","PARAMOUNT + 1 FHD","http://tjtor8411.com:80/Osiel123/Felicidade321/72977.ts","No data (insufficient stream data: 235 bytes)",295
Dead,"BR – FILMES E SERIES","PARAMOUNT + 1 FHD [2]","http://tjtor8411.com:80/010794/FXz1sY/72977.ts","No data (insufficient stream data: 235 bytes)",406
Dead,"BR – FILMES E SERIES","PARAMOUNT + 1 H265","http://tjtor8411.com:80/Osiel123/Felicidade321/103524.ts","No data (insufficient stream data: 235 bytes)",312
Dead,"BR – FILMES E SERIES","PARAMOUNT + 1 H265 [2]","http://tjtor8411.com:80/010794/FXz1sY/103524.ts","No data (insufficient stream data: 235 bytes)",449
Dead,"BR – FILMES E SERIES","PARAMOUNT + 1 HD","http://tjtor8411.com:80/Osiel123/Felicidade321/72979.ts","No data (insufficient stream data: 235 bytes)",398
Dead,"BR – FILMES E SERIES","PARAMOUNT + 1 HD [2]","http://tjtor8411.com:80/010794/FXz1sY/72979.ts","No data (insufficient stream data: 235 bytes)",320
Dead,"BR – FILMES E SERIES","PARAMOUNT + 1 SD","http://tjtor8411.com:80/Osiel123/Felicidade321/72980.ts","No data (insufficient stream data: 235 bytes)",390
Dead,"BR – FILMES E SERIES","PARAMOUNT + 1 SD [2]","http://tjtor8411.com:80/010794/FXz1sY/72980.ts","No data (insufficient stream data: 235 bytes)",372
Dead,"BR – FILMES E SERIES","PARAMOUNT + 2 [H265 ]","http://tjtor8411.com:80/Osiel123/Felicidade321/72982.ts","No data (insufficient stream data: 235 bytes)",408
Dead,"BR – FILMES E SERIES","PARAMOUNT + 2 [H265 ] [2]","http://tjtor8411.com:80/010794/FXz1sY/72982.ts","No data (insufficient stream data: 235 bytes)",399
Dead,"BR – FILMES E SERIES","PARAMOUNT + 2 FHD","http://tjtor8411.com:80/Osiel123/Felicidade321/72981.ts","No data (insufficient stream data: 235 bytes)",447
Dead,"BR – FILMES E SERIES","PARAMOUNT + 2 FHD [2]","http://tjtor8411.com:80/010794/FXz1sY/72981.ts","No data (insufficient stream data: 235 bytes)",847
Dead,"BR – FILMES E SERIES","PARAMOUNT + 2 H265","http://tjtor8411.com:80/Osiel123/Felicidade321/103523.ts","No data (insufficient stream data: 235 bytes)",420
Dead,"BR – FILMES E SERIES","PARAMOUNT + 2 H265 [2]","http://tjtor8411.com:80/010794/FXz1sY/103523.ts","No data (insufficient stream data: 235 bytes)",296
Dead,"BR – FILMES E SERIES","PARAMOUNT + 2 HD","http://tjtor8411.com:80/Osiel123/Felicidade321/72983.ts","No data (insufficient stream data: 235 bytes)",455
Dead,"BR – FILMES E SERIES","PARAMOUNT + 2 HD [2]","http://tjtor8411.com:80/010794/FXz1sY/72983.ts","No data (insufficient stream data: 235 bytes)",310
Dead,"BR – FILMES E SERIES","PARAMOUNT + 2 SD","http://tjtor8411.com:80/Osiel123/Felicidade321/72984.ts","No data (insufficient stream data: 235 bytes)",326
Dead,"BR – FILMES E SERIES","PARAMOUNT + 2 SD [2]","http://tjtor8411.com:80/010794/FXz1sY/72984.ts","No data (insufficient stream data: 235 bytes)",377
Dead,"BR – FILMES E SERIES","PARAMOUNT + 3 [H265 ]","http://tjtor8411.com:80/Osiel123/Felicidade321/72986.ts","No data (insufficient stream data: 235 bytes)",297
Dead,"BR – FILMES E SERIES","PARAMOUNT + 3 [H265 ] [2]","http://tjtor8411.com:80/010794/FXz1sY/72986.ts","No data (insufficient stream data: 235 bytes)",269
Dead,"BR – FILMES E SERIES","PARAMOUNT + 3 FHD","http://tjtor8411.com:80/Osiel123/Felicidade321/72985.ts","No data (insufficient stream data: 235 bytes)",297
Dead,"BR – FILMES E SERIES","PARAMOUNT + 3 FHD [2]","http://tjtor8411.com:80/010794/FXz1sY/72985.ts","No data (insufficient stream data: 235 bytes)",233
Dead,"BR – FILMES E SERIES","PARAMOUNT + 3 H265","http://tjtor8411.com:80/Osiel123/Felicidade321/103522.ts","No data (insufficient stream data: 235 bytes)",303
Dead,"BR – FILMES E SERIES","PARAMOUNT + 3 H265 [2]","http://tjtor8411.com:80/010794/FXz1sY/103522.ts","No data (insufficient stream data: 235 bytes)",268
Dead,"BR – FILMES E SERIES","PARAMOUNT + 3 HD","http://tjtor8411.com:80/Osiel123/Felicidade321/72987.ts","No data (insufficient stream data: 235 bytes)",342
Dead,"BR – FILMES E SERIES","PARAMOUNT + 3 HD [2]","http://tjtor8411.com:80/010794/FXz1sY/72987.ts","No data (insufficient stream data: 235 bytes)",416
Dead,"BR – FILMES E SERIES","PARAMOUNT + 3 SD","http://tjtor8411.com:80/Osiel123/Felicidade321/72988.ts","No data (insufficient stream data: 235 bytes)",351
Dead,"BR – FILMES E SERIES","PARAMOUNT + 3 SD [2]","http://tjtor8411.com:80/010794/FXz1sY/72988.ts","No data (insufficient stream data: 235 bytes)",353
Dead,"BR – FILMES E SERIES","PARAMOUNT + 4 [H265 ]","http://tjtor8411.com:80/Osiel123/Felicidade321/72990.ts","No data (insufficient stream data: 235 bytes)",348
Dead,"BR – FILMES E SERIES","PARAMOUNT + 4 [H265 ] [2]","http://tjtor8411.com:80/010794/FXz1sY/72990.ts","No data (insufficient stream data: 235 bytes)",352
Dead,"BR – FILMES E SERIES","PARAMOUNT + 4 FHD","http://tjtor8411.com:80/Osiel123/Felicidade321/72989.ts","No data (insufficient stream data: 235 bytes)",297
Dead,"BR – FILMES E SERIES","PARAMOUNT + 4 FHD [2]","http://tjtor8411.com:80/010794/FXz1sY/72989.ts","No data (insufficient stream data: 235 bytes)",276
Dead,"BR – FILMES E SERIES","PARAMOUNT + 4 H265","http://tjtor8411.com:80/Osiel123/Felicidade321/103521.ts","No data (insufficient stream data: 235 bytes)",369
Dead,"BR – FILMES E SERIES","PARAMOUNT + 4 H265 [2]","http://tjtor8411.com:80/010794/FXz1sY/103521.ts","No data (insufficient stream data: 235 bytes)",395
Dead,"BR – FILMES E SERIES","PARAMOUNT + 4 HD","http://tjtor8411.com:80/Osiel123/Felicidade321/72991.ts","No data (insufficient stream data: 235 bytes)",288
Dead,"BR – FILMES E SERIES","PARAMOUNT + 4 HD [2]","http://tjtor8411.com:80/010794/FXz1sY/72991.ts","No data (insufficient stream data: 235 bytes)",305
Dead,"BR – FILMES E SERIES","PARAMOUNT + 4 SD","http://tjtor8411.com:80/Osiel123/Felicidade321/72992.ts","No data (insufficient stream data: 235 bytes)",296
Dead,"BR – FILMES E SERIES","PARAMOUNT + 4 SD [2]","http://tjtor8411.com:80/010794/FXz1sY/72992.ts","No data (insufficient stream data: 235 bytes)",304
Dead,"BR – FILMES E SERIES","PARAMOUNT CHANNEL [H265 ]","http://tjtor8411.com:80/Osiel123/Felicidade321/72218.ts","No data (insufficient stream data: 235 bytes)",309
Dead,"BR – FILMES E SERIES","PARAMOUNT CHANNEL [H265 ] [2]","http://tjtor8411.com:80/010794/FXz1sY/72218.ts","No data (insufficient stream data: 235 bytes)",364
Dead,"BR – FILMES E SERIES","PARAMOUNT CHANNEL FHD","http://tjtor8411.com:80/Osiel123/Felicidade321/72217.ts","No data (insufficient stream data: 235 bytes)",325
Dead,"BR – FILMES E SERIES","PARAMOUNT CHANNEL FHD [2]","http://tjtor8411.com:80/010794/FXz1sY/72217.ts","No data (insufficient stream data: 235 bytes)",470
Alive,"BR – FILMES E SERIES","PARAMOUNT CHANNEL H265","http://up.kiwi/351921603109/34939156/827","",3569
Dead,"BR – FILMES E SERIES","PARAMOUNT CHANNEL H265 [2]","http://tjtor8411.com:80/Osiel123/Felicidade321/90634.ts","No data (insufficient stream data: 235 bytes)",410
Dead,"BR – FILMES E SERIES","PARAMOUNT CHANNEL H265 [3]","http://tjtor8411.com:80/010794/FXz1sY/90634.ts","No data (insufficient stream data: 235 bytes)",316
Alive,"BR – FILMES E SERIES","PARAMOUNT CHANNEL HD","http://up.kiwi/351921603109/34939156/829","",1904
Alive,"BR – FILMES E SERIES","PARAMOUNT CHANNEL HD [2]","http://up.kiwi/351921603109/34939156/296380","",1959
Dead,"BR – FILMES E SERIES","PARAMOUNT CHANNEL HD [3]","http://tjtor8411.com:80/Osiel123/Felicidade321/72219.ts","No data (insufficient stream data: 235 bytes)",355
Dead,"BR – FILMES E SERIES","PARAMOUNT CHANNEL HD [4]","http://tjtor8411.com:80/010794/FXz1sY/72219.ts","No data (insufficient stream data: 235 bytes)",473
Alive,"BR – FILMES E SERIES","PARAMOUNT CHANNEL SD","http://up.kiwi/351921603109/34939156/831","",5387
Dead,"BR – FILMES E SERIES","PARAMOUNT CHANNEL SD [2]","http://up.kiwi/351921603109/34939156/296381","HTTP 502",4844
Dead,"BR – FILMES E SERIES","PARAMOUNT CHANNEL SD [3]","http://tjtor8411.com:80/Osiel123/Felicidade321/72220.ts","No data (insufficient stream data: 235 bytes)",366
Dead,"BR – FILMES E SERIES","PARAMOUNT CHANNEL SD [4]","http://tjtor8411.com:80/010794/FXz1sY/72220.ts","No data (insufficient stream data: 235 bytes)",344
Geoblocked,"BR – FILMES E SERIES","PARAMOUNT+","https://cr7v.short.gy/ManoTV/75991634025/index.m3u8","HTTP 403",347
Alive,"BR – FILMES E SERIES","PARAMOUNT+ 01 FHD","http://up.kiwi/351921603109/34939156/297011","",9444
Dead,"BR – FILMES E SERIES","PARAMOUNT+ 01 FHD [2]","http://up.kiwi/351921603109/34939156/296323","HTTP 404",1176
Dead,"BR – FILMES E SERIES","PARAMOUNT+ 01 HD","http://up.kiwi/351921603109/34939156/832","HTTP 404",1475
Alive,"BR – FILMES E SERIES","PARAMOUNT+ 02 FHD","http://up.kiwi/351921603109/34939156/297012","",37548
Dead,"BR – FILMES E SERIES","PARAMOUNT+ 02 FHD [2]","http://up.kiwi/351921603109/34939156/296325","HTTP 404",1365
Alive,"BR – FILMES E SERIES","PARAMOUNT+ 02 HD","http://up.kiwi/351921603109/34939156/834","",13166
Alive,"BR – FILMES E SERIES","PARAMOUNT+ 03 FHD","http://up.kiwi/351921603109/34939156/297013","",11894
Alive,"BR – FILMES E SERIES","PARAMOUNT+ 03 FHD [2]","http://up.kiwi/351921603109/34939156/296327","",11975
Dead,"BR – FILMES E SERIES","PARAMOUNT+ 03 HD","http://up.kiwi/351921603109/34939156/835","HTTP 502",2096
Dead,"BR – FILMES E SERIES","PARAMOUNT+ 04 FHD","http://up.kiwi/351921603109/34939156/297014","HTTP 502",2444
Dead,"BR – FILMES E SERIES","PARAMOUNT+ 04 FHD [2]","http://up.kiwi/351921603109/34939156/296329","HTTP 404",1841
Alive,"BR – FILMES E SERIES","PARAMOUNT+ 04 HD","http://up.kiwi/351921603109/34939156/836","",9104
Alive,"BR – FILMES E SERIES","PARAMOUNT+ 2","https://cr7v.short.gy/ManoTVL2/75991634025/index.m3u8","",1434
Alive,"BR – FILMES E SERIES","PARAMOUNT+ PLTF 01 FHD","http://up.kiwi/351921603109/34939156/297015","",2356
Alive,"BR – FILMES E SERIES","PARAMOUNT+ PLTF 02 FHD","http://up.kiwi/351921603109/34939156/297016","",2146
Alive,"BR – FILMES E SERIES","PARAMOUNT+ PLTF 03 FHD","http://up.kiwi/351921603109/34939156/297017","",4202
Dead,"BR – FILMES E SERIES","PRIME BOX BRAZIL [H265 ]","http://tjtor8411.com:80/Osiel123/Felicidade321/72268.ts","No data (insufficient stream data: 235 bytes)",619
Dead,"BR – FILMES E SERIES","PRIME BOX BRAZIL [H265 ] [2]","http://tjtor8411.com:80/010794/FXz1sY/72268.ts","No data (insufficient stream data: 235 bytes)",414
Dead,"BR – FILMES E SERIES","PRIME BOX BRAZIL FHD","http://tjtor8411.com:80/Osiel123/Felicidade321/72267.ts","No data (insufficient stream data: 235 bytes)",906
Dead,"BR – FILMES E SERIES","PRIME BOX BRAZIL FHD [2]","http://tjtor8411.com:80/010794/FXz1sY/72267.ts","No data (insufficient stream data: 235 bytes)",299
Dead,"BR – FILMES E SERIES","PRIME BOX BRAZIL H265","http://up.kiwi/351921603109/34939156/901","HTTP 404",1804
Dead,"BR – FILMES E SERIES","PRIME BOX BRAZIL H265 [2]","http://tjtor8411.com:80/Osiel123/Felicidade321/103476.ts","No data (insufficient stream data: 235 bytes)",857
Dead,"BR – FILMES E SERIES","PRIME BOX BRAZIL H265 [3]","http://tjtor8411.com:80/010794/FXz1sY/103476.ts","No data (insufficient stream data: 235 bytes)",521
Dead,"BR – FILMES E SERIES","PRIME BOX BRAZIL HD","http://up.kiwi/351921603109/34939156/903","HTTP 404",1206
Dead,"BR – FILMES E SERIES","PRIME BOX BRAZIL HD [2]","http://tjtor8411.com:80/Osiel123/Felicidade321/72269.ts","No data (insufficient stream data: 235 bytes)",390
Dead,"BR – FILMES E SERIES","PRIME BOX BRAZIL HD [3]","http://tjtor8411.com:80/010794/FXz1sY/72269.ts","No data (insufficient stream data: 235 bytes)",403
Dead,"BR – FILMES E SERIES","PRIME BOX BRAZIL SD","http://up.kiwi/351921603109/34939156/905","HTTP 404",1437
Dead,"BR – FILMES E SERIES","PRIME BOX BRAZIL SD [2]","http://tjtor8411.com:80/Osiel123/Felicidade321/72270.ts","No data (insufficient stream data: 235 bytes)",709
Dead,"BR – FILMES E SERIES","PRIME BOX BRAZIL SD [3]","http://tjtor8411.com:80/010794/FXz1sY/72270.ts","No data (insufficient stream data: 235 bytes)",473
Alive,"BR – FILMES E SERIES","RUNTIME","https://jmp2.uk/plu-62c5d32e2c48f9000715b6e9.m3u8","",373
Alive,"BR – FILMES E SERIES","RUNTIME AÇÃO HD","https://stream.ads.ottera.tv/playlist.m3u8?network_id=2552","",1736
Alive,"BR – FILMES E SERIES","RUNTIME COMÉDIA HD","https://stream.ads.ottera.tv/playlist.m3u8?network_id=2553","",669
Alive,"BR – FILMES E SERIES","RUNTIME CRIME","https://stream.ads.ottera.tv/playlist.m3u8?network_id=4864","",614
Alive,"BR – FILMES E SERIES","RUNTIME FAMÍLIA","https://stream.ads.ottera.tv/playlist.m3u8?network_id=5589","",848
Alive,"BR – FILMES E SERIES","RUNTIME ROMANCE","https://stream.ads.ottera.tv/playlist.m3u8?network_id=4866","",780
Alive,"BR – FILMES E SERIES","RUNTIME TV E FILMES GRÁTIS","https://stream.ads.ottera.tv/playlist.m3u8?network_id=2153","",690
Dead,"BR – FILMES E SERIES","SERIES CLASSIC","https://cdn-tiva-video10-logicahost-com-br.smartbit.co/serieclassic/serieclassic/playlist.m3u8","DNS failure",81
Alive,"BR – FILMES E SERIES","SEVEN TV","https://stmv1.srvif.com/seventv/seventv/playlist.m3u8","",529
Alive,"BR – FILMES E SERIES","SONY CHANNEL","http://45.190.28.50/SONY_HD/index.m3u8","",1115
Geoblocked,"BR – FILMES E SERIES","SONY CHANNEL [2]","http://138.255.2.6:8084/SONY/index.m3u8","HTTP 403",293
Alive,"BR – FILMES E SERIES","SONY CHANNEL [3]","http://170.83.16.50/SONY_CHANNEL/index.m3u8","",1142
Geoblocked,"BR – FILMES E SERIES","SONY CHANNEL [4]","https://cdn-5.nxplay.com.br/SONY_CHANNEL/index.m3u8","HTTP 403",651
Geoblocked,"BR – FILMES E SERIES","SONY CHANNEL HD","https://megaflix.mgfiles.lat/077c160a812094baf4c5bf84761cfb60/file.m3u8","HTTP 403",155
Alive,"BR – FILMES E SERIES","SONY FHD","http://up.kiwi/351921603109/34939156/1201","",2783
Alive,"BR – FILMES E SERIES","SONY H265","http://up.kiwi/351921603109/34939156/296396","",3807
Alive,"BR – FILMES E SERIES","SONY HD","http://up.kiwi/351921603109/34939156/1203","",4685
Alive,"BR – FILMES E SERIES","SONY HD [2]","http://up.kiwi/351921603109/34939156/296382","",5493
Alive,"BR – FILMES E SERIES","SONY MOVIES","http://45.162.64.114/SONY_MOVIES/index.m3u8","",1181
Alive,"BR – FILMES E SERIES","SONY MOVIES [2]","http://45.177.114.115/SONY_MOVIES/index.m3u8","",1120
Alive,"BR – FILMES E SERIES","SONY MOVIES [3]","http://45.190.28.50/SONY_MOVIES/index.m3u8","",5629
Geoblocked,"BR – FILMES E SERIES","SONY MOVIES [4]","http://138.255.2.6:8084/SONYMOVIES/index.m3u8","HTTP 403",293
Alive,"BR – FILMES E SERIES","SONY MOVIES [5]","http://168.197.104.22/SONY_MOVIES/index.m3u8","",1111
Alive,"BR – FILMES E SERIES","SONY MOVIES [6]","http://170.83.16.50/SONY_MOVIES/index.m3u8","",1128
Alive,"BR – FILMES E SERIES","SONY MOVIES [7]","http://45.162.64.114:80/SONY_MOVIES/index.m3u8","",1176
Dead,"BR – FILMES E SERIES","SONY MOVIES H265","http://up.kiwi/351921603109/34939156/296654","HTTP 404",982
Alive,"BR – FILMES E SERIES","SONY ONE CINEMA","https://spt-sonyoneclassicas-1-br.samsung.wurl.tv/playlist.m3u8","",793
Alive,"BR – FILMES E SERIES","SONY ONE EMOÇÕES","https://f9387554367349db8374885adb2d48cf.mediatailor.us-east-1.amazonaws.com/v1/master/0fb304b2320b25f067414d481a779b77db81760d/Samsung-br_SonyOneEmocoes/playlist.m3u8?ManoTV","",862
Alive,"BR – FILMES E SERIES","SONY SD","http://up.kiwi/351921603109/34939156/1205","",2140
Alive,"BR – FILMES E SERIES","SONY SD [2]","http://up.kiwi/351921603109/34939156/296383","",4099
Dead,"BR – FILMES E SERIES","SOUL CINE CLUBE","https://video01.soultv.com.br/soulcine/soulcine/playlist.m3u8?ManoTV","Timeout",20360
Dead,"BR – FILMES E SERIES","SPACE [H265 ]","http://tjtor8411.com:80/Osiel123/Felicidade321/72318.ts","No data (insufficient stream data: 235 bytes)",422
Dead,"BR – FILMES E SERIES","SPACE [H265 ] [2]","http://tjtor8411.com:80/010794/FXz1sY/72318.ts","No data (insufficient stream data: 235 bytes)",489
Dead,"BR – FILMES E SERIES","SPACE FHD","http://tjtor8411.com:80/Osiel123/Felicidade321/72317.ts","No data (insufficient stream data: 235 bytes)",417
Dead,"BR – FILMES E SERIES","SPACE FHD [2]","http://tjtor8411.com:80/010794/FXz1sY/72317.ts","No data (insufficient stream data: 235 bytes)",554
Dead,"BR – FILMES E SERIES","SPACE FHD [LEG]","http://tjtor8411.com:80/Osiel123/Felicidade321/90677.ts","No data (insufficient stream data: 235 bytes)",437
Dead,"BR – FILMES E SERIES","SPACE FHD [LEG] [2]","http://tjtor8411.com:80/010794/FXz1sY/90677.ts","No data (insufficient stream data: 235 bytes)",362
Alive,"BR – FILMES E SERIES","SPACE H265","http://up.kiwi/351921603109/34939156/1214","",2025
Dead,"BR – FILMES E SERIES","SPACE H265 [2]","http://tjtor8411.com:80/Osiel123/Felicidade321/90633.ts","No data (insufficient stream data: 235 bytes)",407
Dead,"BR – FILMES E SERIES","SPACE H265 [3]","http://tjtor8411.com:80/010794/FXz1sY/90633.ts","No data (insufficient stream data: 235 bytes)",457
Alive,"BR – FILMES E SERIES","SPACE HD","http://up.kiwi/351921603109/34939156/1216","",1946
Alive,"BR – FILMES E SERIES","SPACE HD [2]","http://up.kiwi/351921603109/34939156/296441","",2003
Dead,"BR – FILMES E SERIES","SPACE HD [3]","http://tjtor8411.com:80/Osiel123/Felicidade321/72319.ts","No data (insufficient stream data: 235 bytes)",363
Dead,"BR – FILMES E SERIES","SPACE HD [4]","http://tjtor8411.com:80/010794/FXz1sY/72319.ts","No data (insufficient stream data: 235 bytes)",372
Alive,"BR – FILMES E SERIES","SPACE HD [5]","http://45.162.64.114/SPACE/index.m3u8","",1176
Geoblocked,"BR – FILMES E SERIES","SPACE HD [6]","https://t5r4e3w2q1y0.s21-cloudfront-net.lat/test/b0b1a4a02bd23e55c71db9094d118290/file.txt","HTTP 403",367
Dead,"BR – FILMES E SERIES","SPACE HD [LEG]","http://tjtor8411.com:80/Osiel123/Felicidade321/90676.ts","No data (insufficient stream data: 235 bytes)",381
Dead,"BR – FILMES E SERIES","SPACE HD [LEG] [2]","http://tjtor8411.com:80/010794/FXz1sY/90676.ts","No data (insufficient stream data: 235 bytes)",395
Alive,"BR – FILMES E SERIES","SPACE SD","http://up.kiwi/351921603109/34939156/1218","",2334
Alive,"BR – FILMES E SERIES","SPACE SD [2]","http://up.kiwi/351921603109/34939156/296442","",4059
Dead,"BR – FILMES E SERIES","SPACE SD [3]","http://tjtor8411.com:80/Osiel123/Felicidade321/72320.ts","No data (insufficient stream data: 235 bytes)",337
Dead,"BR – FILMES E SERIES","SPACE SD [4]","http://tjtor8411.com:80/010794/FXz1sY/72320.ts","No data (insufficient stream data: 235 bytes)",388
Dead,"BR – FILMES E SERIES","SPACE SD [LEG]","http://tjtor8411.com:80/Osiel123/Felicidade321/90675.ts","No data (insufficient stream data: 235 bytes)",390
Dead,"BR – FILMES E SERIES","SPACE SD [LEG] [2]","http://tjtor8411.com:80/010794/FXz1sY/90675.ts","No data (insufficient stream data: 235 bytes)",345
Dead,"BR – FILMES E SERIES","STORMCAST NOVELAS TV","https://stormcast-telenovelatv-1-fr.samsung.wurl.tv/playlist.m3u8","DNS failure",208
Dead,"BR – FILMES E SERIES","STUDIO UNIVERSAL [H265 ]","http://tjtor8411.com:80/Osiel123/Felicidade321/72335.ts","No data (insufficient stream data: 235 bytes)",438
Dead,"BR – FILMES E SERIES","STUDIO UNIVERSAL [H265 ] [2]","http://tjtor8411.com:80/010794/FXz1sY/72335.ts","No data (insufficient stream data: 235 bytes)",351
Dead,"BR – FILMES E SERIES","STUDIO UNIVERSAL FHD","http://tjtor8411.com:80/Osiel123/Felicidade321/72334.ts","No data (insufficient stream data: 235 bytes)",517
Dead,"BR – FILMES E SERIES","STUDIO UNIVERSAL FHD [2]","http://tjtor8411.com:80/010794/FXz1sY/72334.ts","No data (insufficient stream data: 235 bytes)",350
Alive,"BR – FILMES E SERIES","STUDIO UNIVERSAL H265","http://up.kiwi/351921603109/34939156/1242","",1774
Alive,"BR – FILMES E SERIES","STUDIO UNIVERSAL H265 [2]","http://up.kiwi/351921603109/34939156/296461","",4124
Dead,"BR – FILMES E SERIES","STUDIO UNIVERSAL H265 [3]","http://tjtor8411.com:80/Osiel123/Felicidade321/103467.ts","No data (insufficient stream data: 235 bytes)",478
Dead,"BR – FILMES E SERIES","STUDIO UNIVERSAL H265 [4]","http://tjtor8411.com:80/010794/FXz1sY/103467.ts","No data (insufficient stream data: 235 bytes)",404
Alive,"BR – FILMES E SERIES","STUDIO UNIVERSAL HD","http://up.kiwi/351921603109/34939156/1244","",2772
Dead,"BR – FILMES E SERIES","STUDIO UNIVERSAL HD [2]","http://up.kiwi/351921603109/34939156/296443","HTTP 404",838
Dead,"BR – FILMES E SERIES","STUDIO UNIVERSAL HD [3]","http://tjtor8411.com:80/Osiel123/Felicidade321/72336.ts","No data (insufficient stream data: 235 bytes)",511
Dead,"BR – FILMES E SERIES","STUDIO UNIVERSAL HD [4]","http://tjtor8411.com:80/010794/FXz1sY/72336.ts","No data (insufficient stream data: 235 bytes)",493
Geoblocked,"BR – FILMES E SERIES","STUDIO UNIVERSAL HD [5]","https://megaflix.mgfiles.lat/8e5a7cc543e27a5b75917b25e2113397/file.m3u8","HTTP 403",142
Alive,"BR – FILMES E SERIES","STUDIO UNIVERSAL SD","http://up.kiwi/351921603109/34939156/1246","",2082
Alive,"BR – FILMES E SERIES","STUDIO UNIVERSAL SD [2]","http://up.kiwi/351921603109/34939156/296444","",1966
Dead,"BR – FILMES E SERIES","STUDIO UNIVERSAL SD [3]","http://tjtor8411.com:80/Osiel123/Felicidade321/72337.ts","No data (insufficient stream data: 235 bytes)",431
Dead,"BR – FILMES E SERIES","STUDIO UNIVERSAL SD [4]","http://tjtor8411.com:80/010794/FXz1sY/72337.ts","No data (insufficient stream data: 235 bytes)",506
Dead,"BR – FILMES E SERIES","SYFY H265","http://tjtor8411.com:80/Osiel123/Felicidade321/103474.ts","No data (insufficient stream data: 235 bytes)",506
Dead,"BR – FILMES E SERIES","SYFY H265 [2]","http://tjtor8411.com:80/010794/FXz1sY/103474.ts","No data (insufficient stream data: 235 bytes)",494
Alive,"BR – FILMES E SERIES","TCM 10 HD","https://live.tcm10.com.br/tcm10hd/stream.m3u8","",1762
Dead,"BR – FILMES E SERIES","TCM H265","http://up.kiwi/351921603109/34939156/1251","HTTP 404",867
Dead,"BR – FILMES E SERIES","TCM HD","http://up.kiwi/351921603109/34939156/1252","HTTP 404",862
Alive,"BR – FILMES E SERIES","TCM HD [2]","http://up.kiwi/351921603109/34939156/296445","",1986
Dead,"BR – FILMES E SERIES","TCM SD","http://up.kiwi/351921603109/34939156/1254","HTTP 404",980
Alive,"BR – FILMES E SERIES","TCM SD [2]","http://up.kiwi/351921603109/34939156/296446","",2050
Dead,"BR – FILMES E SERIES","TELECINE ACTION [H265 ]","http://tjtor8411.com:80/Osiel123/Felicidade321/72347.ts","No data (insufficient stream data: 235 bytes)",472
Dead,"BR – FILMES E SERIES","TELECINE ACTION [H265 ] [2]","http://tjtor8411.com:80/010794/FXz1sY/72347.ts","No data (insufficient stream data: 235 bytes)",419
Dead,"BR – FILMES E SERIES","TELECINE ACTION FHD","http://up.kiwi/351921603109/34939156/296198","HTTP 404",876
Dead,"BR – FILMES E SERIES","TELECINE ACTION FHD [2]","http://tjtor8411.com:80/Osiel123/Felicidade321/72346.ts","No data (insufficient stream data: 235 bytes)",847
Dead,"BR – FILMES E SERIES","TELECINE ACTION FHD [3]","http://tjtor8411.com:80/010794/FXz1sY/72346.ts","No data (insufficient stream data: 235 bytes)",398
Dead,"BR – FILMES E SERIES","TELECINE ACTION FHD [LEG]","http://tjtor8411.com:80/Osiel123/Felicidade321/90668.ts","No data (insufficient stream data: 235 bytes)",812
Dead,"BR – FILMES E SERIES","TELECINE ACTION FHD [LEG] [2]","http://tjtor8411.com:80/010794/FXz1sY/90668.ts","No data (insufficient stream data: 235 bytes)",498
Alive,"BR – FILMES E SERIES","TELECINE ACTION H265","http://up.kiwi/351921603109/34939156/299682","",1970
Alive,"BR – FILMES E SERIES","TELECINE ACTION H265 [2]","http://up.kiwi/351921603109/34939156/1256","",2002
Dead,"BR – FILMES E SERIES","TELECINE ACTION H265 [3]","http://tjtor8411.com:80/Osiel123/Felicidade321/90239.ts","No data (insufficient stream data: 235 bytes)",315
Dead,"BR – FILMES E SERIES","TELECINE ACTION H265 [4]","http://tjtor8411.com:80/010794/FXz1sY/90239.ts","No data (insufficient stream data: 235 bytes)",413
Alive,"BR – FILMES E SERIES","TELECINE ACTION HD","http://up.kiwi/351921603109/34939156/1258","",1883
Alive,"BR – FILMES E SERIES","TELECINE ACTION HD [2]","http://up.kiwi/351921603109/34939156/296187","",1939
Dead,"BR – FILMES E SERIES","TELECINE ACTION HD [3]","http://tjtor8411.com:80/Osiel123/Felicidade321/72348.ts","No data (insufficient stream data: 235 bytes)",444
Dead,"BR – FILMES E SERIES","TELECINE ACTION HD [4]","http://tjtor8411.com:80/010794/FXz1sY/72348.ts","No data (insufficient stream data: 235 bytes)",423
Alive,"BR – FILMES E SERIES","TELECINE ACTION HD [5]","http://46.151.196.223:14326/","",467
Geoblocked,"BR – FILMES E SERIES","TELECINE ACTION HD [6]","https://megaflix.mgfiles.lat/4e85e7c5e8160dd9f082bf1d86e75877/file.m3u8","HTTP 403",138
Dead,"BR – FILMES E SERIES","TELECINE ACTION HD [LEG]","http://tjtor8411.com:80/Osiel123/Felicidade321/90667.ts","No data (insufficient stream data: 235 bytes)",417
Dead,"BR – FILMES E SERIES","TELECINE ACTION HD [LEG] [2]","http://tjtor8411.com:80/010794/FXz1sY/90667.ts","No data (insufficient stream data: 235 bytes)",355
Alive,"BR – FILMES E SERIES","TELECINE ACTION SD","http://up.kiwi/351921603109/34939156/1260","",1860
Alive,"BR – FILMES E SERIES","TELECINE ACTION SD [2]","http://up.kiwi/351921603109/34939156/296188","",1847
Dead,"BR – FILMES E SERIES","TELECINE ACTION SD [3]","http://tjtor8411.com:80/Osiel123/Felicidade321/72349.ts","No data (insufficient stream data: 235 bytes)",346
Dead,"BR – FILMES E SERIES","TELECINE ACTION SD [4]","http://tjtor8411.com:80/010794/FXz1sY/72349.ts","No data (insufficient stream data: 235 bytes)",348
Dead,"BR – FILMES E SERIES","TELECINE ACTION SD [LEG]","http://tjtor8411.com:80/Osiel123/Felicidade321/90666.ts","No data (insufficient stream data: 235 bytes)",359
Dead,"BR – FILMES E SERIES","TELECINE ACTION SD [LEG] [2]","http://tjtor8411.com:80/010794/FXz1sY/90666.ts","No data (insufficient stream data: 235 bytes)",318
Dead,"BR – FILMES E SERIES","TELECINE CULT [H265 ]","http://tjtor8411.com:80/Osiel123/Felicidade321/72351.ts","No data (insufficient stream data: 235 bytes)",301
Dead,"BR – FILMES E SERIES","TELECINE CULT [H265 ] [2]","http://tjtor8411.com:80/010794/FXz1sY/72351.ts","No data (insufficient stream data: 235 bytes)",342
Alive,"BR – FILMES E SERIES","TELECINE CULT FHD","http://up.kiwi/351921603109/34939156/296199","",1938
Dead,"BR – FILMES E SERIES","TELECINE CULT FHD [2]","http://tjtor8411.com:80/Osiel123/Felicidade321/72350.ts","No data (insufficient stream data: 235 bytes)",380
Dead,"BR – FILMES E SERIES","TELECINE CULT FHD [3]","http://tjtor8411.com:80/010794/FXz1sY/72350.ts","No data (insufficient stream data: 235 bytes)",307
Dead,"BR – FILMES E SERIES","TELECINE CULT FHD [LEG]","http://tjtor8411.com:80/Osiel123/Felicidade321/90665.ts","No data (insufficient stream data: 235 bytes)",316
Dead,"BR – FILMES E SERIES","TELECINE CULT FHD [LEG] [2]","http://tjtor8411.com:80/010794/FXz1sY/90665.ts","No data (insufficient stream data: 235 bytes)",317
Alive,"BR – FILMES E SERIES","TELECINE CULT H265","http://up.kiwi/351921603109/34939156/1262","",2018
Dead,"BR – FILMES E SERIES","TELECINE CULT H265 [2]","http://tjtor8411.com:80/Osiel123/Felicidade321/103456.ts","No data (insufficient stream data: 235 bytes)",279
Dead,"BR – FILMES E SERIES","TELECINE CULT H265 [3]","http://tjtor8411.com:80/010794/FXz1sY/103456.ts","No data (insufficient stream data: 235 bytes)",340
Alive,"BR – FILMES E SERIES","TELECINE CULT HD","http://up.kiwi/351921603109/34939156/1264","",1921
Alive,"BR – FILMES E SERIES","TELECINE CULT HD [2]","http://up.kiwi/351921603109/34939156/296200","",1815
Dead,"BR – FILMES E SERIES","TELECINE CULT HD [3]","http://tjtor8411.com:80/Osiel123/Felicidade321/72352.ts","No data (insufficient stream data: 235 bytes)",368
Dead,"BR – FILMES E SERIES","TELECINE CULT HD [4]","http://tjtor8411.com:80/010794/FXz1sY/72352.ts","No data (insufficient stream data: 235 bytes)",305
Geoblocked,"BR – FILMES E SERIES","TELECINE CULT HD [5]","https://megaflix.mgfiles.lat/e8bec5b304af83c9c610d5f16a7a97f2/file.m3u8","HTTP 403",154
Dead,"BR – FILMES E SERIES","TELECINE CULT HD [LEG]","http://tjtor8411.com:80/Osiel123/Felicidade321/90664.ts","No data (insufficient stream data: 235 bytes)",294
Dead,"BR – FILMES E SERIES","TELECINE CULT HD [LEG] [2]","http://tjtor8411.com:80/010794/FXz1sY/90664.ts","No data (insufficient stream data: 235 bytes)",294
Alive,"BR – FILMES E SERIES","TELECINE CULT SD","http://up.kiwi/351921603109/34939156/1266","",2053
Alive,"BR – FILMES E SERIES","TELECINE CULT SD [2]","http://up.kiwi/351921603109/34939156/296189","",1909
Dead,"BR – FILMES E SERIES","TELECINE CULT SD [3]","http://tjtor8411.com:80/Osiel123/Felicidade321/72353.ts","No data (insufficient stream data: 235 bytes)",250
Dead,"BR – FILMES E SERIES","TELECINE CULT SD [4]","http://tjtor8411.com:80/010794/FXz1sY/72353.ts","No data (insufficient stream data: 235 bytes)",293
Dead,"BR – FILMES E SERIES","TELECINE CULT SD [LEG]","http://tjtor8411.com:80/Osiel123/Felicidade321/90663.ts","No data (insufficient stream data: 235 bytes)",269
Dead,"BR – FILMES E SERIES","TELECINE CULT SD [LEG] [2]","http://tjtor8411.com:80/010794/FXz1sY/90663.ts","No data (insufficient stream data: 235 bytes)",295
Dead,"BR – FILMES E SERIES","TELECINE FUN [H265 ]","http://tjtor8411.com:80/Osiel123/Felicidade321/72355.ts","No data (insufficient stream data: 235 bytes)",297
Dead,"BR – FILMES E SERIES","TELECINE FUN [H265 ] [2]","http://tjtor8411.com:80/010794/FXz1sY/72355.ts","No data (insufficient stream data: 235 bytes)",258
Alive,"BR – FILMES E SERIES","TELECINE FUN FHD","http://up.kiwi/351921603109/34939156/296201","",1987
Dead,"BR – FILMES E SERIES","TELECINE FUN FHD [2]","http://tjtor8411.com:80/Osiel123/Felicidade321/72354.ts","No data (insufficient stream data: 235 bytes)",223
Dead,"BR – FILMES E SERIES","TELECINE FUN FHD [3]","http://tjtor8411.com:80/010794/FXz1sY/72354.ts","No data (insufficient stream data: 235 bytes)",220
Dead,"BR – FILMES E SERIES","TELECINE FUN FHD [LEG]","http://tjtor8411.com:80/Osiel123/Felicidade321/90662.ts","No data (insufficient stream data: 235 bytes)",242
Dead,"BR – FILMES E SERIES","TELECINE FUN FHD [LEG] [2]","http://tjtor8411.com:80/010794/FXz1sY/90662.ts","No data (insufficient stream data: 235 bytes)",255
Alive,"BR – FILMES E SERIES","TELECINE FUN H265","http://up.kiwi/351921603109/34939156/1268","",2059
Dead,"BR – FILMES E SERIES","TELECINE FUN H265 [2]","http://tjtor8411.com:80/Osiel123/Felicidade321/103455.ts","No data (insufficient stream data: 235 bytes)",311
Dead,"BR – FILMES E SERIES","TELECINE FUN H265 [3]","http://tjtor8411.com:80/010794/FXz1sY/103455.ts","No data (insufficient stream data: 235 bytes)",384
Alive,"BR – FILMES E SERIES","TELECINE FUN HD","http://up.kiwi/351921603109/34939156/1270","",1907
Alive,"BR – FILMES E SERIES","TELECINE FUN HD [2]","http://up.kiwi/351921603109/34939156/296190","",1898
Dead,"BR – FILMES E SERIES","TELECINE FUN HD [3]","http://tjtor8411.com:80/Osiel123/Felicidade321/72356.ts","No data (insufficient stream data: 235 bytes)",299
Dead,"BR – FILMES E SERIES","TELECINE FUN HD [4]","http://tjtor8411.com:80/010794/FXz1sY/72356.ts","No data (insufficient stream data: 235 bytes)",321
Geoblocked,"BR – FILMES E SERIES","TELECINE FUN HD [5]","https://megaflix.mgfiles.lat/16dee219c907c289a44ae062e4303b8a/file.m3u8","HTTP 403",138
Dead,"BR – FILMES E SERIES","TELECINE FUN HD [LEG]","http://tjtor8411.com:80/Osiel123/Felicidade321/90661.ts","No data (insufficient stream data: 235 bytes)",308
Dead,"BR – FILMES E SERIES","TELECINE FUN HD [LEG] [2]","http://tjtor8411.com:80/010794/FXz1sY/90661.ts","No data (insufficient stream data: 235 bytes)",313
Alive,"BR – FILMES E SERIES","TELECINE FUN SD","http://up.kiwi/351921603109/34939156/1272","",3954
Dead,"BR – FILMES E SERIES","TELECINE FUN SD [2]","http://up.kiwi/351921603109/34939156/296191","HTTP 404",815
Dead,"BR – FILMES E SERIES","TELECINE FUN SD [3]","http://tjtor8411.com:80/Osiel123/Felicidade321/72357.ts","No data (insufficient stream data: 235 bytes)",278
Dead,"BR – FILMES E SERIES","TELECINE FUN SD [4]","http://tjtor8411.com:80/010794/FXz1sY/72357.ts","No data (insufficient stream data: 235 bytes)",346
Dead,"BR – FILMES E SERIES","TELECINE FUN SD [LEG]","http://tjtor8411.com:80/Osiel123/Felicidade321/90660.ts","No data (insufficient stream data: 235 bytes)",461
Dead,"BR – FILMES E SERIES","TELECINE FUN SD [LEG] [2]","http://tjtor8411.com:80/010794/FXz1sY/90660.ts","No data (insufficient stream data: 235 bytes)",331
Dead,"BR – FILMES E SERIES","TELECINE PIPOCA [H265 ]","http://tjtor8411.com:80/Osiel123/Felicidade321/72359.ts","No data (insufficient stream data: 235 bytes)",453
Dead,"BR – FILMES E SERIES","TELECINE PIPOCA [H265 ] [2]","http://tjtor8411.com:80/010794/FXz1sY/72359.ts","No data (insufficient stream data: 235 bytes)",295
Alive,"BR – FILMES E SERIES","TELECINE PIPOCA FHD","http://up.kiwi/351921603109/34939156/296202","",1816
Dead,"BR – FILMES E SERIES","TELECINE PIPOCA FHD [2]","http://tjtor8411.com:80/Osiel123/Felicidade321/72358.ts","No data (insufficient stream data: 235 bytes)",296
Dead,"BR – FILMES E SERIES","TELECINE PIPOCA FHD [3]","http://tjtor8411.com:80/010794/FXz1sY/72358.ts","No data (insufficient stream data: 235 bytes)",271
Dead,"BR – FILMES E SERIES","TELECINE PIPOCA FHD [LEG]","http://tjtor8411.com:80/Osiel123/Felicidade321/90659.ts","No data (insufficient stream data: 235 bytes)",228
Dead,"BR – FILMES E SERIES","TELECINE PIPOCA FHD [LEG] [2]","http://tjtor8411.com:80/010794/FXz1sY/90659.ts","No data (insufficient stream data: 235 bytes)",236
Alive,"BR – FILMES E SERIES","TELECINE PIPOCA H265","http://up.kiwi/351921603109/34939156/299683","",1816
Alive,"BR – FILMES E SERIES","TELECINE PIPOCA H265 [2]","http://up.kiwi/351921603109/34939156/1274","",1815
Dead,"BR – FILMES E SERIES","TELECINE PIPOCA H265 [3]","http://tjtor8411.com:80/Osiel123/Felicidade321/90238.ts","No data (insufficient stream data: 235 bytes)",263
Dead,"BR – FILMES E SERIES","TELECINE PIPOCA H265 [4]","http://tjtor8411.com:80/010794/FXz1sY/90238.ts","No data (insufficient stream data: 235 bytes)",242
Dead,"BR – FILMES E SERIES","TELECINE PIPOCA HD","http://up.kiwi/351921603109/34939156/1276","HTTP 404",1676
Alive,"BR – FILMES E SERIES","TELECINE PIPOCA HD [2]","http://up.kiwi/351921603109/34939156/296192","",1869
Dead,"BR – FILMES E SERIES","TELECINE PIPOCA HD [3]","http://tjtor8411.com:80/Osiel123/Felicidade321/72360.ts","No data (insufficient stream data: 235 bytes)",431
Dead,"BR – FILMES E SERIES","TELECINE PIPOCA HD [4]","http://tjtor8411.com:80/010794/FXz1sY/72360.ts","No data (insufficient stream data: 235 bytes)",366
Dead,"BR – FILMES E SERIES","TELECINE PIPOCA HD [5]","http://s2.micineovs.com/TELECINEPIPOCA/index.m3u8?token=16FOTt9Ae2m8","Connection refused",524
Dead,"BR – FILMES E SERIES","TELECINE PIPOCA HD [LEG]","http://tjtor8411.com:80/Osiel123/Felicidade321/90658.ts","No data (insufficient stream data: 235 bytes)",416
Dead,"BR – FILMES E SERIES","TELECINE PIPOCA HD [LEG] [2]","http://tjtor8411.com:80/010794/FXz1sY/90658.ts","No data (insufficient stream data: 235 bytes)",404
Alive,"BR – FILMES E SERIES","TELECINE PIPOCA SD","http://up.kiwi/351921603109/34939156/1278","",1870
Alive,"BR – FILMES E SERIES","TELECINE PIPOCA SD [2]","http://up.kiwi/351921603109/34939156/296193","",1920
Dead,"BR – FILMES E SERIES","TELECINE PIPOCA SD [3]","http://tjtor8411.com:80/Osiel123/Felicidade321/72361.ts","No data (insufficient stream data: 235 bytes)",588
Dead,"BR – FILMES E SERIES","TELECINE PIPOCA SD [4]","http://tjtor8411.com:80/010794/FXz1sY/72361.ts","No data (insufficient stream data: 235 bytes)",362
Dead,"BR – FILMES E SERIES","TELECINE PIPOCA SD [LEG]","http://tjtor8411.com:80/Osiel123/Felicidade321/90657.ts","No data (insufficient stream data: 235 bytes)",367
Dead,"BR – FILMES E SERIES","TELECINE PIPOCA SD [LEG] [2]","http://tjtor8411.com:80/010794/FXz1sY/90657.ts","No data (insufficient stream data: 235 bytes)",291
Dead,"BR – FILMES E SERIES","TELECINE PREMIUM [H265 ]","http://tjtor8411.com:80/Osiel123/Felicidade321/72363.ts","No data (insufficient stream data: 235 bytes)",346
Dead,"BR – FILMES E SERIES","TELECINE PREMIUM [H265 ] [2]","http://tjtor8411.com:80/010794/FXz1sY/72363.ts","No data (insufficient stream data: 235 bytes)",337
Alive,"BR – FILMES E SERIES","TELECINE PREMIUM FHD","http://up.kiwi/351921603109/34939156/296203","",1850
Dead,"BR – FILMES E SERIES","TELECINE PREMIUM FHD [2]","http://tjtor8411.com:80/Osiel123/Felicidade321/72362.ts","No data (insufficient stream data: 235 bytes)",231
Dead,"BR – FILMES E SERIES","TELECINE PREMIUM FHD [3]","http://tjtor8411.com:80/010794/FXz1sY/72362.ts","No data (insufficient stream data: 235 bytes)",270
Dead,"BR – FILMES E SERIES","TELECINE PREMIUM FHD [LEG]","http://tjtor8411.com:80/Osiel123/Felicidade321/90656.ts","No data (insufficient stream data: 235 bytes)",247
Dead,"BR – FILMES E SERIES","TELECINE PREMIUM FHD [LEG] [2]","http://tjtor8411.com:80/010794/FXz1sY/90656.ts","No data (insufficient stream data: 235 bytes)",237
Alive,"BR – FILMES E SERIES","TELECINE PREMIUM H265","http://up.kiwi/351921603109/34939156/299684","",1817
Alive,"BR – FILMES E SERIES","TELECINE PREMIUM H265 [2]","http://up.kiwi/351921603109/34939156/1280","",1868
Dead,"BR – FILMES E SERIES","TELECINE PREMIUM H265 [3]","http://tjtor8411.com:80/Osiel123/Felicidade321/90237.ts","No data (insufficient stream data: 235 bytes)",224
Dead,"BR – FILMES E SERIES","TELECINE PREMIUM H265 [4]","http://tjtor8411.com:80/010794/FXz1sY/90237.ts","No data (insufficient stream data: 235 bytes)",218
Alive,"BR – FILMES E SERIES","TELECINE PREMIUM HD","http://up.kiwi/351921603109/34939156/1282","",1858
Alive,"BR – FILMES E SERIES","TELECINE PREMIUM HD [2]","http://up.kiwi/351921603109/34939156/296194","",1953
Dead,"BR – FILMES E SERIES","TELECINE PREMIUM HD [3]","http://tjtor8411.com:80/Osiel123/Felicidade321/72364.ts","No data (insufficient stream data: 235 bytes)",252
Dead,"BR – FILMES E SERIES","TELECINE PREMIUM HD [4]","http://tjtor8411.com:80/010794/FXz1sY/72364.ts","No data (insufficient stream data: 235 bytes)",316
Dead,"BR – FILMES E SERIES","TELECINE PREMIUM HD [5]","http://s2.micineovs.com/TELECINEPREMIUM/index.m3u8?token=16FOTt9Ae2m8","Connection refused",332
Dead,"BR – FILMES E SERIES","TELECINE PREMIUM HD [LEG]","http://tjtor8411.com:80/Osiel123/Felicidade321/90655.ts","No data (insufficient stream data: 235 bytes)",313
Dead,"BR – FILMES E SERIES","TELECINE PREMIUM HD [LEG] [2]","http://tjtor8411.com:80/010794/FXz1sY/90655.ts","No data (insufficient stream data: 235 bytes)",273
Alive,"BR – FILMES E SERIES","TELECINE PREMIUM SD","http://up.kiwi/351921603109/34939156/1284","",1943
Alive,"BR – FILMES E SERIES","TELECINE PREMIUM SD [2]","http://up.kiwi/351921603109/34939156/296195","",1956
Dead,"BR – FILMES E SERIES","TELECINE PREMIUM SD [3]","http://tjtor8411.com:80/Osiel123/Felicidade321/72365.ts","No data (insufficient stream data: 235 bytes)",268
Dead,"BR – FILMES E SERIES","TELECINE PREMIUM SD [4]","http://tjtor8411.com:80/010794/FXz1sY/72365.ts","No data (insufficient stream data: 235 bytes)",251
Dead,"BR – FILMES E SERIES","TELECINE PREMIUM SD [LEG]","http://tjtor8411.com:80/Osiel123/Felicidade321/90654.ts","No data (insufficient stream data: 235 bytes)",247
Dead,"BR – FILMES E SERIES","TELECINE PREMIUM SD [LEG] [2]","http://tjtor8411.com:80/010794/FXz1sY/90654.ts","No data (insufficient stream data: 235 bytes)",283
Dead,"BR – FILMES E SERIES","TELECINE TOUCH [H265 ]","http://tjtor8411.com:80/Osiel123/Felicidade321/72367.ts","No data (insufficient stream data: 235 bytes)",268
Dead,"BR – FILMES E SERIES","TELECINE TOUCH [H265 ] [2]","http://tjtor8411.com:80/010794/FXz1sY/72367.ts","No data (insufficient stream data: 235 bytes)",253
Alive,"BR – FILMES E SERIES","TELECINE TOUCH FHD","http://up.kiwi/351921603109/34939156/296204","",1914
Dead,"BR – FILMES E SERIES","TELECINE TOUCH FHD [2]","http://tjtor8411.com:80/Osiel123/Felicidade321/72366.ts","No data (insufficient stream data: 235 bytes)",249
Dead,"BR – FILMES E SERIES","TELECINE TOUCH FHD [3]","http://tjtor8411.com:80/010794/FXz1sY/72366.ts","No data (insufficient stream data: 235 bytes)",244
Dead,"BR – FILMES E SERIES","TELECINE TOUCH FHD [LEG]","http://tjtor8411.com:80/Osiel123/Felicidade321/90653.ts","No data (insufficient stream data: 235 bytes)",293
Dead,"BR – FILMES E SERIES","TELECINE TOUCH FHD [LEG] [2]","http://tjtor8411.com:80/010794/FXz1sY/90653.ts","No data (insufficient stream data: 235 bytes)",310
Alive,"BR – FILMES E SERIES","TELECINE TOUCH H265","http://up.kiwi/351921603109/34939156/1286","",1917
Dead,"BR – FILMES E SERIES","TELECINE TOUCH H265 [2]","http://tjtor8411.com:80/Osiel123/Felicidade321/103454.ts","No data (insufficient stream data: 235 bytes)",244
Dead,"BR – FILMES E SERIES","TELECINE TOUCH H265 [3]","http://tjtor8411.com:80/010794/FXz1sY/103454.ts","No data (insufficient stream data: 235 bytes)",275
Alive,"BR – FILMES E SERIES","TELECINE TOUCH HD","http://up.kiwi/351921603109/34939156/1288","",1876
Alive,"BR – FILMES E SERIES","TELECINE TOUCH HD [2]","http://up.kiwi/351921603109/34939156/296196","",1930
Dead,"BR – FILMES E SERIES","TELECINE TOUCH HD [3]","http://tjtor8411.com:80/Osiel123/Felicidade321/72368.ts","No data (insufficient stream data: 235 bytes)",221
Dead,"BR – FILMES E SERIES","TELECINE TOUCH HD [4]","http://tjtor8411.com:80/010794/FXz1sY/72368.ts","No data (insufficient stream data: 235 bytes)",346
Geoblocked,"BR – FILMES E SERIES","TELECINE TOUCH HD [5]","https://megaflix.mgfiles.lat/16c80e1a9ae560d747ffecbc3d47d7b5/file.m3u8","HTTP 403",90
Dead,"BR – FILMES E SERIES","TELECINE TOUCH HD [LEG]","http://tjtor8411.com:80/Osiel123/Felicidade321/90652.ts","No data (insufficient stream data: 235 bytes)",310
Dead,"BR – FILMES E SERIES","TELECINE TOUCH HD [LEG] [2]","http://tjtor8411.com:80/010794/FXz1sY/90652.ts","No data (insufficient stream data: 235 bytes)",270
Alive,"BR – FILMES E SERIES","TELECINE TOUCH SD","http://up.kiwi/351921603109/34939156/1290","",1909
Alive,"BR – FILMES E SERIES","TELECINE TOUCH SD [2]","http://up.kiwi/351921603109/34939156/296197","",1870
Dead,"BR – FILMES E SERIES","TELECINE TOUCH SD [3]","http://tjtor8411.com:80/Osiel123/Felicidade321/72369.ts","No data (insufficient stream data: 235 bytes)",273
Dead,"BR – FILMES E SERIES","TELECINE TOUCH SD [4]","http://tjtor8411.com:80/010794/FXz1sY/72369.ts","No data (insufficient stream data: 235 bytes)",242
Dead,"BR – FILMES E SERIES","TELECINE TOUCH SD [LEG]","http://tjtor8411.com:80/Osiel123/Felicidade321/90651.ts","No data (insufficient stream data: 235 bytes)",228
Dead,"BR – FILMES E SERIES","TELECINE TOUCH SD [LEG] [2]","http://tjtor8411.com:80/010794/FXz1sY/90651.ts","No data (insufficient stream data: 235 bytes)",265
Dead,"BR – FILMES E SERIES","TNT [H265 ]","http://tjtor8411.com:80/Osiel123/Felicidade321/72376.ts","No data (insufficient stream data: 235 bytes)",239
Dead,"BR – FILMES E SERIES","TNT [H265 ] [2]","http://tjtor8411.com:80/010794/FXz1sY/72376.ts","No data (insufficient stream data: 235 bytes)",237
Dead,"BR – FILMES E SERIES","TNT FHD","http://tjtor8411.com:80/Osiel123/Felicidade321/72375.ts","No data (insufficient stream data: 235 bytes)",245
Dead,"BR – FILMES E SERIES","TNT FHD [2]","http://tjtor8411.com:80/010794/FXz1sY/72375.ts","No data (insufficient stream data: 235 bytes)",353
Dead,"BR – FILMES E SERIES","TNT FHD [LEG]","http://tjtor8411.com:80/Osiel123/Felicidade321/90674.ts","No data (insufficient stream data: 235 bytes)",242
Dead,"BR – FILMES E SERIES","TNT FHD [LEG] [2]","http://tjtor8411.com:80/010794/FXz1sY/90674.ts","No data (insufficient stream data: 235 bytes)",229
Dead,"BR – FILMES E SERIES","TNT H265","http://up.kiwi/351921603109/34939156/299685","HTTP 502",4114
Dead,"BR – FILMES E SERIES","TNT H265 [2]","http://up.kiwi/351921603109/34939156/1302","HTTP 404",970
Dead,"BR – FILMES E SERIES","TNT H265 [3]","http://tjtor8411.com:80/Osiel123/Felicidade321/72377.ts","No data (insufficient stream data: 235 bytes)",478
Dead,"BR – FILMES E SERIES","TNT H265 [4]","http://tjtor8411.com:80/010794/FXz1sY/72377.ts","No data (insufficient stream data: 235 bytes)",371
Dead,"BR – FILMES E SERIES","TNT HD","http://up.kiwi/351921603109/34939156/296447","HTTP 404",955
Dead,"BR – FILMES E SERIES","TNT HD [2]","http://tjtor8411.com:80/Osiel123/Felicidade321/72378.ts","No data (insufficient stream data: 235 bytes)",395
Dead,"BR – FILMES E SERIES","TNT HD [3]","http://tjtor8411.com:80/010794/FXz1sY/72378.ts","No data (insufficient stream data: 235 bytes)",399
Dead,"BR – FILMES E SERIES","TNT HD [4]","http://s2.micineovs.com/TNT/index.m3u8?token=16FOTt9Ae2m8","Connection refused",307
Geoblocked,"BR – FILMES E SERIES","TNT HD [5]","http://streamer.sattvacabo.com.br/TNT_HD/index.m3u8?token=TLGacFXd0gIXIuo2u8Zj7f4FE5J2vtgf","HTTP 403",349
Geoblocked,"BR – FILMES E SERIES","TNT HD [6]","https://megaflix.mgfiles.lat/c794c0d7dcd2186c964b895fcde20767/file.m3u8","HTTP 403",84
Dead,"BR – FILMES E SERIES","TNT HD [LEG]","http://tjtor8411.com:80/Osiel123/Felicidade321/90673.ts","No data (insufficient stream data: 235 bytes)",370
Dead,"BR – FILMES E SERIES","TNT HD [LEG] [2]","http://tjtor8411.com:80/010794/FXz1sY/90673.ts","No data (insufficient stream data: 235 bytes)",364
Dead,"BR – FILMES E SERIES","TNT NOVELAS [H265 ]","http://tjtor8411.com:80/Osiel123/Felicidade321/72343.ts","No data (insufficient stream data: 235 bytes)",444
Dead,"BR – FILMES E SERIES","TNT NOVELAS [H265 ] [2]","http://tjtor8411.com:80/010794/FXz1sY/72343.ts","No data (insufficient stream data: 235 bytes)",411
Alive,"BR – FILMES E SERIES","TNT NOVELAS FHD","http://up.kiwi/351921603109/34939156/1306","",1934
Dead,"BR – FILMES E SERIES","TNT NOVELAS FHD [2]","http://tjtor8411.com:80/Osiel123/Felicidade321/72342.ts","No data (insufficient stream data: 235 bytes)",416
Dead,"BR – FILMES E SERIES","TNT NOVELAS FHD [3]","http://tjtor8411.com:80/010794/FXz1sY/72342.ts","No data (insufficient stream data: 235 bytes)",396
Alive,"BR – FILMES E SERIES","TNT NOVELAS H265","http://up.kiwi/351921603109/34939156/1308","",1998
Dead,"BR – FILMES E SERIES","TNT NOVELAS H265 [2]","http://tjtor8411.com:80/Osiel123/Felicidade321/103466.ts","No data (insufficient stream data: 235 bytes)",322
Dead,"BR – FILMES E SERIES","TNT NOVELAS H265 [3]","http://tjtor8411.com:80/010794/FXz1sY/103466.ts","No data (insufficient stream data: 235 bytes)",353
Alive,"BR – FILMES E SERIES","TNT NOVELAS HD","http://up.kiwi/351921603109/34939156/296448","",2072
Dead,"BR – FILMES E SERIES","TNT NOVELAS HD [2]","http://tjtor8411.com:80/Osiel123/Felicidade321/72344.ts","No data (insufficient stream data: 235 bytes)",319
Dead,"BR – FILMES E SERIES","TNT NOVELAS HD [3]","http://tjtor8411.com:80/010794/FXz1sY/72344.ts","No data (insufficient stream data: 235 bytes)",340
Geoblocked,"BR – FILMES E SERIES","TNT NOVELAS HD [4]","https://megaflix.mgfiles.lat/483d948d625b1ac4182c3d6f2266d9ce/file.m3u8","HTTP 403",139
Dead,"BR – FILMES E SERIES","TNT NOVELAS SD","http://up.kiwi/351921603109/34939156/296449","HTTP 503",3383
Dead,"BR – FILMES E SERIES","TNT NOVELAS SD [2]","http://tjtor8411.com:80/Osiel123/Felicidade321/72345.ts","No data (insufficient stream data: 235 bytes)",253
Dead,"BR – FILMES E SERIES","TNT NOVELAS SD [3]","http://tjtor8411.com:80/010794/FXz1sY/72345.ts","No data (insufficient stream data: 235 bytes)",296
Alive,"BR – FILMES E SERIES","TNT SD","http://up.kiwi/351921603109/34939156/1309","",7854
Dead,"BR – FILMES E SERIES","TNT SD [2]","http://up.kiwi/351921603109/34939156/296450","HTTP 502",4190
Dead,"BR – FILMES E SERIES","TNT SD [3]","http://tjtor8411.com:80/Osiel123/Felicidade321/72379.ts","No data (insufficient stream data: 235 bytes)",295
Dead,"BR – FILMES E SERIES","TNT SD [4]","http://tjtor8411.com:80/010794/FXz1sY/72379.ts","No data (insufficient stream data: 235 bytes)",252
Dead,"BR – FILMES E SERIES","TNT SD [LEG]","http://tjtor8411.com:80/Osiel123/Felicidade321/90672.ts","No data (insufficient stream data: 235 bytes)",260
Dead,"BR – FILMES E SERIES","TNT SD [LEG] [2]","http://tjtor8411.com:80/010794/FXz1sY/90672.ts","No data (insufficient stream data: 235 bytes)",325
Dead,"BR – FILMES E SERIES","TNT SERIES [H265 ]","http://tjtor8411.com:80/Osiel123/Felicidade321/72381.ts","No data (insufficient stream data: 235 bytes)",330
Dead,"BR – FILMES E SERIES","TNT SERIES [H265 ] [2]","http://tjtor8411.com:80/010794/FXz1sY/72381.ts","No data (insufficient stream data: 235 bytes)",340
Dead,"BR – FILMES E SERIES","TNT SERIES FHD","http://tjtor8411.com:80/Osiel123/Felicidade321/72380.ts","No data (insufficient stream data: 235 bytes)",338
Dead,"BR – FILMES E SERIES","TNT SERIES FHD [2]","http://tjtor8411.com:80/010794/FXz1sY/72380.ts","No data (insufficient stream data: 235 bytes)",323
Dead,"BR – FILMES E SERIES","TNT SERIES FHD [LEG]","http://tjtor8411.com:80/Osiel123/Felicidade321/90671.ts","No data (insufficient stream data: 235 bytes)",290
Dead,"BR – FILMES E SERIES","TNT SERIES FHD [LEG] [2]","http://tjtor8411.com:80/010794/FXz1sY/90671.ts","No data (insufficient stream data: 235 bytes)",375
Alive,"BR – FILMES E SERIES","TNT SERIES H265","http://up.kiwi/351921603109/34939156/299686","",1943
Dead,"BR – FILMES E SERIES","TNT SERIES H265 [2]","http://up.kiwi/351921603109/34939156/1310","HTTP 404",1060
Dead,"BR – FILMES E SERIES","TNT SERIES H265 [3]","http://tjtor8411.com:80/Osiel123/Felicidade321/72382.ts","No data (insufficient stream data: 235 bytes)",403
Dead,"BR – FILMES E SERIES","TNT SERIES H265 [4]","http://tjtor8411.com:80/010794/FXz1sY/72382.ts","No data (insufficient stream data: 235 bytes)",358
Alive,"BR – FILMES E SERIES","TNT SERIES HD","http://up.kiwi/351921603109/34939156/1312","",2237
Geoblocked,"BR – FILMES E SERIES","TNT SÉRIES HD","https://megaflix.mgfiles.lat/99fc317843d1489f98b20aed3bf259e1/file.m3u8","HTTP 403",136
Alive,"BR – FILMES E SERIES","TNT SERIES HD [2]","http://up.kiwi/351921603109/34939156/296451","",2082
Dead,"BR – FILMES E SERIES","TNT SERIES HD [3]","http://tjtor8411.com:80/Osiel123/Felicidade321/72383.ts","No data (insufficient stream data: 235 bytes)",380
Dead,"BR – FILMES E SERIES","TNT SERIES HD [4]","http://tjtor8411.com:80/010794/FXz1sY/72383.ts","No data (insufficient stream data: 235 bytes)",322
Dead,"BR – FILMES E SERIES","TNT SERIES HD [LEG]","http://tjtor8411.com:80/Osiel123/Felicidade321/90670.ts","No data (insufficient stream data: 235 bytes)",393
Dead,"BR – FILMES E SERIES","TNT SERIES HD [LEG] [2]","http://tjtor8411.com:80/010794/FXz1sY/90670.ts","No data (insufficient stream data: 235 bytes)",346
Alive,"BR – FILMES E SERIES","TNT SERIES SD","http://up.kiwi/351921603109/34939156/1314","",2038
Dead,"BR – FILMES E SERIES","TNT SERIES SD [2]","http://up.kiwi/351921603109/34939156/296452","HTTP 503",2510
Dead,"BR – FILMES E SERIES","TNT SERIES SD [3]","http://tjtor8411.com:80/Osiel123/Felicidade321/72384.ts","No data (insufficient stream data: 235 bytes)",385
Dead,"BR – FILMES E SERIES","TNT SERIES SD [4]","http://tjtor8411.com:80/010794/FXz1sY/72384.ts","No data (insufficient stream data: 235 bytes)",344
Dead,"BR – FILMES E SERIES","TNT SERIES SD [LEG]","http://tjtor8411.com:80/Osiel123/Felicidade321/90669.ts","No data (insufficient stream data: 235 bytes)",361
Dead,"BR – FILMES E SERIES","TNT SERIES SD [LEG] [2]","http://tjtor8411.com:80/010794/FXz1sY/90669.ts","No data (insufficient stream data: 235 bytes)",365
Alive,"BR – FILMES E SERIES","TV SERIES 1 AS PANTERAS","https://stmv1.srvif.com/tvserie/tvserie/playlist.m3u8","",591
Alive,"BR – FILMES E SERIES","TV UNIVERSAL","https://644398c.ha.azioncdn.net/primary/tvuniversal_480p.sdp/playlist.m3u8","",2012
Dead,"BR – FILMES E SERIES","UNIVERSAL CHANNEL HD","http://79.127.243.211:14623/","Timeout",20020
Dead,"BR – FILMES E SERIES","UNIVERSAL PREMIERE","http://up.kiwi/351921603109/34939156/296650","HTTP 404",1120
Dead,"BR – FILMES E SERIES","UNIVERSAL PREMIERE [2]","http://up.kiwi/351921603109/34939156/296651","HTTP 404",1164
Dead,"BR – FILMES E SERIES","UNIVERSAL PREMIERE [3]","http://up.kiwi/351921603109/34939156/296652","HTTP 404",1322
Dead,"BR – FILMES E SERIES","UNIVERSAL REALITY","http://up.kiwi/351921603109/34939156/296463","HTTP 404",1467
Dead,"BR – FILMES E SERIES","UNIVERSAL REALITY [2]","http://up.kiwi/351921603109/34939156/296464","HTTP 404",1229
Dead,"BR – FILMES E SERIES","UNIVERSAL REALITY [3]","http://up.kiwi/351921603109/34939156/296465","HTTP 404",1124
Dead,"BR – FILMES E SERIES","UNIVERSAL TV [H265 ]","http://tjtor8411.com:80/Osiel123/Felicidade321/72420.ts","No data (insufficient stream data: 235 bytes)",396
Dead,"BR – FILMES E SERIES","UNIVERSAL TV [H265 ] [2]","http://tjtor8411.com:80/010794/FXz1sY/72420.ts","No data (insufficient stream data: 235 bytes)",271
Alive,"BR – FILMES E SERIES","UNIVERSAL TV FHD","http://up.kiwi/351921603109/34939156/296459","",2199
Alive,"BR – FILMES E SERIES","UNIVERSAL TV FHD [2]","http://up.kiwi/351921603109/34939156/296462","",2173
Dead,"BR – FILMES E SERIES","UNIVERSAL TV FHD [3]","http://tjtor8411.com:80/Osiel123/Felicidade321/72419.ts","No data (insufficient stream data: 235 bytes)",655
Dead,"BR – FILMES E SERIES","UNIVERSAL TV FHD [4]","http://tjtor8411.com:80/010794/FXz1sY/72419.ts","No data (insufficient stream data: 235 bytes)",310
Alive,"BR – FILMES E SERIES","UNIVERSAL TV H265","http://up.kiwi/351921603109/34939156/299687","",2175
Dead,"BR – FILMES E SERIES","UNIVERSAL TV H265 [2]","http://up.kiwi/351921603109/34939156/1565","HTTP 503",2757
Dead,"BR – FILMES E SERIES","UNIVERSAL TV H265 [3]","http://tjtor8411.com:80/Osiel123/Felicidade321/90632.ts","No data (insufficient stream data: 235 bytes)",420
Dead,"BR – FILMES E SERIES","UNIVERSAL TV H265 [4]","http://tjtor8411.com:80/010794/FXz1sY/90632.ts","No data (insufficient stream data: 235 bytes)",392
Alive,"BR – FILMES E SERIES","UNIVERSAL TV HD","http://up.kiwi/351921603109/34939156/1567","",2290
Alive,"BR – FILMES E SERIES","UNIVERSAL TV HD [2]","http://up.kiwi/351921603109/34939156/296453","",2205
Dead,"BR – FILMES E SERIES","UNIVERSAL TV HD [3]","http://tjtor8411.com:80/Osiel123/Felicidade321/72421.ts","No data (insufficient stream data: 235 bytes)",296
Dead,"BR – FILMES E SERIES","UNIVERSAL TV HD [4]","http://tjtor8411.com:80/010794/FXz1sY/72421.ts","No data (insufficient stream data: 235 bytes)",293
Dead,"BR – FILMES E SERIES","UNIVERSAL TV SD","http://up.kiwi/351921603109/34939156/1569","HTTP 502",3012
Dead,"BR – FILMES E SERIES","UNIVERSAL TV SD [2]","http://up.kiwi/351921603109/34939156/296454","HTTP 502",2514
Dead,"BR – FILMES E SERIES","UNIVERSAL TV SD [3]","http://tjtor8411.com:80/Osiel123/Felicidade321/72422.ts","No data (insufficient stream data: 235 bytes)",384
Dead,"BR – FILMES E SERIES","UNIVERSAL TV SD [4]","http://tjtor8411.com:80/010794/FXz1sY/72422.ts","No data (insufficient stream data: 235 bytes)",303
Dead,"BR – FILMES E SERIES","WARNER CHANNEL [H265 ]","http://tjtor8411.com:80/Osiel123/Felicidade321/72432.ts","No data (insufficient stream data: 235 bytes)",372
Dead,"BR – FILMES E SERIES","WARNER CHANNEL [H265 ] [2]","http://tjtor8411.com:80/010794/FXz1sY/72432.ts","No data (insufficient stream data: 235 bytes)",302
Dead,"BR – FILMES E SERIES","WARNER CHANNEL FHD","http://tjtor8411.com:80/Osiel123/Felicidade321/72431.ts","No data (insufficient stream data: 235 bytes)",328
Dead,"BR – FILMES E SERIES","WARNER CHANNEL FHD [2]","http://tjtor8411.com:80/010794/FXz1sY/72431.ts","No data (insufficient stream data: 235 bytes)",246
Dead,"BR – FILMES E SERIES","WARNER CHANNEL FHD [LEG]","http://tjtor8411.com:80/Osiel123/Felicidade321/90650.ts","No data (insufficient stream data: 235 bytes)",291
Dead,"BR – FILMES E SERIES","WARNER CHANNEL FHD [LEG] [2]","http://tjtor8411.com:80/010794/FXz1sY/90650.ts","No data (insufficient stream data: 235 bytes)",258
Dead,"BR – FILMES E SERIES","WARNER CHANNEL H265","http://up.kiwi/351921603109/34939156/1584","HTTP 503",1664
Dead,"BR – FILMES E SERIES","WARNER CHANNEL H265 [2]","http://tjtor8411.com:80/Osiel123/Felicidade321/90236.ts","No data (insufficient stream data: 235 bytes)",282
Dead,"BR – FILMES E SERIES","WARNER CHANNEL H265 [3]","http://tjtor8411.com:80/010794/FXz1sY/90236.ts","No data (insufficient stream data: 235 bytes)",257
Alive,"BR – FILMES E SERIES","WARNER CHANNEL HD","http://up.kiwi/351921603109/34939156/1586","",2066
Dead,"BR – FILMES E SERIES","WARNER CHANNEL HD [2]","http://up.kiwi/351921603109/34939156/296455","HTTP 502",2601
Dead,"BR – FILMES E SERIES","WARNER CHANNEL HD [3]","http://tjtor8411.com:80/Osiel123/Felicidade321/72433.ts","No data (insufficient stream data: 235 bytes)",253
Dead,"BR – FILMES E SERIES","WARNER CHANNEL HD [4]","http://tjtor8411.com:80/010794/FXz1sY/72433.ts","No data (insufficient stream data: 235 bytes)",276
Alive,"BR – FILMES E SERIES","WARNER CHANNEL HD [5]","http://streamer.sattvacabo.com.br/WARNER_HD/index.m3u8?token=TLGacFXd0gIXIuo2u8Zj7f4FE5J2vtgf","",1253
Dead,"BR – FILMES E SERIES","WARNER CHANNEL HD [LEG]","http://tjtor8411.com:80/Osiel123/Felicidade321/90649.ts","No data (insufficient stream data: 235 bytes)",230
Dead,"BR – FILMES E SERIES","WARNER CHANNEL HD [LEG] [2]","http://tjtor8411.com:80/010794/FXz1sY/90649.ts","No data (insufficient stream data: 235 bytes)",279
Dead,"BR – FILMES E SERIES","WARNER CHANNEL SD","http://up.kiwi/351921603109/34939156/1588","HTTP 503",1884
Dead,"BR – FILMES E SERIES","WARNER CHANNEL SD [2]","http://up.kiwi/351921603109/34939156/296456","HTTP 404",1469
Dead,"BR – FILMES E SERIES","WARNER CHANNEL SD [3]","http://tjtor8411.com:80/Osiel123/Felicidade321/72434.ts","No data (insufficient stream data: 235 bytes)",247
Dead,"BR – FILMES E SERIES","WARNER CHANNEL SD [4]","http://tjtor8411.com:80/010794/FXz1sY/72434.ts","No data (insufficient stream data: 235 bytes)",251
Dead,"BR – FILMES E SERIES","WARNER CHANNEL SD [LEG]","http://tjtor8411.com:80/Osiel123/Felicidade321/90648.ts","No data (insufficient stream data: 235 bytes)",322
Dead,"BR – FILMES E SERIES","WARNER CHANNEL SD [LEG] [2]","http://tjtor8411.com:80/010794/FXz1sY/90648.ts","No data (insufficient stream data: 235 bytes)",301
Alive,"BR – FILMES E SERIES","XTREME TV","https://stmv.webtvninjas.com.br/xtremetv54/xtremetv54/playlist.m3u8","",713
Alive,"BR – DOCUMENTARIOS","[US] DISCOVERY CHANNEL","http://up.kiwi/351921603109/34939156/1260817","",2235
Dead,"BR – DOCUMENTARIOS","[US] DISCOVERY SCIENCE","http://up.kiwi/351921603109/34939156/1260820","HTTP 404",8587
Dead,"BR – DOCUMENTARIOS","[US] HISTORY CHANNEL","http://up.kiwi/351921603109/34939156/1260865","HTTP 503",1277
Dead,"BR – DOCUMENTARIOS","[US] NATIONAL GEOGRAPHIC","http://up.kiwi/351921603109/34939156/1260878","HTTP 404",8687
Dead,"BR – DOCUMENTARIOS","[US] SMITHSONIAN CHANNEL","http://up.kiwi/351921603109/34939156/1260908","HTTP 404",8402
Dead,"BR – DOCUMENTARIOS","[US] TLC","http://up.kiwi/351921603109/34939156/1260925","HTTP 404",15080
Dead,"BR – DOCUMENTARIOS","DISCOVERY CHANNEL [H265 ]","http://tjtor8411.com:80/Osiel123/Felicidade321/71863.ts","No data (insufficient stream data: 235 bytes)",261
Dead,"BR – DOCUMENTARIOS","DISCOVERY CHANNEL [H265 ] [2]","http://tjtor8411.com:80/010794/FXz1sY/71863.ts","No data (insufficient stream data: 235 bytes)",242
Dead,"BR – DOCUMENTARIOS","DISCOVERY CHANNEL FHD","http://tjtor8411.com:80/Osiel123/Felicidade321/71862.ts","No data (insufficient stream data: 235 bytes)",314
Dead,"BR – DOCUMENTARIOS","DISCOVERY CHANNEL FHD [2]","http://tjtor8411.com:80/010794/FXz1sY/71862.ts","No data (insufficient stream data: 235 bytes)",307
Geoblocked,"BR – DOCUMENTARIOS","DISCOVERY CHANNEL FHD [3]","https://megaflix.mgfiles.lat/b79220c0a11a0b150dbebd0eee4238e0/file.m3u8","HTTP 403",146
Dead,"BR – DOCUMENTARIOS","DISCOVERY CHANNEL H265","http://up.kiwi/351921603109/34939156/299666","HTTP 503",1475
Alive,"BR – DOCUMENTARIOS","DISCOVERY CHANNEL H265 [2]","http://up.kiwi/351921603109/34939156/340","",2668
Dead,"BR – DOCUMENTARIOS","DISCOVERY CHANNEL H265 [3]","http://tjtor8411.com:80/Osiel123/Felicidade321/71864.ts","No data (insufficient stream data: 235 bytes)",281
Dead,"BR – DOCUMENTARIOS","DISCOVERY CHANNEL H265 [4]","http://tjtor8411.com:80/010794/FXz1sY/71864.ts","No data (insufficient stream data: 235 bytes)",268
Alive,"BR – DOCUMENTARIOS","DISCOVERY CHANNEL HD","http://up.kiwi/351921603109/34939156/342","",2231
Alive,"BR – DOCUMENTARIOS","DISCOVERY CHANNEL HD [2]","http://up.kiwi/351921603109/34939156/296584","",2263
Dead,"BR – DOCUMENTARIOS","DISCOVERY CHANNEL HD [3]","http://tjtor8411.com:80/Osiel123/Felicidade321/71865.ts","No data (insufficient stream data: 235 bytes)",323
Dead,"BR – DOCUMENTARIOS","DISCOVERY CHANNEL HD [4]","http://tjtor8411.com:80/010794/FXz1sY/71865.ts","No data (insufficient stream data: 235 bytes)",290
Alive,"BR – DOCUMENTARIOS","DISCOVERY CHANNEL HD [5]","http://hls1.sua.tv:80/live/discoverychannelfhd/s.m3u8","",985
Dead,"BR – DOCUMENTARIOS","DISCOVERY CHANNEL SD","http://up.kiwi/351921603109/34939156/344","HTTP 502",2665
Dead,"BR – DOCUMENTARIOS","DISCOVERY CHANNEL SD [2]","http://up.kiwi/351921603109/34939156/296585","HTTP 503",2048
Dead,"BR – DOCUMENTARIOS","DISCOVERY CHANNEL SD [3]","http://tjtor8411.com:80/Osiel123/Felicidade321/71866.ts","No data (insufficient stream data: 235 bytes)",248
Dead,"BR – DOCUMENTARIOS","DISCOVERY CHANNEL SD [4]","http://tjtor8411.com:80/010794/FXz1sY/71866.ts","No data (insufficient stream data: 235 bytes)",250
Dead,"BR – DOCUMENTARIOS","DISCOVERY H&H [H265 ]","http://tjtor8411.com:80/Osiel123/Felicidade321/71868.ts","No data (insufficient stream data: 235 bytes)",299
Dead,"BR – DOCUMENTARIOS","DISCOVERY H&H [H265 ] [2]","http://tjtor8411.com:80/010794/FXz1sY/71868.ts","No data (insufficient stream data: 235 bytes)",240
Dead,"BR – DOCUMENTARIOS","DISCOVERY H&H FHD","http://tjtor8411.com:80/Osiel123/Felicidade321/71867.ts","No data (insufficient stream data: 235 bytes)",242
Dead,"BR – DOCUMENTARIOS","DISCOVERY H&H FHD [2]","http://tjtor8411.com:80/010794/FXz1sY/71867.ts","No data (insufficient stream data: 235 bytes)",408
Dead,"BR – DOCUMENTARIOS","DISCOVERY H&H H265","http://up.kiwi/351921603109/34939156/299667","HTTP 503",1861
Alive,"BR – DOCUMENTARIOS","DISCOVERY H&H H265 [2]","http://up.kiwi/351921603109/34939156/346","",2241
Dead,"BR – DOCUMENTARIOS","DISCOVERY H&H H265 [3]","http://tjtor8411.com:80/Osiel123/Felicidade321/90251.ts","No data (insufficient stream data: 235 bytes)",236
Dead,"BR – DOCUMENTARIOS","DISCOVERY H&H H265 [4]","http://tjtor8411.com:80/010794/FXz1sY/90251.ts","No data (insufficient stream data: 235 bytes)",276
Dead,"BR – DOCUMENTARIOS","DISCOVERY H&H HD","http://up.kiwi/351921603109/34939156/348","HTTP 503",1443
Alive,"BR – DOCUMENTARIOS","DISCOVERY H&H HD [2]","http://up.kiwi/351921603109/34939156/296568","",2311
Dead,"BR – DOCUMENTARIOS","DISCOVERY H&H HD [3]","http://tjtor8411.com:80/Osiel123/Felicidade321/71869.ts","No data (insufficient stream data: 235 bytes)",375
Dead,"BR – DOCUMENTARIOS","DISCOVERY H&H HD [4]","http://tjtor8411.com:80/010794/FXz1sY/71869.ts","No data (insufficient stream data: 235 bytes)",305
Alive,"BR – DOCUMENTARIOS","DISCOVERY H&H SD","http://up.kiwi/351921603109/34939156/350","",3000
Alive,"BR – DOCUMENTARIOS","DISCOVERY H&H SD [2]","http://up.kiwi/351921603109/34939156/296569","",2272
Dead,"BR – DOCUMENTARIOS","DISCOVERY H&H SD [3]","http://tjtor8411.com:80/Osiel123/Felicidade321/71870.ts","No data (insufficient stream data: 235 bytes)",333
Dead,"BR – DOCUMENTARIOS","DISCOVERY H&H SD [4]","http://tjtor8411.com:80/010794/FXz1sY/71870.ts","No data (insufficient stream data: 235 bytes)",219
Dead,"BR – DOCUMENTARIOS","DISCOVERY ID H265","http://up.kiwi/351921603109/34939156/351","HTTP 502",3177
Dead,"BR – DOCUMENTARIOS","DISCOVERY ID HD","http://up.kiwi/351921603109/34939156/353","HTTP 502",3203
Dead,"BR – DOCUMENTARIOS","DISCOVERY ID HD [2]","http://up.kiwi/351921603109/34939156/296570","HTTP 503",1935
Dead,"BR – DOCUMENTARIOS","DISCOVERY ID SD","http://up.kiwi/351921603109/34939156/355","HTTP 503",2227
Dead,"BR – DOCUMENTARIOS","DISCOVERY ID SD [2]","http://up.kiwi/351921603109/34939156/296571","HTTP 404",1386
Dead,"BR – DOCUMENTARIOS","DISCOVERY SCIENCE [H265 ]","http://tjtor8411.com:80/Osiel123/Felicidade321/71876.ts","No data (insufficient stream data: 235 bytes)",306
Dead,"BR – DOCUMENTARIOS","DISCOVERY SCIENCE [H265 ] [2]","http://tjtor8411.com:80/010794/FXz1sY/71876.ts","No data (insufficient stream data: 235 bytes)",317
Dead,"BR – DOCUMENTARIOS","DISCOVERY SCIENCE FHD","http://tjtor8411.com:80/Osiel123/Felicidade321/71875.ts","No data (insufficient stream data: 235 bytes)",296
Dead,"BR – DOCUMENTARIOS","DISCOVERY SCIENCE FHD [2]","http://tjtor8411.com:80/010794/FXz1sY/71875.ts","No data (insufficient stream data: 235 bytes)",226
Dead,"BR – DOCUMENTARIOS","DISCOVERY SCIENCE H265","http://up.kiwi/351921603109/34939156/362","HTTP 502",2517
Dead,"BR – DOCUMENTARIOS","DISCOVERY SCIENCE H265 [2]","http://tjtor8411.com:80/Osiel123/Felicidade321/103511.ts","No data (insufficient stream data: 235 bytes)",307
Dead,"BR – DOCUMENTARIOS","DISCOVERY SCIENCE H265 [3]","http://tjtor8411.com:80/010794/FXz1sY/103511.ts","No data (insufficient stream data: 235 bytes)",282
Dead,"BR – DOCUMENTARIOS","DISCOVERY SCIENCE HD","http://up.kiwi/351921603109/34939156/364","HTTP 503",2101
Dead,"BR – DOCUMENTARIOS","DISCOVERY SCIENCE HD [2]","http://up.kiwi/351921603109/34939156/296572","HTTP 404",1482
Dead,"BR – DOCUMENTARIOS","DISCOVERY SCIENCE HD [3]","http://tjtor8411.com:80/Osiel123/Felicidade321/71877.ts","No data (insufficient stream data: 235 bytes)",375
Dead,"BR – DOCUMENTARIOS","DISCOVERY SCIENCE HD [4]","http://tjtor8411.com:80/010794/FXz1sY/71877.ts","No data (insufficient stream data: 235 bytes)",267
Geoblocked,"BR – DOCUMENTARIOS","DISCOVERY SCIENCE HD [5]","https://megaflix.mgfiles.lat/4f9b45a8d9320c4f545c1b19f30a5037/file.m3u8","HTTP 403",81
Alive,"BR – DOCUMENTARIOS","DISCOVERY SCIENCE SD","http://up.kiwi/351921603109/34939156/366","",3350
Alive,"BR – DOCUMENTARIOS","DISCOVERY SCIENCE SD [2]","http://up.kiwi/351921603109/34939156/296573","",2240
Dead,"BR – DOCUMENTARIOS","DISCOVERY SCIENCE SD [3]","http://tjtor8411.com:80/Osiel123/Felicidade321/71878.ts","No data (insufficient stream data: 235 bytes)",356
Dead,"BR – DOCUMENTARIOS","DISCOVERY SCIENCE SD [4]","http://tjtor8411.com:80/010794/FXz1sY/71878.ts","No data (insufficient stream data: 235 bytes)",364
Dead,"BR – DOCUMENTARIOS","DISCOVERY THEATER [H265 ]","http://tjtor8411.com:80/Osiel123/Felicidade321/71880.ts","No data (insufficient stream data: 235 bytes)",318
Dead,"BR – DOCUMENTARIOS","DISCOVERY THEATER [H265 ] [2]","http://tjtor8411.com:80/010794/FXz1sY/71880.ts","No data (insufficient stream data: 235 bytes)",316
Dead,"BR – DOCUMENTARIOS","DISCOVERY THEATER FHD","http://tjtor8411.com:80/Osiel123/Felicidade321/71879.ts","No data (insufficient stream data: 235 bytes)",285
Dead,"BR – DOCUMENTARIOS","DISCOVERY THEATER FHD [2]","http://tjtor8411.com:80/010794/FXz1sY/71879.ts","No data (insufficient stream data: 235 bytes)",312
Alive,"BR – DOCUMENTARIOS","DISCOVERY THEATER H265","http://up.kiwi/351921603109/34939156/368","",2200
Dead,"BR – DOCUMENTARIOS","DISCOVERY THEATER H265 [2]","http://tjtor8411.com:80/Osiel123/Felicidade321/103510.ts","No data (insufficient stream data: 235 bytes)",282
Dead,"BR – DOCUMENTARIOS","DISCOVERY THEATER H265 [3]","http://tjtor8411.com:80/010794/FXz1sY/103510.ts","No data (insufficient stream data: 235 bytes)",267
Alive,"BR – DOCUMENTARIOS","DISCOVERY THEATER HD","http://up.kiwi/351921603109/34939156/370","",2302
Dead,"BR – DOCUMENTARIOS","DISCOVERY THEATER HD [2]","http://up.kiwi/351921603109/34939156/296574","HTTP 503",1700
Dead,"BR – DOCUMENTARIOS","DISCOVERY THEATER HD [3]","http://tjtor8411.com:80/Osiel123/Felicidade321/71881.ts","No data (insufficient stream data: 235 bytes)",319
Dead,"BR – DOCUMENTARIOS","DISCOVERY THEATER HD [4]","http://tjtor8411.com:80/010794/FXz1sY/71881.ts","No data (insufficient stream data: 235 bytes)",294
Geoblocked,"BR – DOCUMENTARIOS","DISCOVERY THEATER HD [5]","https://megaflix.mgfiles.lat/24161214808fec7d4e71d683bc18cf2d/file.m3u8","HTTP 403",142
Alive,"BR – DOCUMENTARIOS","DISCOVERY THEATER SD","http://up.kiwi/351921603109/34939156/372","",4918
Dead,"BR – DOCUMENTARIOS","DISCOVERY THEATER SD [2]","http://up.kiwi/351921603109/34939156/296575","HTTP 502",1990
Dead,"BR – DOCUMENTARIOS","DISCOVERY THEATER SD [3]","http://tjtor8411.com:80/Osiel123/Felicidade321/71882.ts","No data (insufficient stream data: 235 bytes)",323
Dead,"BR – DOCUMENTARIOS","DISCOVERY THEATER SD [4]","http://tjtor8411.com:80/010794/FXz1sY/71882.ts","No data (insufficient stream data: 235 bytes)",333
Dead,"BR – DOCUMENTARIOS","DISCOVERY TURBO [H265 ]","http://tjtor8411.com:80/Osiel123/Felicidade321/71884.ts","No data (insufficient stream data: 235 bytes)",283
Dead,"BR – DOCUMENTARIOS","DISCOVERY TURBO [H265 ] [2]","http://tjtor8411.com:80/010794/FXz1sY/71884.ts","No data (insufficient stream data: 235 bytes)",293
Dead,"BR – DOCUMENTARIOS","DISCOVERY TURBO FHD","http://tjtor8411.com:80/Osiel123/Felicidade321/71883.ts","No data (insufficient stream data: 235 bytes)",315
Dead,"BR – DOCUMENTARIOS","DISCOVERY TURBO FHD [2]","http://tjtor8411.com:80/010794/FXz1sY/71883.ts","No data (insufficient stream data: 235 bytes)",294
Dead,"BR – DOCUMENTARIOS","DISCOVERY TURBO H265","http://up.kiwi/351921603109/34939156/299668","HTTP 404",1445
Alive,"BR – DOCUMENTARIOS","DISCOVERY TURBO H265 [2]","http://up.kiwi/351921603109/34939156/374","",2073
Dead,"BR – DOCUMENTARIOS","DISCOVERY TURBO H265 [3]","http://tjtor8411.com:80/Osiel123/Felicidade321/90641.ts","No data (insufficient stream data: 235 bytes)",266
Dead,"BR – DOCUMENTARIOS","DISCOVERY TURBO H265 [4]","http://tjtor8411.com:80/010794/FXz1sY/90641.ts","No data (insufficient stream data: 235 bytes)",294
Alive,"BR – DOCUMENTARIOS","DISCOVERY TURBO HD","http://up.kiwi/351921603109/34939156/376","",2214
Alive,"BR – DOCUMENTARIOS","DISCOVERY TURBO HD [2]","http://up.kiwi/351921603109/34939156/296576","",2793
Dead,"BR – DOCUMENTARIOS","DISCOVERY TURBO HD [3]","http://tjtor8411.com:80/Osiel123/Felicidade321/71885.ts","No data (insufficient stream data: 235 bytes)",282
Dead,"BR – DOCUMENTARIOS","DISCOVERY TURBO HD [4]","http://tjtor8411.com:80/010794/FXz1sY/71885.ts","No data (insufficient stream data: 235 bytes)",329
Alive,"BR – DOCUMENTARIOS","DISCOVERY TURBO HD [5]","http://185.152.67.187:14367/","",83
Dead,"BR – DOCUMENTARIOS","DISCOVERY TURBO SD","http://up.kiwi/351921603109/34939156/378","HTTP 503",1547
Dead,"BR – DOCUMENTARIOS","DISCOVERY TURBO SD [2]","http://up.kiwi/351921603109/34939156/296577","HTTP 503",2866
Dead,"BR – DOCUMENTARIOS","DISCOVERY TURBO SD [3]","http://tjtor8411.com:80/Osiel123/Felicidade321/71886.ts","No data (insufficient stream data: 235 bytes)",328
Dead,"BR – DOCUMENTARIOS","DISCOVERY TURBO SD [4]","http://tjtor8411.com:80/010794/FXz1sY/71886.ts","No data (insufficient stream data: 235 bytes)",286
Dead,"BR – DOCUMENTARIOS","DISCOVERY WORLD [H265 ]","http://tjtor8411.com:80/Osiel123/Felicidade321/71888.ts","No data (insufficient stream data: 235 bytes)",273
Dead,"BR – DOCUMENTARIOS","DISCOVERY WORLD [H265 ] [2]","http://tjtor8411.com:80/010794/FXz1sY/71888.ts","No data (insufficient stream data: 235 bytes)",287
Dead,"BR – DOCUMENTARIOS","DISCOVERY WORLD FHD","http://tjtor8411.com:80/Osiel123/Felicidade321/71887.ts","No data (insufficient stream data: 235 bytes)",306
Dead,"BR – DOCUMENTARIOS","DISCOVERY WORLD FHD [2]","http://tjtor8411.com:80/010794/FXz1sY/71887.ts","No data (insufficient stream data: 235 bytes)",279
Dead,"BR – DOCUMENTARIOS","DISCOVERY WORLD H265","http://up.kiwi/351921603109/34939156/380","HTTP 503",2511
Dead,"BR – DOCUMENTARIOS","DISCOVERY WORLD H265 [2]","http://tjtor8411.com:80/Osiel123/Felicidade321/103509.ts","No data (insufficient stream data: 235 bytes)",336
Dead,"BR – DOCUMENTARIOS","DISCOVERY WORLD H265 [3]","http://tjtor8411.com:80/010794/FXz1sY/103509.ts","No data (insufficient stream data: 235 bytes)",307
Dead,"BR – DOCUMENTARIOS","DISCOVERY WORLD HD","http://up.kiwi/351921603109/34939156/382","HTTP 502",4391
Dead,"BR – DOCUMENTARIOS","DISCOVERY WORLD HD [2]","http://up.kiwi/351921603109/34939156/296578","HTTP 503",1417
Dead,"BR – DOCUMENTARIOS","DISCOVERY WORLD HD [3]","http://tjtor8411.com:80/Osiel123/Felicidade321/71889.ts","No data (insufficient stream data: 235 bytes)",337
Dead,"BR – DOCUMENTARIOS","DISCOVERY WORLD HD [4]","http://tjtor8411.com:80/010794/FXz1sY/71889.ts","No data (insufficient stream data: 235 bytes)",349
Geoblocked,"BR – DOCUMENTARIOS","DISCOVERY WORLD HD [5]","https://megaflix.mgfiles.lat/37a0a53a454048db23150f64817cfa37/file.m3u8","HTTP 403",191
Alive,"BR – DOCUMENTARIOS","DISCOVERY WORLD SD","http://up.kiwi/351921603109/34939156/384","",2221
Alive,"BR – DOCUMENTARIOS","DISCOVERY WORLD SD [2]","http://up.kiwi/351921603109/34939156/296579","",2237
Dead,"BR – DOCUMENTARIOS","DISCOVERY WORLD SD [3]","http://tjtor8411.com:80/Osiel123/Felicidade321/71890.ts","No data (insufficient stream data: 235 bytes)",314
Dead,"BR – DOCUMENTARIOS","DISCOVERY WORLD SD [4]","http://tjtor8411.com:80/010794/FXz1sY/71890.ts","No data (insufficient stream data: 235 bytes)",322
Dead,"BR – DOCUMENTARIOS","H2 [H265 ]","http://tjtor8411.com:80/Osiel123/Felicidade321/72107.ts","No data (insufficient stream data: 235 bytes)",258
Dead,"BR – DOCUMENTARIOS","H2 [H265 ] [2]","http://tjtor8411.com:80/010794/FXz1sY/72107.ts","No data (insufficient stream data: 235 bytes)",291
Dead,"BR – DOCUMENTARIOS","H2 FHD","http://tjtor8411.com:80/Osiel123/Felicidade321/72106.ts","No data (insufficient stream data: 235 bytes)",309
Dead,"BR – DOCUMENTARIOS","H2 FHD [2]","http://tjtor8411.com:80/010794/FXz1sY/72106.ts","No data (insufficient stream data: 235 bytes)",315
Dead,"BR – DOCUMENTARIOS","H2 H265","http://tjtor8411.com:80/Osiel123/Felicidade321/90245.ts","No data (insufficient stream data: 235 bytes)",342
Dead,"BR – DOCUMENTARIOS","H2 H265 [2]","http://tjtor8411.com:80/010794/FXz1sY/90245.ts","No data (insufficient stream data: 235 bytes)",232
Dead,"BR – DOCUMENTARIOS","H2 HD","http://tjtor8411.com:80/Osiel123/Felicidade321/72108.ts","No data (insufficient stream data: 235 bytes)",242
Dead,"BR – DOCUMENTARIOS","H2 HD [2]","http://tjtor8411.com:80/010794/FXz1sY/72108.ts","No data (insufficient stream data: 235 bytes)",288
Dead,"BR – DOCUMENTARIOS","H2 SD","http://tjtor8411.com:80/Osiel123/Felicidade321/72109.ts","No data (insufficient stream data: 235 bytes)",279
Dead,"BR – DOCUMENTARIOS","H2 SD [2]","http://tjtor8411.com:80/010794/FXz1sY/72109.ts","No data (insufficient stream data: 235 bytes)",237
Alive,"BR – DOCUMENTARIOS","HISTORY","http://45.177.114.114/HISTORY/index.m3u8","",1215
Dead,"BR – DOCUMENTARIOS","HISTORY 2 H265","http://up.kiwi/351921603109/34939156/296601","HTTP 502",2061
Dead,"BR – DOCUMENTARIOS","HISTORY 2 H265 [2]","http://up.kiwi/351921603109/34939156/558","HTTP 503",1400
Dead,"BR – DOCUMENTARIOS","HISTORY 2 HD","http://up.kiwi/351921603109/34939156/560","HTTP 404",1616
Dead,"BR – DOCUMENTARIOS","HISTORY 2 HD [2]","http://up.kiwi/351921603109/34939156/296602","HTTP 503",1278
Alive,"BR – DOCUMENTARIOS","HISTORY 2 HD [3]","http://185.152.67.187:14392/","",71
Dead,"BR – DOCUMENTARIOS","HISTORY 2 SD","http://up.kiwi/351921603109/34939156/562","HTTP 404",1453
Alive,"BR – DOCUMENTARIOS","HISTORY 2 SD [2]","http://up.kiwi/351921603109/34939156/296603","",2526
Alive,"BR – DOCUMENTARIOS","HISTORY [2]","http://45.190.28.50/HISTORY_HD/index.m3u8","",1111
Geoblocked,"BR – DOCUMENTARIOS","HISTORY [3]","http://138.255.2.6:8084/HISTORY/index.m3u8","HTTP 403",292
Alive,"BR – DOCUMENTARIOS","HISTORY [4]","http://170.83.16.50/HISTORY/index.m3u8","",1135
Dead,"BR – DOCUMENTARIOS","HISTORY [5]","http://177.52.24.163/HISTORY-HD/index.m3u8","Timeout",20021
Dead,"BR – DOCUMENTARIOS","HISTORY [H265 ]","http://tjtor8411.com:80/Osiel123/Felicidade321/72147.ts","No data (insufficient stream data: 235 bytes)",231
Dead,"BR – DOCUMENTARIOS","HISTORY [H265 ] [2]","http://tjtor8411.com:80/010794/FXz1sY/72147.ts","No data (insufficient stream data: 235 bytes)",251
Dead,"BR – DOCUMENTARIOS","HISTORY FHD","http://tjtor8411.com:80/Osiel123/Felicidade321/72146.ts","No data (insufficient stream data: 235 bytes)",279
Dead,"BR – DOCUMENTARIOS","HISTORY FHD [2]","http://tjtor8411.com:80/010794/FXz1sY/72146.ts","No data (insufficient stream data: 235 bytes)",211
Alive,"BR – DOCUMENTARIOS","HISTORY H265","http://up.kiwi/351921603109/34939156/296600","",3118
Alive,"BR – DOCUMENTARIOS","HISTORY H265 [2]","http://up.kiwi/351921603109/34939156/669","",2729
Dead,"BR – DOCUMENTARIOS","HISTORY H265 [3]","http://tjtor8411.com:80/Osiel123/Felicidade321/90244.ts","No data (insufficient stream data: 235 bytes)",275
Dead,"BR – DOCUMENTARIOS","HISTORY H265 [4]","http://tjtor8411.com:80/010794/FXz1sY/90244.ts","No data (insufficient stream data: 235 bytes)",278
Dead,"BR – DOCUMENTARIOS","HISTORY HD","http://up.kiwi/351921603109/34939156/671","HTTP 502",6164
Alive,"BR – DOCUMENTARIOS","HISTORY HD [2]","http://up.kiwi/351921603109/34939156/296604","",3437
Dead,"BR – DOCUMENTARIOS","HISTORY HD [3]","http://tjtor8411.com:80/Osiel123/Felicidade321/72148.ts","No data (insufficient stream data: 235 bytes)",291
Dead,"BR – DOCUMENTARIOS","HISTORY HD [4]","http://tjtor8411.com:80/010794/FXz1sY/72148.ts","No data (insufficient stream data: 235 bytes)",335
Geoblocked,"BR – DOCUMENTARIOS","HISTORY HD [5]","https://megaflix.mgfiles.lat/cc13c1734b1bb80b512e88ed402d1af8/file.m3u8","HTTP 403",85
Dead,"BR – DOCUMENTARIOS","HISTORY SD","http://up.kiwi/351921603109/34939156/673","HTTP 502",3700
Dead,"BR – DOCUMENTARIOS","HISTORY SD [2]","http://up.kiwi/351921603109/34939156/296605","HTTP 502",6185
Dead,"BR – DOCUMENTARIOS","HISTORY SD [3]","http://tjtor8411.com:80/Osiel123/Felicidade321/72149.ts","No data (insufficient stream data: 235 bytes)",325
Dead,"BR – DOCUMENTARIOS","HISTORY SD [4]","http://tjtor8411.com:80/010794/FXz1sY/72149.ts","No data (insufficient stream data: 235 bytes)",291
Dead,"BR – DOCUMENTARIOS","ID [H265 ]","http://tjtor8411.com:80/Osiel123/Felicidade321/72151.ts","No data (insufficient stream data: 235 bytes)",326
Dead,"BR – DOCUMENTARIOS","ID [H265 ] [2]","http://tjtor8411.com:80/010794/FXz1sY/72151.ts","No data (insufficient stream data: 235 bytes)",333
Dead,"BR – DOCUMENTARIOS","ID FHD","http://tjtor8411.com:80/Osiel123/Felicidade321/72150.ts","No data (insufficient stream data: 235 bytes)",277
Dead,"BR – DOCUMENTARIOS","ID FHD [2]","http://tjtor8411.com:80/010794/FXz1sY/72150.ts","No data (insufficient stream data: 235 bytes)",301
Dead,"BR – DOCUMENTARIOS","ID H265","http://tjtor8411.com:80/Osiel123/Felicidade321/90243.ts","No data (insufficient stream data: 235 bytes)",307
Dead,"BR – DOCUMENTARIOS","ID H265 [2]","http://tjtor8411.com:80/010794/FXz1sY/90243.ts","No data (insufficient stream data: 235 bytes)",331
Dead,"BR – DOCUMENTARIOS","ID HD","http://tjtor8411.com:80/Osiel123/Felicidade321/72152.ts","No data (insufficient stream data: 235 bytes)",259
Dead,"BR – DOCUMENTARIOS","ID HD [2]","http://tjtor8411.com:80/010794/FXz1sY/72152.ts","No data (insufficient stream data: 235 bytes)",332
Geoblocked,"BR – DOCUMENTARIOS","ID HD [3]","https://megaflix.mgfiles.lat/a0c986815ff38ac3d75b30dfd42afa9d/file.m3u8","HTTP 403",86
Dead,"BR – DOCUMENTARIOS","ID SD","http://tjtor8411.com:80/Osiel123/Felicidade321/72153.ts","No data (insufficient stream data: 235 bytes)",294
Dead,"BR – DOCUMENTARIOS","ID SD [2]","http://tjtor8411.com:80/010794/FXz1sY/72153.ts","No data (insufficient stream data: 235 bytes)",303
Alive,"BR – DOCUMENTARIOS","LOVE NATURE H265","http://up.kiwi/351921603109/34939156/299676","",13230
Alive,"BR – DOCUMENTARIOS","RAKUTEN DOCUMENTÁRIOS | PORTUGUÊS E INGLÊS","https://rt-rtd.rttv.com/live/rtdoc/playlist.m3u8","",2235
Dead,"BR – DOCUMENTARIOS","TLC [H265 ]","http://tjtor8411.com:80/Osiel123/Felicidade321/72372.ts","No data (insufficient stream data: 235 bytes)",244
Dead,"BR – DOCUMENTARIOS","TLC [H265 ] [2]","http://tjtor8411.com:80/010794/FXz1sY/72372.ts","No data (insufficient stream data: 235 bytes)",261
Dead,"BR – DOCUMENTARIOS","TLC FHD","http://tjtor8411.com:80/Osiel123/Felicidade321/72371.ts","No data (insufficient stream data: 235 bytes)",272
Dead,"BR – DOCUMENTARIOS","TLC FHD [2]","http://tjtor8411.com:80/010794/FXz1sY/72371.ts","No data (insufficient stream data: 235 bytes)",278
Alive,"BR – DOCUMENTARIOS","TLC H265","http://up.kiwi/351921603109/34939156/1297","",3318
Dead,"BR – DOCUMENTARIOS","TLC H265 [2]","http://tjtor8411.com:80/Osiel123/Felicidade321/103465.ts","No data (insufficient stream data: 235 bytes)",292
Dead,"BR – DOCUMENTARIOS","TLC H265 [3]","http://tjtor8411.com:80/010794/FXz1sY/103465.ts","No data (insufficient stream data: 235 bytes)",283
Alive,"BR – DOCUMENTARIOS","TLC HD","http://up.kiwi/351921603109/34939156/1299","",2816
Alive,"BR – DOCUMENTARIOS","TLC HD [2]","http://up.kiwi/351921603109/34939156/296150","",3229
Dead,"BR – DOCUMENTARIOS","TLC HD [3]","http://tjtor8411.com:80/Osiel123/Felicidade321/72373.ts","No data (insufficient stream data: 235 bytes)",232
Dead,"BR – DOCUMENTARIOS","TLC HD [4]","http://tjtor8411.com:80/010794/FXz1sY/72373.ts","No data (insufficient stream data: 235 bytes)",244
Alive,"BR – DOCUMENTARIOS","TLC HD [5]","http://79.127.238.228:14433/TLChd","",1201
Alive,"BR – DOCUMENTARIOS","TLC SD","http://up.kiwi/351921603109/34939156/1301","",5095
Dead,"BR – DOCUMENTARIOS","TLC SD [2]","http://up.kiwi/351921603109/34939156/296151","HTTP 502",2395
Dead,"BR – DOCUMENTARIOS","TLC SD [3]","http://tjtor8411.com:80/Osiel123/Felicidade321/72374.ts","No data (insufficient stream data: 235 bytes)",278
Dead,"BR – DOCUMENTARIOS","TLC SD [4]","http://tjtor8411.com:80/010794/FXz1sY/72374.ts","No data (insufficient stream data: 235 bytes)",232
Alive,"BR – DOCUMENTARIOS","TRAVEL BOX BRAZIL","http://45.190.28.50/TRAVEL_BOX_HD/index.m3u8","",1109
Geoblocked,"BR – DOCUMENTARIOS","TRAVEL BOX BRAZIL [2]","http://138.255.2.6:8084/TRAVELBOXBRASIL/index.m3u8","HTTP 403",295
Alive,"BR – DOCUMENTARIOS","TRAVEL BOX BRAZIL [3]","http://168.197.104.22/TRAVEL_BOX_BRASIL/index.m3u8","",1119
Alive,"BR – DOCUMENTARIOS","TRAVEL BOX BRAZIL [4]","http://170.83.49.66:8083/TRAVELBOXHD/index.m3u8","",2058
Dead,"BR – DOCUMENTARIOS","TRAVEL BOX BRAZIL [H265 ]","http://tjtor8411.com:80/Osiel123/Felicidade321/72391.ts","No data (insufficient stream data: 235 bytes)",272
Dead,"BR – DOCUMENTARIOS","TRAVEL BOX BRAZIL [H265 ] [2]","http://tjtor8411.com:80/010794/FXz1sY/72391.ts","No data (insufficient stream data: 235 bytes)",254
Dead,"BR – DOCUMENTARIOS","TRAVEL BOX BRAZIL FHD","http://tjtor8411.com:80/Osiel123/Felicidade321/72390.ts","No data (insufficient stream data: 235 bytes)",298
Dead,"BR – DOCUMENTARIOS","TRAVEL BOX BRAZIL FHD [2]","http://tjtor8411.com:80/010794/FXz1sY/72390.ts","No data (insufficient stream data: 235 bytes)",253
Alive,"BR – DOCUMENTARIOS","TRAVEL BOX BRAZIL H265","http://up.kiwi/351921603109/34939156/1320","",2389
Dead,"BR – DOCUMENTARIOS","TRAVEL BOX BRAZIL H265 [2]","http://tjtor8411.com:80/Osiel123/Felicidade321/103452.ts","No data (insufficient stream data: 235 bytes)",278
Dead,"BR – DOCUMENTARIOS","TRAVEL BOX BRAZIL H265 [3]","http://tjtor8411.com:80/010794/FXz1sY/103452.ts","No data (insufficient stream data: 235 bytes)",250
Dead,"BR – DOCUMENTARIOS","TRAVEL BOX BRAZIL HD","http://tjtor8411.com:80/Osiel123/Felicidade321/72392.ts","No data (insufficient stream data: 235 bytes)",304
Dead,"BR – DOCUMENTARIOS","TRAVEL BOX BRAZIL HD [2]","http://tjtor8411.com:80/010794/FXz1sY/72392.ts","No data (insufficient stream data: 235 bytes)",319
Dead,"BR – DOCUMENTARIOS","TRAVEL BOX BRAZIL SD","http://tjtor8411.com:80/Osiel123/Felicidade321/72393.ts","No data (insufficient stream data: 235 bytes)",257
Dead,"BR – DOCUMENTARIOS","TRAVEL BOX BRAZIL SD [2]","http://tjtor8411.com:80/010794/FXz1sY/72393.ts","No data (insufficient stream data: 235 bytes)",248
Alive,"BR – ESPORTES","24H BAKE OFF BRASIL","http://up.kiwi/351921603109/34939156/1293579","",2185
Alive,"BR – ESPORTES","24H THE GLORY","http://up.kiwi/351921603109/34939156/1293409","",3177
Alive,"BR – ESPORTES","24H THE OFFICE","http://up.kiwi/351921603109/34939156/1293442","",2532
Dead,"BR – ESPORTES","[24H] BAKE OFF BRASIL CELEBRIDADES","http://tjtor8411.com:80/Osiel123/Felicidade321/138017.ts","No data (insufficient stream data: 235 bytes)",259
Dead,"BR – ESPORTES","[US] ESPN","http://up.kiwi/351921603109/34939156/1260824","HTTP 404",1826
Dead,"BR – ESPORTES","[US] ESPN NEWS","http://up.kiwi/351921603109/34939156/1260825","HTTP 404",1903
Alive,"BR – ESPORTES","[US] ESPN U","http://up.kiwi/351921603109/34939156/1260826","",2769
Dead,"BR – ESPORTES","[US] ESPN2","http://up.kiwi/351921603109/34939156/1260827","HTTP 404",1616
Dead,"BR – ESPORTES","[US] FOX SPORTS 1","http://up.kiwi/351921603109/34939156/1260846","HTTP 404",1489
Dead,"BR – ESPORTES","[US] FOX SPORTS 2","http://up.kiwi/351921603109/34939156/1260847","HTTP 404",1631
Alive,"BR – ESPORTES","ADRENALINA PURA TV","https://jmp2.uk/plu-61b790b985706b00072cb797.m3u8","",355
Dead,"BR – ESPORTES","AUTO TV","https://cdn.live.br1.jmvstream.com/webtv/txsneccr/playlist/playlist.m3u8","HTTP 404",1559
Geoblocked,"BR – ESPORTES","BAND SPORTS","https://cdn-5.nxplay.com.br/BAND_SPORTS/index.m3u8","HTTP 403",507
Alive,"BR – ESPORTES","BAND SPORTS [2]","http://45.162.64.114/BAND_SPORTS/index.m3u8","",1176
Alive,"BR – ESPORTES","BAND SPORTS [3]","http://45.190.28.50/BAND_SPORTS_HD/index.m3u8","",1111
Geoblocked,"BR – ESPORTES","BAND SPORTS [4]","http://138.255.2.6:8084/BANDSPORTS/index.m3u8","HTTP 403",297
Alive,"BR – ESPORTES","BAND SPORTS [5]","http://170.83.16.50/BAND_SPORTS/index.m3u8","",1141
Alive,"BR – ESPORTES","BAND SPORTS [6]","http://170.83.49.66:8083/BANDSPORTSHD/index.m3u8","",1315
Dead,"BR – ESPORTES","BAND SPORTS [H265 ]","http://tjtor8411.com:80/Osiel123/Felicidade321/71802.ts","No data (insufficient stream data: 235 bytes)",292
Dead,"BR – ESPORTES","BAND SPORTS [H265 ] [2]","http://tjtor8411.com:80/010794/FXz1sY/71802.ts","No data (insufficient stream data: 235 bytes)",339
Dead,"BR – ESPORTES","BAND SPORTS FHD","http://tjtor8411.com:80/Osiel123/Felicidade321/71801.ts","No data (insufficient stream data: 235 bytes)",665
Dead,"BR – ESPORTES","BAND SPORTS FHD [2]","http://tjtor8411.com:80/010794/FXz1sY/71801.ts","No data (insufficient stream data: 235 bytes)",330
Dead,"BR – ESPORTES","BAND SPORTS H265","http://up.kiwi/351921603109/34939156/296492","HTTP 404",1509
Alive,"BR – ESPORTES","BAND SPORTS H265 [2]","http://up.kiwi/351921603109/34939156/145","",2238
Dead,"BR – ESPORTES","BAND SPORTS H265 [3]","http://tjtor8411.com:80/Osiel123/Felicidade321/103525.ts","No data (insufficient stream data: 235 bytes)",392
Dead,"BR – ESPORTES","BAND SPORTS H265 [4]","http://tjtor8411.com:80/010794/FXz1sY/103525.ts","No data (insufficient stream data: 235 bytes)",388
Alive,"BR – ESPORTES","BAND SPORTS HD","http://up.kiwi/351921603109/34939156/147","",2120
Alive,"BR – ESPORTES","BAND SPORTS HD [2]","http://up.kiwi/351921603109/34939156/296480","",2930
Dead,"BR – ESPORTES","BAND SPORTS HD [3]","http://tjtor8411.com:80/Osiel123/Felicidade321/71803.ts","No data (insufficient stream data: 235 bytes)",310
Dead,"BR – ESPORTES","BAND SPORTS HD [4]","http://tjtor8411.com:80/010794/FXz1sY/71803.ts","No data (insufficient stream data: 235 bytes)",442
Alive,"BR – ESPORTES","BAND SPORTS HD [5]","http://185.152.67.187:14474/","",78
Alive,"BR – ESPORTES","BAND SPORTS HD [6]","http://streamer.sattvacabo.com.br/BAND_SPORTS_HD/index.m3u8?token=TLGacFXd0gIXIuo2u8Zj7f4FE5J2vtgf","",1249
Alive,"BR – ESPORTES","BAND SPORTS SD","http://up.kiwi/351921603109/34939156/149","",2434
Alive,"BR – ESPORTES","BAND SPORTS SD [2]","http://up.kiwi/351921603109/34939156/296481","",4421
Dead,"BR – ESPORTES","BAND SPORTS SD [3]","http://tjtor8411.com:80/Osiel123/Felicidade321/71804.ts","No data (insufficient stream data: 235 bytes)",383
Dead,"BR – ESPORTES","BAND SPORTS SD [4]","http://tjtor8411.com:80/010794/FXz1sY/71804.ts","No data (insufficient stream data: 235 bytes)",225
Dead,"BR – ESPORTES","BJJ STARS FHD","http://tjtor8411.com:80/Osiel123/Felicidade321/159276.ts","No data (insufficient stream data: 235 bytes)",253
Dead,"BR – ESPORTES","BJJ STARS FHD [2]","http://tjtor8411.com:80/010794/FXz1sY/159276.ts","No data (insufficient stream data: 235 bytes)",328
Dead,"BR – ESPORTES","BJJ STARS HD","http://tjtor8411.com:80/Osiel123/Felicidade321/159277.ts","No data (insufficient stream data: 235 bytes)",328
Dead,"BR – ESPORTES","BJJ STARS HD [2]","http://tjtor8411.com:80/010794/FXz1sY/159277.ts","No data (insufficient stream data: 235 bytes)",417
Dead,"BR – ESPORTES","BJJ STARS SD","http://tjtor8411.com:80/Osiel123/Felicidade321/159278.ts","No data (insufficient stream data: 235 bytes)",363
Dead,"BR – ESPORTES","BJJ STARS SD [2]","http://tjtor8411.com:80/010794/FXz1sY/159278.ts","No data (insufficient stream data: 235 bytes)",300
Dead,"BR – ESPORTES","CANAL DO INTER","https://video01.soultv.com.br/internacional/internacional/playlist.m3u8","Timeout",20212
Dead,"BR – ESPORTES","CANAL OFF","http://170.82.202.31/OFF/index.m3u8","Timeout",20022
Alive,"BR – ESPORTES","DESEMPEDIDO FHD","https://cc-vvkv6xjfc6w5v.akamaized.net/ogc/desi/desi_h265.m3u8","",1762
Alive,"BR – ESPORTES","DESEMPEDIDO HD","https://cc-vvkv6xjfc6w5v.akamaized.net/ogc/desi/desi.m3u8","",2619
Geoblocked,"BR – ESPORTES","DISNEY PLUS","https://cr7v.short.gy/ManoTVD/75991634025/index.m3u8","HTTP 403",357
Geoblocked,"BR – ESPORTES","DISNEY PLUS 2","https://cr7v.short.gy/ManoTVD2/75991634025/index.m3u8","HTTP 403",350
Dead,"BR – ESPORTES","ELEVEN SPORTS 1 HD","http://94.130.32.19:8080/dazn1/index.m3u8","Timeout",20019
Dead,"BR – ESPORTES","ELEVEN SPORTS 2 HD","http://94.130.32.19:8080/dazn2/index.m3u8","Timeout",20024
Dead,"BR – ESPORTES","ELEVEN SPORTS 3 HD","http://94.130.32.19:8080/dazn3/index.m3u8","Timeout",20023
Dead,"BR – ESPORTES","ELEVEN SPORTS 4 HD","http://94.130.32.19:8080/dazn4/index.m3u8","Timeout",20017
Alive,"BR – ESPORTES","ESPN","http://181.78.197.59:8000/play/a07z/index.m3u8","",949
Dead,"BR – ESPORTES","ESPN 2 [H265 ]","http://tjtor8411.com:80/Osiel123/Felicidade321/71920.ts","No data (insufficient stream data: 235 bytes)",354
Dead,"BR – ESPORTES","ESPN 2 [H265 ] [2]","http://tjtor8411.com:80/010794/FXz1sY/71920.ts","No data (insufficient stream data: 235 bytes)",322
Dead,"BR – ESPORTES","ESPN 2 FHD","http://tjtor8411.com:80/Osiel123/Felicidade321/71919.ts","No data (insufficient stream data: 235 bytes)",294
Dead,"BR – ESPORTES","ESPN 2 FHD [2]","http://tjtor8411.com:80/010794/FXz1sY/71919.ts","No data (insufficient stream data: 235 bytes)",315
Dead,"BR – ESPORTES","ESPN 2 H265","http://up.kiwi/351921603109/34939156/477","HTTP 404",1349
Alive,"BR – ESPORTES","ESPN 2 H265 [2]","http://up.kiwi/351921603109/34939156/475","",2810
Dead,"BR – ESPORTES","ESPN 2 H265 [3]","http://tjtor8411.com:80/Osiel123/Felicidade321/71921.ts","No data (insufficient stream data: 235 bytes)",255
Dead,"BR – ESPORTES","ESPN 2 H265 [4]","http://tjtor8411.com:80/010794/FXz1sY/71921.ts","No data (insufficient stream data: 235 bytes)",268
Dead,"BR – ESPORTES","ESPN 2 HD","http://up.kiwi/351921603109/34939156/296550","HTTP 404",1218
Dead,"BR – ESPORTES","ESPN 2 HD [2]","http://tjtor8411.com:80/Osiel123/Felicidade321/71922.ts","No data (insufficient stream data: 235 bytes)",301
Dead,"BR – ESPORTES","ESPN 2 HD [3]","http://tjtor8411.com:80/010794/FXz1sY/71922.ts","No data (insufficient stream data: 235 bytes)",389
Geoblocked,"BR – ESPORTES","ESPN 2 HD [4]","https://megaflix.mgfiles.lat/cadf8e414c69e94d452c511a9ee0870b/file.m3u8","HTTP 403",84
Geoblocked,"BR – ESPORTES","ESPN 2 HD [5]","https://megaflix.mgfiles.lat/05457945d40b0410cd8ba5174cb7c29b/file.m3u8","HTTP 403",147
Alive,"BR – ESPORTES","ESPN 2 SD","http://up.kiwi/351921603109/34939156/296551","",2014
Dead,"BR – ESPORTES","ESPN 2 SD [2]","http://tjtor8411.com:80/Osiel123/Felicidade321/71923.ts","No data (insufficient stream data: 235 bytes)",316
Dead,"BR – ESPORTES","ESPN 2 SD [3]","http://tjtor8411.com:80/010794/FXz1sY/71923.ts","No data (insufficient stream data: 235 bytes)",313
Alive,"BR – ESPORTES","ESPN 3","http://190.83.2.182:8090/ESPN3/index.m3u8","",522
Alive,"BR – ESPORTES","ESPN 3 [2]","http://181.78.197.59:8000/play/a081/index.m3u8","",951
Dead,"BR – ESPORTES","ESPN 3 [H265 ]","http://tjtor8411.com:80/Osiel123/Felicidade321/71908.ts","No data (insufficient stream data: 235 bytes)",334
Dead,"BR – ESPORTES","ESPN 3 [H265 ] [2]","http://tjtor8411.com:80/010794/FXz1sY/71908.ts","No data (insufficient stream data: 235 bytes)",362
Dead,"BR – ESPORTES","ESPN 3 FHD","http://tjtor8411.com:80/Osiel123/Felicidade321/71907.ts","No data (insufficient stream data: 235 bytes)",333
Dead,"BR – ESPORTES","ESPN 3 FHD [2]","http://tjtor8411.com:80/010794/FXz1sY/71907.ts","No data (insufficient stream data: 235 bytes)",374
Alive,"BR – ESPORTES","ESPN 3 H265","http://up.kiwi/351921603109/34939156/299670","",2006
Alive,"BR – ESPORTES","ESPN 3 H265 [2]","http://up.kiwi/351921603109/34939156/481","",2246
Dead,"BR – ESPORTES","ESPN 3 H265 [3]","http://tjtor8411.com:80/Osiel123/Felicidade321/103504.ts","No data (insufficient stream data: 235 bytes)",295
Dead,"BR – ESPORTES","ESPN 3 H265 [4]","http://tjtor8411.com:80/010794/FXz1sY/103504.ts","No data (insufficient stream data: 235 bytes)",335
Alive,"BR – ESPORTES","ESPN 3 HD","http://up.kiwi/351921603109/34939156/296552","",2512
Dead,"BR – ESPORTES","ESPN 3 HD [2]","http://tjtor8411.com:80/Osiel123/Felicidade321/71909.ts","No data (insufficient stream data: 235 bytes)",348
Dead,"BR – ESPORTES","ESPN 3 HD [3]","http://tjtor8411.com:80/010794/FXz1sY/71909.ts","No data (insufficient stream data: 235 bytes)",336
Geoblocked,"BR – ESPORTES","ESPN 3 HD [4]","https://megaflix.mgfiles.lat/8b761b4ea8cb7921d27fae1ad1e8562c/file.m3u8","HTTP 403",89
Alive,"BR – ESPORTES","ESPN 3 SD","http://up.kiwi/351921603109/34939156/296553","",6515
Dead,"BR – ESPORTES","ESPN 3 SD [2]","http://tjtor8411.com:80/Osiel123/Felicidade321/71910.ts","No data (insufficient stream data: 235 bytes)",332
Dead,"BR – ESPORTES","ESPN 3 SD [3]","http://tjtor8411.com:80/010794/FXz1sY/71910.ts","No data (insufficient stream data: 235 bytes)",284
Alive,"BR – ESPORTES","ESPN 4","http://181.78.197.59:8000/play/a07n/index.m3u8","",950
Dead,"BR – ESPORTES","ESPN 4 [H265 ]","http://tjtor8411.com:80/Osiel123/Felicidade321/71958.ts","No data (insufficient stream data: 235 bytes)",288
Dead,"BR – ESPORTES","ESPN 4 [H265 ] [2]","http://tjtor8411.com:80/010794/FXz1sY/71958.ts","No data (insufficient stream data: 235 bytes)",343
Dead,"BR – ESPORTES","ESPN 4 FHD","http://up.kiwi/351921603109/34939156/487","HTTP 502",3459
Dead,"BR – ESPORTES","ESPN 4 FHD [2]","http://tjtor8411.com:80/Osiel123/Felicidade321/71957.ts","No data (insufficient stream data: 235 bytes)",416
Dead,"BR – ESPORTES","ESPN 4 FHD [3]","http://tjtor8411.com:80/010794/FXz1sY/71957.ts","No data (insufficient stream data: 235 bytes)",351
Alive,"BR – ESPORTES","ESPN 4 H265","http://up.kiwi/351921603109/34939156/299669","",3059
Dead,"BR – ESPORTES","ESPN 4 H265 [2]","http://tjtor8411.com:80/Osiel123/Felicidade321/71959.ts","No data (insufficient stream data: 235 bytes)",304
Dead,"BR – ESPORTES","ESPN 4 H265 [3]","http://tjtor8411.com:80/010794/FXz1sY/71959.ts","No data (insufficient stream data: 235 bytes)",258
Dead,"BR – ESPORTES","ESPN 4 HD","http://up.kiwi/351921603109/34939156/489","HTTP 404",1701
Alive,"BR – ESPORTES","ESPN 4 HD [2]","http://up.kiwi/351921603109/34939156/296554","",2317
Dead,"BR – ESPORTES","ESPN 4 HD [3]","http://tjtor8411.com:80/Osiel123/Felicidade321/71960.ts","No data (insufficient stream data: 235 bytes)",318
Dead,"BR – ESPORTES","ESPN 4 HD [4]","http://tjtor8411.com:80/010794/FXz1sY/71960.ts","No data (insufficient stream data: 235 bytes)",246
Alive,"BR – ESPORTES","ESPN 4 HD [5]","http://45.162.64.114:80/ESPN_4/index.m3u8","",1181
Geoblocked,"BR – ESPORTES","ESPN 4 HD [6]","https://megaflix.mgfiles.lat/a376a8f7b149313638d20fab6a09e1ed/file.m3u8","HTTP 403",140
Alive,"BR – ESPORTES","ESPN 4 SD","http://up.kiwi/351921603109/34939156/491","",2409
Alive,"BR – ESPORTES","ESPN 4 SD [2]","http://up.kiwi/351921603109/34939156/296555","",3197
Dead,"BR – ESPORTES","ESPN 4 SD [3]","http://tjtor8411.com:80/Osiel123/Felicidade321/71961.ts","No data (insufficient stream data: 235 bytes)",330
Dead,"BR – ESPORTES","ESPN 4 SD [4]","http://tjtor8411.com:80/010794/FXz1sY/71961.ts","No data (insufficient stream data: 235 bytes)",429
Dead,"BR – ESPORTES","ESPN 5 [H265 ]","http://tjtor8411.com:80/Osiel123/Felicidade321/71953.ts","No data (insufficient stream data: 235 bytes)",264
Dead,"BR – ESPORTES","ESPN 5 [H265 ] [2]","http://tjtor8411.com:80/010794/FXz1sY/71953.ts","No data (insufficient stream data: 235 bytes)",324
Dead,"BR – ESPORTES","ESPN 5 FHD","http://tjtor8411.com:80/Osiel123/Felicidade321/71952.ts","No data (insufficient stream data: 235 bytes)",423
Dead,"BR – ESPORTES","ESPN 5 FHD [2]","http://tjtor8411.com:80/010794/FXz1sY/71952.ts","No data (insufficient stream data: 235 bytes)",265
Alive,"BR – ESPORTES","ESPN 5 H265","http://up.kiwi/351921603109/34939156/495","",2084
Alive,"BR – ESPORTES","ESPN 5 H265 [2]","http://up.kiwi/351921603109/34939156/493","",2051
Dead,"BR – ESPORTES","ESPN 5 H265 [3]","http://tjtor8411.com:80/Osiel123/Felicidade321/71954.ts","No data (insufficient stream data: 235 bytes)",340
Dead,"BR – ESPORTES","ESPN 5 H265 [4]","http://tjtor8411.com:80/010794/FXz1sY/71954.ts","No data (insufficient stream data: 235 bytes)",354
Alive,"BR – ESPORTES","ESPN 5 HD","http://up.kiwi/351921603109/34939156/296556","",2689
Dead,"BR – ESPORTES","ESPN 5 HD [2]","http://tjtor8411.com:80/Osiel123/Felicidade321/71955.ts","No data (insufficient stream data: 235 bytes)",500
Dead,"BR – ESPORTES","ESPN 5 HD [3]","http://tjtor8411.com:80/010794/FXz1sY/71955.ts","No data (insufficient stream data: 235 bytes)",384
Geoblocked,"BR – ESPORTES","ESPN 5 HD [4]","https://megaflix.mgfiles.lat/b58cf405a578df66366a2e74b3905b49/file.m3u8","HTTP 403",95
Dead,"BR – ESPORTES","ESPN 5 HD ALT","http://up.kiwi/351921603109/34939156/497","HTTP 404",1611
Alive,"BR – ESPORTES","ESPN 5 SD","http://up.kiwi/351921603109/34939156/296557","",2661
Dead,"BR – ESPORTES","ESPN 5 SD [2]","http://tjtor8411.com:80/Osiel123/Felicidade321/71956.ts","No data (insufficient stream data: 235 bytes)",391
Dead,"BR – ESPORTES","ESPN 5 SD [3]","http://tjtor8411.com:80/010794/FXz1sY/71956.ts","No data (insufficient stream data: 235 bytes)",364
Dead,"BR – ESPORTES","ESPN 6 [H265 ]","http://tjtor8411.com:80/Osiel123/Felicidade321/71916.ts","No data (insufficient stream data: 235 bytes)",404
Dead,"BR – ESPORTES","ESPN 6 [H265 ] [2]","http://tjtor8411.com:80/010794/FXz1sY/71916.ts","No data (insufficient stream data: 235 bytes)",368
Alive,"BR – ESPORTES","ESPN 6 FHD","http://up.kiwi/351921603109/34939156/305234","",2221
Dead,"BR – ESPORTES","ESPN 6 FHD [2]","http://tjtor8411.com:80/Osiel123/Felicidade321/71915.ts","No data (insufficient stream data: 235 bytes)",351
Dead,"BR – ESPORTES","ESPN 6 FHD [3]","http://tjtor8411.com:80/010794/FXz1sY/71915.ts","No data (insufficient stream data: 235 bytes)",342
Alive,"BR – ESPORTES","ESPN 6 H265","http://up.kiwi/351921603109/34939156/305236","",2204
Dead,"BR – ESPORTES","ESPN 6 H265 [2]","http://tjtor8411.com:80/Osiel123/Felicidade321/103505.ts","No data (insufficient stream data: 235 bytes)",377
Dead,"BR – ESPORTES","ESPN 6 H265 [3]","http://tjtor8411.com:80/010794/FXz1sY/103505.ts","No data (insufficient stream data: 235 bytes)",348
Dead,"BR – ESPORTES","ESPN 6 HD","http://up.kiwi/351921603109/34939156/296558","HTTP 502",4218
Dead,"BR – ESPORTES","ESPN 6 HD [2]","http://tjtor8411.com:80/Osiel123/Felicidade321/71917.ts","No data (insufficient stream data: 235 bytes)",282
Dead,"BR – ESPORTES","ESPN 6 HD [3]","http://tjtor8411.com:80/010794/FXz1sY/71917.ts","No data (insufficient stream data: 235 bytes)",247
Alive,"BR – ESPORTES","ESPN 6 HD [4]","http://hls1.sua.tv:80/live/espnextrafhd/s.m3u8","",969
Alive,"BR – ESPORTES","ESPN 6 SD","http://up.kiwi/351921603109/34939156/296559","",2072
Dead,"BR – ESPORTES","ESPN 6 SD [2]","http://tjtor8411.com:80/Osiel123/Felicidade321/71918.ts","No data (insufficient stream data: 235 bytes)",305
Dead,"BR – ESPORTES","ESPN 6 SD [3]","http://tjtor8411.com:80/010794/FXz1sY/71918.ts","No data (insufficient stream data: 235 bytes)",319
Alive,"BR – ESPORTES","ESPN [2]","http://190.83.2.182:8090/ESPN/index.m3u8","",489
Dead,"BR – ESPORTES","ESPN [H265 ]","http://tjtor8411.com:80/Osiel123/Felicidade321/71912.ts","No data (insufficient stream data: 235 bytes)",276
Dead,"BR – ESPORTES","ESPN [H265 ] [2]","http://tjtor8411.com:80/010794/FXz1sY/71912.ts","No data (insufficient stream data: 235 bytes)",390
Dead,"BR – ESPORTES","ESPN FHD","http://up.kiwi/351921603109/34939156/296354","HTTP 502",4157
Dead,"BR – ESPORTES","ESPN FHD [2]","http://tjtor8411.com:80/Osiel123/Felicidade321/71911.ts","No data (insufficient stream data: 235 bytes)",243
Dead,"BR – ESPORTES","ESPN FHD [3]","http://tjtor8411.com:80/010794/FXz1sY/71911.ts","No data (insufficient stream data: 235 bytes)",343
Geoblocked,"BR – ESPORTES","ESPN FHD [4]","https://cr7v.short.gy/manoiTVOP2/spnHD²/Index.m3u8","HTTP 403",289
Alive,"BR – ESPORTES","ESPN H265","http://up.kiwi/351921603109/34939156/299671","",2204
Alive,"BR – ESPORTES","ESPN H265 [2]","http://up.kiwi/351921603109/34939156/504","",2407
Dead,"BR – ESPORTES","ESPN H265 [3]","http://tjtor8411.com:80/Osiel123/Felicidade321/90640.ts","No data (insufficient stream data: 235 bytes)",328
Dead,"BR – ESPORTES","ESPN H265 [4]","http://tjtor8411.com:80/010794/FXz1sY/90640.ts","No data (insufficient stream data: 235 bytes)",225
Dead,"BR – ESPORTES","ESPN HD","http://up.kiwi/351921603109/34939156/506","HTTP 404",1023
Alive,"BR – ESPORTES","ESPN HD [2]","http://up.kiwi/351921603109/34939156/296355","",2280
Dead,"BR – ESPORTES","ESPN HD [3]","http://tjtor8411.com:80/Osiel123/Felicidade321/71913.ts","No data (insufficient stream data: 235 bytes)",238
Dead,"BR – ESPORTES","ESPN HD [4]","http://tjtor8411.com:80/010794/FXz1sY/71913.ts","No data (insufficient stream data: 235 bytes)",312
Geoblocked,"BR – ESPORTES","ESPN HD [5]","https://cr7v.short.gy/live25/spn/Index.m3u8","HTTP 403",398
Alive,"BR – ESPORTES","ESPN SD","http://up.kiwi/351921603109/34939156/508","",2220
Alive,"BR – ESPORTES","ESPN SD [2]","http://up.kiwi/351921603109/34939156/296356","",2248
Dead,"BR – ESPORTES","ESPN SD [3]","http://tjtor8411.com:80/Osiel123/Felicidade321/71914.ts","No data (insufficient stream data: 235 bytes)",327
Dead,"BR – ESPORTES","ESPN SD [4]","http://tjtor8411.com:80/010794/FXz1sY/71914.ts","No data (insufficient stream data: 235 bytes)",299
Dead,"BR – ESPORTES","ESPORTES BRASÍLIA","https://a.cdni.live/radioesporte/radioesporte/chunklist_w1002148111.m3u8?ManoTV","Timeout",20036
Alive,"BR – ESPORTES","FUEL TV","https://cdn-uw2-prod.tsv2.amagi.tv/linear/amg01074-fueltv-fueltvbr-samsungbr/playlist.m3u8","",1217
Dead,"BR – ESPORTES","FURACAO LIVE FHD","http://tjtor8411.com:80/Osiel123/Felicidade321/192079.ts","No data (insufficient stream data: 235 bytes)",317
Dead,"BR – ESPORTES","FURACAO LIVE HD","http://tjtor8411.com:80/Osiel123/Felicidade321/192080.ts","No data (insufficient stream data: 235 bytes)",396
Alive,"BR – ESPORTES","GE FAST","https://amg00716-globo-amg00716c1-tcl-br-9495.playouts.now.amagi.tv/playlist.m3u8","",680
Alive,"BR – ESPORTES","GE FAST [2]","https://dfr80qz435crc.cloudfront.net/EFGH/Amagi/Globo/GE_Fast_BR/GE_Fast.m3u8","",521
Alive,"BR – ESPORTES","GE TV HD (LG TV)","https://amg00716-globo-amg00716c1-lg-br-9609.playouts.now.amagi.tv/playlist/amg00716-globo-gefast-lgbr/playlist.m3u8?ads.deviceid=[DEVICE_ID]&ads.ifa=[IFA]&ads.ifatype=[IFA_TYPE]&ads.lat=[LMT]&ads.donotsell=[DNS]&ads.ua=[UA]&ads.ip=[IP]&ads.gdpr=[GDPR]&ads.gdprconsent=[GDPR_CONSENT]&ads.country=[COUNTRY]&ads.usprivacy=[US_PRIVACY]&ads.appstoreurl=[APP_STOREURL]&ads.bundleid=[APP_BUNDLE]&ads.appname=[APP_NAME]&ads.appversion=[APP_VERSION]&ads.devicetype=[DEVICE_TYPE]&ads.devicemake=[DEVICE_MAKE]&ads.devicemodel=[DEVICE_MODEL]&ads.targetad=[TARGETAD_ALLOWED]&ads.fck=[FCK]&ads.viewsize=[VIEWSIZE]&ads.givn=[NONCE]","",845
Dead,"BR – ESPORTES","LA LIGA","https://d3bb58xoj568xi.cloudfront.net/v1/master/3722c60a815c199d9c0ef36c5b73da68a62b09d1/cc-don7i7nmbho0q/index.m3u8?ads.device_did=%7BPSID%7D&ads.device_dnt=%7BTARGETOPT%7D&ads.app_domain=%7BAPP_DOMAIN%7D&ads.app_name=%7BAPP_NAME%7D&ads.consent=%7BTC_STRING%7D&ads.ssai_vendor=SSSLIVE&ads.service_id=ESBD3600001Q1","HTTP 504",1066
Dead,"BR – ESPORTES","LEAGUE CUP FHD","http://tjtor8411.com:80/Osiel123/Felicidade321/203509.ts","No data (insufficient stream data: 235 bytes)",402
Dead,"BR – ESPORTES","LEAGUE CUP HD","http://tjtor8411.com:80/Osiel123/Felicidade321/203510.ts","No data (insufficient stream data: 235 bytes)",397
Dead,"BR – ESPORTES","LEAGUE CUP SD","http://tjtor8411.com:80/Osiel123/Felicidade321/203511.ts","No data (insufficient stream data: 235 bytes)",409
Geoblocked,"BR – ESPORTES","MAX 5","https://cr7v.short.gy/live/JOGOO8/Index.m3u8","HTTP 403",391
Dead,"BR – ESPORTES","MAX 5 FHD","http://tjtor8411.com:80/Osiel123/Felicidade321/140508.ts","No data (insufficient stream data: 235 bytes)",385
Dead,"BR – ESPORTES","MAX 5 FHD [2]","http://tjtor8411.com:80/010794/FXz1sY/140508.ts","No data (insufficient stream data: 235 bytes)",366
Dead,"BR – ESPORTES","MAX 5 HD","http://tjtor8411.com:80/Osiel123/Felicidade321/130196.ts","No data (insufficient stream data: 235 bytes)",352
Dead,"BR – ESPORTES","MAX 5 HD [2]","http://tjtor8411.com:80/010794/FXz1sY/130196.ts","No data (insufficient stream data: 235 bytes)",377
Dead,"BR – ESPORTES","MAX 5 SD","http://tjtor8411.com:80/Osiel123/Felicidade321/140514.ts","No data (insufficient stream data: 235 bytes)",354
Dead,"BR – ESPORTES","MAX 5 SD [2]","http://tjtor8411.com:80/010794/FXz1sY/140514.ts","No data (insufficient stream data: 235 bytes)",276
Dead,"BR – ESPORTES","MOTORVISION FHD","https://mvg-mv-pt.otteravision.com/mvg/mv_pt/mv_pt.m3u8","DNS failure",172
Alive,"BR – ESPORTES","MOTORVISION |PT HD","https://stream.ads.ottera.tv/playlist.m3u8?network_id=2182","",524
Dead,"BR – ESPORTES","MR. OLYMPIA TV FHD","http://tjtor8411.com:80/Osiel123/Felicidade321/289535.ts","No data (insufficient stream data: 235 bytes)",357
Dead,"BR – ESPORTES","MR. OLYMPIA TV HD","http://tjtor8411.com:80/Osiel123/Felicidade321/289536.ts","No data (insufficient stream data: 235 bytes)",431
Dead,"BR – ESPORTES","MR. OLYMPIA TV SD","http://tjtor8411.com:80/Osiel123/Felicidade321/289537.ts","No data (insufficient stream data: 235 bytes)",448
Alive,"BR – ESPORTES","N SPORTS","https://ogc-nsprt-tcl-roku-syndication.otteravision.com/ogc/nsprt/nsprt.m3u8","",304
Alive,"BR – ESPORTES","NSPORTS 1 PPV HD","http://up.kiwi/351921603109/34939156/812","",5207
Alive,"BR – ESPORTES","NSPORTS 2 PPV HD","http://up.kiwi/351921603109/34939156/814","",23076
Alive,"BR – ESPORTES","NSPORTS 3 PPV HD","http://up.kiwi/351921603109/34939156/815","",7000
Alive,"BR – ESPORTES","NSPORTS 4 PPV HD","http://up.kiwi/351921603109/34939156/816","",1956
Dead,"BR – ESPORTES","NSPORTS 5 PPV HD","http://up.kiwi/351921603109/34939156/817","HTTP 404",956
Dead,"BR – ESPORTES","NSPORTS 6 PPV HD","http://up.kiwi/351921603109/34939156/818","HTTP 404",995
Alive,"BR – ESPORTES","NSPORTS 7 PPV HD","http://up.kiwi/351921603109/34939156/819","",2075
Alive,"BR – ESPORTES","NSPORTS FHD","http://up.kiwi/351921603109/34939156/296484","",3711
Alive,"BR – ESPORTES","NSPORTS FHD [2]","https://cc-zv5hyc9jj47n5.akamaized.net/ogc/nsprt/nsprt_h265.m3u8","",3502
Dead,"BR – ESPORTES","NSPORTS HD","http://up.kiwi/351921603109/34939156/296485","HTTP 503",2196
Alive,"BR – ESPORTES","NSPORTS HD [2]","https://ogc-nsprt-tcl-roku-syndication.otteravision.com/ogc/nsprt/nsprt_720p.m3u8","",345
Dead,"BR – ESPORTES","OFF [H265 ]","http://tjtor8411.com:80/Osiel123/Felicidade321/72210.ts","No data (insufficient stream data: 235 bytes)",396
Dead,"BR – ESPORTES","OFF [H265 ] [2]","http://tjtor8411.com:80/010794/FXz1sY/72210.ts","No data (insufficient stream data: 235 bytes)",400
Dead,"BR – ESPORTES","OFF FHD","http://tjtor8411.com:80/Osiel123/Felicidade321/72209.ts","No data (insufficient stream data: 235 bytes)",382
Dead,"BR – ESPORTES","OFF FHD [2]","http://tjtor8411.com:80/010794/FXz1sY/72209.ts","No data (insufficient stream data: 235 bytes)",454
Dead,"BR – ESPORTES","OFF H265","http://up.kiwi/351921603109/34939156/822","HTTP 502",3239
Dead,"BR – ESPORTES","OFF H265 [2]","http://tjtor8411.com:80/Osiel123/Felicidade321/90240.ts","No data (insufficient stream data: 235 bytes)",341
Dead,"BR – ESPORTES","OFF H265 [3]","http://tjtor8411.com:80/010794/FXz1sY/90240.ts","No data (insufficient stream data: 235 bytes)",439
Dead,"BR – ESPORTES","OFF HD","http://up.kiwi/351921603109/34939156/824","HTTP 502",3471
Dead,"BR – ESPORTES","OFF HD [2]","http://tjtor8411.com:80/Osiel123/Felicidade321/72211.ts","No data (insufficient stream data: 235 bytes)",874
Dead,"BR – ESPORTES","OFF HD [3]","http://tjtor8411.com:80/010794/FXz1sY/72211.ts","No data (insufficient stream data: 235 bytes)",507
Dead,"BR – ESPORTES","OFF SD","http://up.kiwi/351921603109/34939156/826","HTTP 404",948
Dead,"BR – ESPORTES","OFF SD [2]","http://tjtor8411.com:80/Osiel123/Felicidade321/72212.ts","No data (insufficient stream data: 235 bytes)",368
Dead,"BR – ESPORTES","OFF SD [3]","http://tjtor8411.com:80/010794/FXz1sY/72212.ts","No data (insufficient stream data: 235 bytes)",378
Dead,"BR – ESPORTES","PONTV","https://video01.soultv.com.br/pontepreta/pontepreta/playlist.m3u8","Timeout",20345
Alive,"BR – ESPORTES","RACER BRASIL","https://dfr80qz435crc.cloudfront.net/EFGH/Amagi/7N_Sports/MAVTV_Brasil_BR/MAVTV_Brasil.m3u8","",470
Alive,"BR – ESPORTES","RACER BRASIL [2]","https://jmp2.uk/plu-65a6818c7bdc8d0008457b21.m3u8","",923
Alive,"BR – ESPORTES","REALMADRID TV","https://jmp2.uk/plu-63dac28760bc8f0008a7654b.m3u8","",473
Dead,"BR – ESPORTES","SPORTTV 1 FHD","http://dns.explouddev.com:80/632270679/F823j7133R/111995","HTTP 404",738
Dead,"BR – ESPORTES","SPORTTV 2 FHD","http://dns.explouddev.com:80/632270679/F823j7133R/111998","HTTP 404",731
Dead,"BR – ESPORTES","SPORTTV 3 HD","http://dns.explouddev.com:80/632270679/F823j7133R/112000","HTTP 404",762
Dead,"BR – ESPORTES","SPORTTV 4 HD","http://dns.explouddev.com:80/632270679/F823j7133R/112002","HTTP 404",760
Dead,"BR – ESPORTES","SPORTTV 5 HD","http://dns.explouddev.com:80/632270679/F823j7133R/112004","HTTP 404",705
Dead,"BR – ESPORTES","SPORTV 2 [H265 ]","http://tjtor8411.com:80/Osiel123/Felicidade321/131147.ts","No data (insufficient stream data: 235 bytes)",399
Dead,"BR – ESPORTES","SPORTV 2 [H265 ] [2]","http://tjtor8411.com:80/010794/FXz1sY/131147.ts","No data (insufficient stream data: 235 bytes)",376
Dead,"BR – ESPORTES","SPORTV 2 FHD","http://up.kiwi/351921603109/34939156/296210","HTTP 404",1046
Dead,"BR – ESPORTES","SPORTV 2 FHD [2]","http://tjtor8411.com:80/Osiel123/Felicidade321/72321.ts","No data (insufficient stream data: 235 bytes)",442
Dead,"BR – ESPORTES","SPORTV 2 FHD [3]","http://tjtor8411.com:80/010794/FXz1sY/72321.ts","No data (insufficient stream data: 235 bytes)",535
Dead,"BR – ESPORTES","SPORTV 2 H265","http://tjtor8411.com:80/Osiel123/Felicidade321/103472.ts","No data (insufficient stream data: 235 bytes)",455
Dead,"BR – ESPORTES","SPORTV 2 H265 [2]","http://tjtor8411.com:80/010794/FXz1sY/103472.ts","No data (insufficient stream data: 235 bytes)",352
Alive,"BR – ESPORTES","SPORTV 2 HD","http://up.kiwi/351921603109/34939156/1221","",1957
Alive,"BR – ESPORTES","SPORTV 2 HD [2]","http://up.kiwi/351921603109/34939156/296209","",1977
Dead,"BR – ESPORTES","SPORTV 2 HD [3]","http://tjtor8411.com:80/Osiel123/Felicidade321/131176.ts","No data (insufficient stream data: 235 bytes)",432
Dead,"BR – ESPORTES","SPORTV 2 HD [4]","http://tjtor8411.com:80/010794/FXz1sY/131176.ts","No data (insufficient stream data: 235 bytes)",465
Geoblocked,"BR – ESPORTES","SPORTV 2 HD [5]","https://megaflix.mgfiles.lat/fd2819110f2f7830b46749d1176b3e78/file.m3u8","HTTP 403",142
Alive,"BR – ESPORTES","SPORTV 2 SD","http://up.kiwi/351921603109/34939156/1223","",1995
Alive,"BR – ESPORTES","SPORTV 2 SD [2]","http://up.kiwi/351921603109/34939156/296215","",3884
Dead,"BR – ESPORTES","SPORTV 2 SD [3]","http://tjtor8411.com:80/Osiel123/Felicidade321/72324.ts","No data (insufficient stream data: 235 bytes)",441
Dead,"BR – ESPORTES","SPORTV 2 SD [4]","http://tjtor8411.com:80/010794/FXz1sY/72324.ts","No data (insufficient stream data: 235 bytes)",289
Dead,"BR – ESPORTES","SPORTV 2 UHD","http://up.kiwi/351921603109/34939156/1219","HTTP 503",2034
Alive,"BR – ESPORTES","SPORTV 3","http://170.83.49.66:8083/SPORTV3HD/index.m3u8","",1305
Dead,"BR – ESPORTES","SPORTV 3 [H265 ]","http://tjtor8411.com:80/Osiel123/Felicidade321/72326.ts","No data (insufficient stream data: 235 bytes)",348
Dead,"BR – ESPORTES","SPORTV 3 [H265 ] [2]","http://tjtor8411.com:80/010794/FXz1sY/72326.ts","No data (insufficient stream data: 235 bytes)",255
Dead,"BR – ESPORTES","SPORTV 3 FHD","http://tjtor8411.com:80/Osiel123/Felicidade321/72325.ts","No data (insufficient stream data: 235 bytes)",303
Dead,"BR – ESPORTES","SPORTV 3 FHD [2]","http://tjtor8411.com:80/010794/FXz1sY/72325.ts","No data (insufficient stream data: 235 bytes)",256
Geoblocked,"BR – ESPORTES","SPORTV 3 FHD [3]","https://cr7v.short.gy/FuncionaSoquandoTemF1/ManoTVfree.m3u8","HTTP 403",273
Alive,"BR – ESPORTES","SPORTV 3 H265","http://up.kiwi/351921603109/34939156/1224","",4689
Alive,"BR – ESPORTES","SPORTV 3 HD","http://up.kiwi/351921603109/34939156/1226","",3969
Dead,"BR – ESPORTES","SPORTV 3 HD [2]","http://up.kiwi/351921603109/34939156/296212","HTTP 503",1501
Dead,"BR – ESPORTES","SPORTV 3 HD [3]","http://tjtor8411.com:80/Osiel123/Felicidade321/131113.ts","No data (insufficient stream data: 235 bytes)",268
Dead,"BR – ESPORTES","SPORTV 3 HD [4]","http://tjtor8411.com:80/010794/FXz1sY/131113.ts","No data (insufficient stream data: 235 bytes)",259
Alive,"BR – ESPORTES","SPORTV 3 SD","http://up.kiwi/351921603109/34939156/1228","",2349
Alive,"BR – ESPORTES","SPORTV 3 SD [2]","http://up.kiwi/351921603109/34939156/296211","",3267
Dead,"BR – ESPORTES","SPORTV 3 SD [3]","http://tjtor8411.com:80/Osiel123/Felicidade321/131108.ts","No data (insufficient stream data: 235 bytes)",253
Dead,"BR – ESPORTES","SPORTV 3 SD [4]","http://tjtor8411.com:80/010794/FXz1sY/131108.ts","No data (insufficient stream data: 235 bytes)",285
Alive,"BR – ESPORTES","SPORTV 3 UHD","http://up.kiwi/351921603109/34939156/296213","",3273
Dead,"BR – ESPORTES","SPORTV 4 [H265 ]","http://tjtor8411.com:80/Osiel123/Felicidade321/276092.ts","No data (insufficient stream data: 235 bytes)",258
Dead,"BR – ESPORTES","SPORTV 4 FHD","http://tjtor8411.com:80/Osiel123/Felicidade321/276089.ts","No data (insufficient stream data: 235 bytes)",281
Dead,"BR – ESPORTES","SPORTV 4 H265","http://tjtor8411.com:80/Osiel123/Felicidade321/276093.ts","No data (insufficient stream data: 235 bytes)",351
Dead,"BR – ESPORTES","SPORTV 4 HD","http://tjtor8411.com:80/Osiel123/Felicidade321/276090.ts","No data (insufficient stream data: 235 bytes)",325
Dead,"BR – ESPORTES","SPORTV 4 SD","http://tjtor8411.com:80/Osiel123/Felicidade321/276091.ts","No data (insufficient stream data: 235 bytes)",291
Dead,"BR – ESPORTES","SPORTV [H265 ]","http://tjtor8411.com:80/Osiel123/Felicidade321/72330.ts","No data (insufficient stream data: 235 bytes)",323
Dead,"BR – ESPORTES","SPORTV [H265 ] [2]","http://tjtor8411.com:80/010794/FXz1sY/72330.ts","No data (insufficient stream data: 235 bytes)",274
Alive,"BR – ESPORTES","SPORTV FHD","http://up.kiwi/351921603109/34939156/305202","",3235
Alive,"BR – ESPORTES","SPORTV FHD [2]","http://up.kiwi/351921603109/34939156/296207","",5521
Dead,"BR – ESPORTES","SPORTV FHD [3]","http://tjtor8411.com:80/Osiel123/Felicidade321/72329.ts","No data (insufficient stream data: 235 bytes)",265
Dead,"BR – ESPORTES","SPORTV FHD [4]","http://tjtor8411.com:80/010794/FXz1sY/72329.ts","No data (insufficient stream data: 235 bytes)",278
Dead,"BR – ESPORTES","SPORTV H265","http://up.kiwi/351921603109/34939156/299681","HTTP 502",3881
Dead,"BR – ESPORTES","SPORTV H265 [2]","http://up.kiwi/351921603109/34939156/1229","HTTP 502",3736
Dead,"BR – ESPORTES","SPORTV H265 [3]","http://tjtor8411.com:80/Osiel123/Felicidade321/131188.ts","No data (insufficient stream data: 235 bytes)",301
Dead,"BR – ESPORTES","SPORTV H265 [4]","http://tjtor8411.com:80/010794/FXz1sY/131188.ts","No data (insufficient stream data: 235 bytes)",290
Alive,"BR – ESPORTES","SPORTV HD","http://up.kiwi/351921603109/34939156/1231","",2603
Dead,"BR – ESPORTES","SPORTV HD [2]","http://up.kiwi/351921603109/34939156/305203","HTTP 404",1518
Alive,"BR – ESPORTES","SPORTV HD [3]","http://up.kiwi/351921603109/34939156/296206","",2805
Dead,"BR – ESPORTES","SPORTV HD [4]","http://tjtor8411.com:80/Osiel123/Felicidade321/72332.ts","No data (insufficient stream data: 235 bytes)",333
Dead,"BR – ESPORTES","SPORTV HD [5]","http://tjtor8411.com:80/010794/FXz1sY/72332.ts","No data (insufficient stream data: 235 bytes)",294
Geoblocked,"BR – ESPORTES","SPORTV HD [6]","https://cr7v.short.gy/manoiTVOP1/sptv1/75991634025/index.m3u8","HTTP 403",353
Geoblocked,"BR – ESPORTES","SPORTV HD [7]","https://cr7v.short.gy/manoiTVOP3/sptvxtra2/75991634025/index.m3u8","HTTP 403",369
Geoblocked,"BR – ESPORTES","SPORTV HD [8]","https://cr7v.short.gy/ManoTVfree/SPOREXTRA/index.m3u8","HTTP 403",342
Alive,"BR – ESPORTES","SPORTV SD","http://up.kiwi/351921603109/34939156/1233","",3934
Alive,"BR – ESPORTES","SPORTV SD [2]","http://up.kiwi/351921603109/34939156/305204","",2347
Dead,"BR – ESPORTES","SPORTV SD [3]","http://up.kiwi/351921603109/34939156/296205","HTTP 502",3932
Dead,"BR – ESPORTES","SPORTV SD [4]","http://tjtor8411.com:80/Osiel123/Felicidade321/131132.ts","No data (insufficient stream data: 235 bytes)",320
Dead,"BR – ESPORTES","SPORTV SD [5]","http://tjtor8411.com:80/010794/FXz1sY/131132.ts","No data (insufficient stream data: 235 bytes)",331
Dead,"BR – ESPORTES","SPORTV3 H265","http://tjtor8411.com:80/Osiel123/Felicidade321/103471.ts","No data (insufficient stream data: 235 bytes)",296
Dead,"BR – ESPORTES","SPORTV3 H265 [2]","http://tjtor8411.com:80/010794/FXz1sY/103471.ts","No data (insufficient stream data: 235 bytes)",342
Alive,"BR – ESPORTES","TOP BARÇA","https://jmp2.uk/plu-6888ee858f4a4aa11feb9430.m3u8","",1510
Dead,"BR – ESPORTES","TVMATIC FIGHT","http://cdn.tvmatic.net/fight.m3u8","Timeout",40262
Dead,"BR – ESPORTES","VITRINE ESPORTIVA","https://cdn.jmvstream.com/w/AVJ-12930/playlist/chunklist.m3u8","HTTP 404",2124
Alive,"BR – ESPORTES","WOOHOO","http://45.162.64.114/WOOHOO/index.m3u8","",1183
Alive,"BR – ESPORTES","WOOHOO [2]","http://45.190.28.50/WOOHOO/index.m3u8","",1110
Geoblocked,"BR – ESPORTES","WOOHOO [3]","http://138.255.2.6:8084/WOOHOO/index.m3u8","HTTP 403",292
Alive,"BR – ESPORTES","WOOHOO [4]","http://168.197.104.22/WOOHOO/index.m3u8","",1109
Alive,"BR – ESPORTES","WOOHOO [5]","http://170.83.16.50/WOOHOO/index.m3u8","",1133
Alive,"BR – ESPORTES","WOOHOO [6]","http://186.219.52.187/woohoo/index.m3u8","",1113
Alive,"BR – ESPORTES","WOOHOO [7]","http://gerenciar.vivatele.com/viva_padrao/viva2384/73","",2112
Dead,"BR – ESPORTES","WOOHOO [H265 ]","http://tjtor8411.com:80/Osiel123/Felicidade321/72436.ts","No data (insufficient stream data: 235 bytes)",261
Dead,"BR – ESPORTES","WOOHOO [H265 ] [2]","http://tjtor8411.com:80/010794/FXz1sY/72436.ts","No data (insufficient stream data: 235 bytes)",222
Dead,"BR – ESPORTES","WOOHOO FHD","http://tjtor8411.com:80/Osiel123/Felicidade321/72435.ts","No data (insufficient stream data: 235 bytes)",249
Dead,"BR – ESPORTES","WOOHOO FHD [2]","http://tjtor8411.com:80/010794/FXz1sY/72435.ts","No data (insufficient stream data: 235 bytes)",200
Dead,"BR – ESPORTES","WOOHOO H265","http://up.kiwi/351921603109/34939156/1589","HTTP 404",1956
Dead,"BR – ESPORTES","WOOHOO H265 [2]","http://tjtor8411.com:80/Osiel123/Felicidade321/103449.ts","No data (insufficient stream data: 235 bytes)",218
Dead,"BR – ESPORTES","WOOHOO H265 [3]","http://tjtor8411.com:80/010794/FXz1sY/103449.ts","No data (insufficient stream data: 235 bytes)",223
Alive,"BR – ESPORTES","WOOHOO HD","http://up.kiwi/351921603109/34939156/296488","",2172
Dead,"BR – ESPORTES","WOOHOO HD [2]","http://tjtor8411.com:80/Osiel123/Felicidade321/72437.ts","No data (insufficient stream data: 235 bytes)",216
Dead,"BR – ESPORTES","WOOHOO HD [3]","http://tjtor8411.com:80/010794/FXz1sY/72437.ts","No data (insufficient stream data: 235 bytes)",220
Alive,"BR – ESPORTES","WOOHOO SD","http://up.kiwi/351921603109/34939156/1592","",2260
Alive,"BR – ESPORTES","WOOHOO SD [2]","http://up.kiwi/351921603109/34939156/296489","",2947
Dead,"BR – ESPORTES","WOOHOO SD [3]","http://tjtor8411.com:80/Osiel123/Felicidade321/72438.ts","No data (insufficient stream data: 235 bytes)",244
Dead,"BR – ESPORTES","WOOHOO SD [4]","http://tjtor8411.com:80/010794/FXz1sY/72438.ts","No data (insufficient stream data: 235 bytes)",244
Alive,"BR – ESPORTES","WORLD POKER LOUR","https://jmp2.uk/plu-63eba66da8b2270008436b10.m3u8","",967
Alive,"BR – ESPORTES","WORLD POKER TOUR","https://dfr80qz435crc.cloudfront.net/ABCD/Amagi/WPT/World_Poker_Tour_BR/World_Poker_Tour.m3u8","",461
Dead,"BR – ESPORTES","X SPORTS FHD","http://tjtor8411.com:80/Osiel123/Felicidade321/340449.ts","No data (insufficient stream data: 235 bytes)",276
Dead,"BR – ESPORTES","X SPORTS HD","http://tjtor8411.com:80/Osiel123/Felicidade321/340450.ts","No data (insufficient stream data: 235 bytes)",243
Dead,"BR – ESPORTES","X SPORTS SD","http://tjtor8411.com:80/Osiel123/Felicidade321/340451.ts","No data (insufficient stream data: 235 bytes)",261
Alive,"BR – ESPORTES","XSPORTS","https://cr7v.short.gy/manoitv/X-Sports/Index.m3u8","",1473
Dead,"BR – ENTRETENIMENTO","40 GRAUS TV","https://acesso.ecast.site:3125/stream/play.m3u8","Timeout",20711
Alive,"BR – ENTRETENIMENTO","[US] ADULT SWIM","http://up.kiwi/351921603109/34939156/1260782","",2233
Alive,"BR – ENTRETENIMENTO","[US] COMEDY CENTRAL","http://up.kiwi/351921603109/34939156/1260809","",2340
Dead,"BR – ENTRETENIMENTO","[US] E! ENTERTAINMENT","http://up.kiwi/351921603109/34939156/1260823","HTTP 502",3727
Dead,"BR – ENTRETENIMENTO","[US] TBS","http://up.kiwi/351921603109/34939156/1260922","HTTP 502",2809
Alive,"BR – ENTRETENIMENTO","ACELERADOS","https://cc-zvni27dp2ukyu.akamaized.net/ogc/acel/acel.m3u8","",3512
Alive,"BR – ENTRETENIMENTO","ADESSO TV","https://cdn.jmvstream.com/w/LVW-9715/LVW9715_12B26T62tm/playlist.m3u8","",1024
Dead,"BR – ENTRETENIMENTO","ADULT SWIM FHD","http://tjtor8411.com:80/Osiel123/Felicidade321/251957.ts","No data (insufficient stream data: 235 bytes)",269
Dead,"BR – ENTRETENIMENTO","ADULT SWIM H265","http://tjtor8411.com:80/Osiel123/Felicidade321/251960.ts","No data (insufficient stream data: 235 bytes)",216
Dead,"BR – ENTRETENIMENTO","ADULT SWIM H265 [2]","http://tjtor8411.com:80/Osiel123/Felicidade321/251961.ts","No data (insufficient stream data: 235 bytes)",258
Dead,"BR – ENTRETENIMENTO","ADULT SWIM HD","http://tjtor8411.com:80/Osiel123/Felicidade321/251958.ts","No data (insufficient stream data: 235 bytes)",207
Dead,"BR – ENTRETENIMENTO","ADULT SWIM SD","http://tjtor8411.com:80/Osiel123/Felicidade321/251959.ts","No data (insufficient stream data: 235 bytes)",217
Alive,"BR – ENTRETENIMENTO","ADULT SWIN HD","http://up.kiwi/351921603109/34939156/296629","",2202
Dead,"BR – ENTRETENIMENTO","ADULT SWIN SD","http://up.kiwi/351921603109/34939156/296630","HTTP 502",3645
Dead,"BR – ENTRETENIMENTO","ALPHA CHANNEL","https://5b01a3d32b65c.streamlock.net:1936/tvalpha/tvalpha/playlist.m3u8","Timeout",20085
Alive,"BR – ENTRETENIMENTO","AMAZON SAT","https://amazonsat.brasilstream.com.br/hls/amazonsat/index.m3u8","",1298
Alive,"BR – ENTRETENIMENTO","ARARUNA TV","https://video05.logicahost.com.br/ararunatv/ararunatv/playlist.m3u8","",1454
Alive,"BR – ENTRETENIMENTO","ARTE 1","http://45.162.64.114/ARTE1/index.m3u8","",1180
Alive,"BR – ENTRETENIMENTO","ARTE 1 [2]","http://45.177.114.115/ARTE1/index.m3u8","",1179
Alive,"BR – ENTRETENIMENTO","ARTE 1 [3]","http://45.190.28.50/ARTE_1/index.m3u8","",1116
Alive,"BR – ENTRETENIMENTO","ARTE 1 [4]","http://168.197.104.22/ARTE1/index.m3u8","",1118
Alive,"BR – ENTRETENIMENTO","ARTE 1 [5]","http://170.83.16.50/ARTE_1/index.m3u8","",1145
Dead,"BR – ENTRETENIMENTO","ARTE 1 [H265 ]","http://tjtor8411.com:80/Osiel123/Felicidade321/71778.ts","No data (insufficient stream data: 235 bytes)",254
Dead,"BR – ENTRETENIMENTO","ARTE 1 [H265 ] [2]","http://tjtor8411.com:80/010794/FXz1sY/71778.ts","No data (insufficient stream data: 235 bytes)",243
Dead,"BR – ENTRETENIMENTO","ARTE 1 FHD","http://tjtor8411.com:80/Osiel123/Felicidade321/71777.ts","No data (insufficient stream data: 235 bytes)",212
Dead,"BR – ENTRETENIMENTO","ARTE 1 FHD [2]","http://tjtor8411.com:80/010794/FXz1sY/71777.ts","No data (insufficient stream data: 235 bytes)",200
Alive,"BR – ENTRETENIMENTO","ARTE 1 H265","http://up.kiwi/351921603109/34939156/84","",1914
Dead,"BR – ENTRETENIMENTO","ARTE 1 H265 [2]","http://tjtor8411.com:80/Osiel123/Felicidade321/103531.ts","No data (insufficient stream data: 235 bytes)",196
Dead,"BR – ENTRETENIMENTO","ARTE 1 H265 [3]","http://tjtor8411.com:80/010794/FXz1sY/103531.ts","No data (insufficient stream data: 235 bytes)",243
Alive,"BR – ENTRETENIMENTO","ARTE 1 HD","http://up.kiwi/351921603109/34939156/86","",2499
Alive,"BR – ENTRETENIMENTO","ARTE 1 HD [2]","http://up.kiwi/351921603109/34939156/296566","",1860
Dead,"BR – ENTRETENIMENTO","ARTE 1 HD [3]","http://tjtor8411.com:80/Osiel123/Felicidade321/71779.ts","No data (insufficient stream data: 235 bytes)",263
Dead,"BR – ENTRETENIMENTO","ARTE 1 HD [4]","http://tjtor8411.com:80/010794/FXz1sY/71779.ts","No data (insufficient stream data: 235 bytes)",258
Alive,"BR – ENTRETENIMENTO","ARTE 1 SD","http://up.kiwi/351921603109/34939156/88","",12521
Alive,"BR – ENTRETENIMENTO","ARTE 1 SD [2]","http://up.kiwi/351921603109/34939156/296567","",1769
Dead,"BR – ENTRETENIMENTO","ARTE 1 SD [3]","http://tjtor8411.com:80/Osiel123/Felicidade321/71780.ts","No data (insufficient stream data: 235 bytes)",223
Dead,"BR – ENTRETENIMENTO","ARTE 1 SD [4]","http://tjtor8411.com:80/010794/FXz1sY/71780.ts","No data (insufficient stream data: 235 bytes)",243
Dead,"BR – ENTRETENIMENTO","AUGE TV","https://cdn-tiva-video01-logicahost-com-br.smartbit.co/canalaugetv/canalaugetv/playlist.m3u8","DNS failure",93
Alive,"BR – ENTRETENIMENTO","AWTV","https://awtv.nuvemplay.live/hls/stream.m3u8","",1142
Alive,"BR – ENTRETENIMENTO","BAND - TV MODELO","https://video09.logicahost.com.br/tvmodelo/tvmodelo/chunklist_w146878062.m3u8","",1774
Dead,"BR – ENTRETENIMENTO","BEM MELHOR","https://cdn-tiva-video01-logicahost-com-br.smartbit.co/bemmelhor/bemmelhor/playlist.m3u8","DNS failure",121
Dead,"BR – ENTRETENIMENTO","BLITSTV","https://stmv1.transmissaodigital.com/blitstv/blitstv/playlist.m3u8","('Connection aborted.', RemoteDisconnected('Remote end closed connection without response'))",4112
Alive,"BR – ENTRETENIMENTO","BS TV","https://br5093.streamingdevideo.com.br/bstv/bstv/chunklist_w1014792137.m3u8","",1583
Dead,"BR – ENTRETENIMENTO","CABO FRIO TV","https://59f2354c05961.streamlock.net:1443/ararutv/_definst_/ararutv/playlist.m3u8","Timeout",20141
Geoblocked,"BR – ENTRETENIMENTO","CANAL 019","https://stmv1.srvstm.com/bruno4723/bruno4723/playlist.m3u8","HTTP 403",258
Dead,"BR – ENTRETENIMENTO","CANAL 25 JUNDIAI","https://cdn-tiva-stream01-msolutionbrasil-com-br.smartbit.co/hls/canal25/live.m3u8","DNS failure",115
Alive,"BR – ENTRETENIMENTO","CANAL 25 JUNDIAÍ","https://stream01.msolutionbrasil.com.br/hls/canal25/live.m3u8","",667
Dead,"BR – ENTRETENIMENTO","CANAL FDR","https://v-us-01.wisestream.io/memfs/e4ade538-7924-4359-81ef-b9d4dd229e91.m3u8","HTTP 404",2271
Dead,"BR – ENTRETENIMENTO","CANAL LIBRAS","https://canallibras-stream.ebc.com.br/mux_video_ts/index-1.m3u8","HTTP 400",1981
Dead,"BR – ENTRETENIMENTO","CANAL RICOS","https://5d82644094cc0.streamlock.net/ricostv/ricostv/playlist.m3u8","Timeout",20074
Dead,"BR – ENTRETENIMENTO","CANAL START","https://cdn-tiva-srv5-zcast-com-br.smartbit.co/canalstart/canalstart/playlist.m3u8","DNS failure",115
Alive,"BR – ENTRETENIMENTO","CANAL UOL","https://video24.mais.uol.com.br/live/6146.m3u8","",1642
Alive,"BR – ENTRETENIMENTO","CARAVANA PLAY","https://stmv2.voxtvhd.com.br/keynni6990/keynni6990/playlist.m3u8","",639
Dead,"BR – ENTRETENIMENTO","CATVE MASTER TV","https://5b33b873179a2.streamlock.net:1443/mastertv/livestream/playlist.m3u8","Timeout",20077
Dead,"BR – ENTRETENIMENTO","CATVE2","https://5b33b873179a2.streamlock.net:1443/catve2/catve2/playlist.m3u8","Timeout",20048
Alive,"BR – ENTRETENIMENTO","CHEF TV","http://45.190.28.50/CHEF_TV/index.m3u8","",1116
Alive,"BR – ENTRETENIMENTO","CHEF TV [2]","http://168.197.104.22/CHEF_TV/index.m3u8","",1109
Alive,"BR – ENTRETENIMENTO","CHROMA TV","https://5c483b9d1019c.streamlock.net/8054/8054/playlist.m3u8","",793
Dead,"BR – ENTRETENIMENTO","CINTURAO VERDE","https://play.redecinturaoverde.com.br/playlist.m3u8","No data (insufficient stream data: 196 bytes)",1713
Dead,"BR – ENTRETENIMENTO","COMEDY CENTRAL H265","http://up.kiwi/351921603109/34939156/296167","HTTP 502",2858
Dead,"BR – ENTRETENIMENTO","COMEDY CENTRAL H265 [2]","http://up.kiwi/351921603109/34939156/284","HTTP 404",792
Dead,"BR – ENTRETENIMENTO","COMEDY CENTRAL HD","http://up.kiwi/351921603109/34939156/286","HTTP 404",14401
Alive,"BR – ENTRETENIMENTO","COMEDY CENTRAL HD [2]","http://up.kiwi/351921603109/34939156/296153","",1878
Alive,"BR – ENTRETENIMENTO","COMEDY CENTRAL SD","http://up.kiwi/351921603109/34939156/288","",10248
Alive,"BR – ENTRETENIMENTO","COMEDY CENTRAL SD [2]","http://up.kiwi/351921603109/34939156/296154","",1914
Alive,"BR – ENTRETENIMENTO","CONECTA MAIS TV","https://adylnet.streampool.net/10324/live/hls/Conecta/index.m3u8","",1599
Dead,"BR – ENTRETENIMENTO","CONECTA+ TV","http://189.14.239.62:1935/webtv/livestream1/playlist.m3u8","Timeout",20025
Alive,"BR – ENTRETENIMENTO","CONECTV","https://stream01.msolutionbrasil.com.br/hls/conectv/live.m3u8?ManoTV","",665
Geoblocked,"BR – ENTRETENIMENTO","CONEXÃO TV","https://5a57bda70564a.streamlock.net/conexaotv/conexaotv.sdp/playlist.m3u8","HTTP 403",383
Alive,"BR – ENTRETENIMENTO","CULTNE TV","https://cc-wn1j3f2wnu5lr.akamaized.net/manifest.m3u8","",2560
Dead,"BR – ENTRETENIMENTO","CURTA [H265 ]","http://tjtor8411.com:80/Osiel123/Felicidade321/71856.ts","No data (insufficient stream data: 235 bytes)",413
Dead,"BR – ENTRETENIMENTO","CURTA [H265 ] [2]","http://tjtor8411.com:80/010794/FXz1sY/71856.ts","No data (insufficient stream data: 235 bytes)",366
Dead,"BR – ENTRETENIMENTO","CURTA FHD","http://tjtor8411.com:80/Osiel123/Felicidade321/71855.ts","No data (insufficient stream data: 235 bytes)",292
Dead,"BR – ENTRETENIMENTO","CURTA FHD [2]","http://tjtor8411.com:80/010794/FXz1sY/71855.ts","No data (insufficient stream data: 235 bytes)",420
Dead,"BR – ENTRETENIMENTO","CURTA H265","http://tjtor8411.com:80/Osiel123/Felicidade321/103512.ts","No data (insufficient stream data: 235 bytes)",347
Dead,"BR – ENTRETENIMENTO","CURTA H265 [2]","http://tjtor8411.com:80/010794/FXz1sY/103512.ts","No data (insufficient stream data: 235 bytes)",327
Dead,"BR – ENTRETENIMENTO","CURTA HD","http://tjtor8411.com:80/Osiel123/Felicidade321/71857.ts","No data (insufficient stream data: 235 bytes)",318
Dead,"BR – ENTRETENIMENTO","CURTA HD [2]","http://tjtor8411.com:80/010794/FXz1sY/71857.ts","No data (insufficient stream data: 235 bytes)",315
Dead,"BR – ENTRETENIMENTO","CURTA SD","http://tjtor8411.com:80/Osiel123/Felicidade321/71858.ts","No data (insufficient stream data: 235 bytes)",289
Dead,"BR – ENTRETENIMENTO","CURTA SD [2]","http://tjtor8411.com:80/010794/FXz1sY/71858.ts","No data (insufficient stream data: 235 bytes)",360
Alive,"BR – ENTRETENIMENTO","CURTA! H265","http://up.kiwi/351921603109/34939156/290","",5015
Dead,"BR – ENTRETENIMENTO","CURTA! HD","http://up.kiwi/351921603109/34939156/292","HTTP 503",3116
Dead,"BR – ENTRETENIMENTO","CURTA! HD [2]","http://up.kiwi/351921603109/34939156/296582","HTTP 502",2861
Alive,"BR – ENTRETENIMENTO","CURTA! SD","http://up.kiwi/351921603109/34939156/294","",2637
Dead,"BR – ENTRETENIMENTO","CURTA! SD [2]","http://up.kiwi/351921603109/34939156/296583","HTTP 404",791
Dead,"BR – ENTRETENIMENTO","DEMAIS TV","https://cdn-tiva-stmv1-samcast-com-br.smartbit.co/demaistv6503/demaistv6503/playlist.m3u8","DNS failure",98
Alive,"BR – ENTRETENIMENTO","DEMAIS TV [2]","https://stmv1.samcast.com.br/demaistv6503/demaistv6503/playlist.m3u8","",1320
Alive,"BR – ENTRETENIMENTO","DISC. HOME & HEALTH HD","http://hls1.sua.tv:80/live/discoveryhehfhd/s.m3u8","",953
Dead,"BR – ENTRETENIMENTO","DOG TV [H265 ]","http://tjtor8411.com:80/Osiel123/Felicidade321/104909.ts","No data (insufficient stream data: 235 bytes)",202
Dead,"BR – ENTRETENIMENTO","DOG TV [H265 ] [2]","http://tjtor8411.com:80/010794/FXz1sY/104909.ts","No data (insufficient stream data: 235 bytes)",291
Dead,"BR – ENTRETENIMENTO","DOG TV FHD","http://tjtor8411.com:80/Osiel123/Felicidade321/76922.ts","No data (insufficient stream data: 235 bytes)",377
Dead,"BR – ENTRETENIMENTO","DOG TV FHD [2]","http://tjtor8411.com:80/010794/FXz1sY/76922.ts","No data (insufficient stream data: 235 bytes)",202
Dead,"BR – ENTRETENIMENTO","DOG TV H265","http://tjtor8411.com:80/Osiel123/Felicidade321/178517.ts","No data (insufficient stream data: 235 bytes)",328
Alive,"BR – ENTRETENIMENTO","DOG TV HD","http://up.kiwi/351921603109/34939156/297461","",2166
Dead,"BR – ENTRETENIMENTO","DOG TV HD [2]","http://tjtor8411.com:80/Osiel123/Felicidade321/76923.ts","No data (insufficient stream data: 235 bytes)",291
Dead,"BR – ENTRETENIMENTO","DOG TV HD [3]","http://tjtor8411.com:80/010794/FXz1sY/76923.ts","No data (insufficient stream data: 235 bytes)",325
Dead,"BR – ENTRETENIMENTO","DOG TV SD","http://tjtor8411.com:80/Osiel123/Felicidade321/104908.ts","No data (insufficient stream data: 235 bytes)",419
Dead,"BR – ENTRETENIMENTO","DOG TV SD [2]","http://tjtor8411.com:80/010794/FXz1sY/104908.ts","No data (insufficient stream data: 235 bytes)",291
Dead,"BR – ENTRETENIMENTO","E! [H265 ]","http://tjtor8411.com:80/Osiel123/Felicidade321/71901.ts","No data (insufficient stream data: 235 bytes)",261
Dead,"BR – ENTRETENIMENTO","E! [H265 ] [2]","http://tjtor8411.com:80/010794/FXz1sY/71901.ts","No data (insufficient stream data: 235 bytes)",486
Dead,"BR – ENTRETENIMENTO","E! FHD","http://tjtor8411.com:80/Osiel123/Felicidade321/71900.ts","No data (insufficient stream data: 235 bytes)",375
Dead,"BR – ENTRETENIMENTO","E! FHD [2]","http://tjtor8411.com:80/010794/FXz1sY/71900.ts","No data (insufficient stream data: 235 bytes)",453
Dead,"BR – ENTRETENIMENTO","E! H265","http://tjtor8411.com:80/Osiel123/Felicidade321/103506.ts","No data (insufficient stream data: 235 bytes)",415
Dead,"BR – ENTRETENIMENTO","E! H265 [2]","http://tjtor8411.com:80/010794/FXz1sY/103506.ts","No data (insufficient stream data: 235 bytes)",231
Alive,"BR – ENTRETENIMENTO","E! HD","http://up.kiwi/351921603109/34939156/296155","",2556
Dead,"BR – ENTRETENIMENTO","E! HD [2]","http://tjtor8411.com:80/Osiel123/Felicidade321/71902.ts","No data (insufficient stream data: 235 bytes)",410
Dead,"BR – ENTRETENIMENTO","E! HD [3]","http://tjtor8411.com:80/010794/FXz1sY/71902.ts","No data (insufficient stream data: 235 bytes)",537
Alive,"BR – ENTRETENIMENTO","E! SD","http://up.kiwi/351921603109/34939156/296156","",6410
Dead,"BR – ENTRETENIMENTO","E! SD [2]","http://tjtor8411.com:80/Osiel123/Felicidade321/71903.ts","No data (insufficient stream data: 235 bytes)",413
Dead,"BR – ENTRETENIMENTO","E! SD [3]","http://tjtor8411.com:80/010794/FXz1sY/71903.ts","No data (insufficient stream data: 235 bytes)",223
Dead,"BR – ENTRETENIMENTO","ELEMENTAL CHANNEL","https://5d82644094cc0.streamlock.net/8116/8116/playlist.m3u8","Timeout",20064
Alive,"BR – ENTRETENIMENTO","ELEMENTAL CHANNEL [2]","https://stmv1.samcast.com.br/ricardo2194/ricardo2194/playlist.m3u8","",1169
Alive,"BR – ENTRETENIMENTO","ELYTV","https://stmv1.srvsite.com/ely/ely/playlist.m3u8","",4634
Alive,"BR – ENTRETENIMENTO","EUTV","https://cdn.jmvstream.com/w/LVW-8719/LVW8719_AcLVAxWy5J/playlist.m3u8","",1072
Alive,"BR – ENTRETENIMENTO","EUTV [2]","https://video01.logicahost.com.br/ypetv/ypetv/playlist.m3u8","",1912
Alive,"BR – ENTRETENIMENTO","FALA LITORAL","https://5c483b9d1019c.streamlock.net/falalitoraltv/falalitoraltv/playlist.m3u8","",792
Alive,"BR – ENTRETENIMENTO","FASHIONTV","http://45.190.28.50/FASHION_TV_HD/index.m3u8","",1114
Dead,"BR – ENTRETENIMENTO","FASHIONTV [H265 ]","http://tjtor8411.com:80/Osiel123/Felicidade321/71925.ts","No data (insufficient stream data: 235 bytes)",274
Dead,"BR – ENTRETENIMENTO","FASHIONTV [H265 ] [2]","http://tjtor8411.com:80/010794/FXz1sY/71925.ts","No data (insufficient stream data: 235 bytes)",249
Dead,"BR – ENTRETENIMENTO","FASHIONTV FHD","http://tjtor8411.com:80/Osiel123/Felicidade321/71924.ts","No data (insufficient stream data: 235 bytes)",363
Dead,"BR – ENTRETENIMENTO","FASHIONTV FHD [2]","http://tjtor8411.com:80/010794/FXz1sY/71924.ts","No data (insufficient stream data: 235 bytes)",295
Dead,"BR – ENTRETENIMENTO","FASHIONTV H265","http://tjtor8411.com:80/Osiel123/Felicidade321/103503.ts","No data (insufficient stream data: 235 bytes)",314
Dead,"BR – ENTRETENIMENTO","FASHIONTV H265 [2]","http://tjtor8411.com:80/010794/FXz1sY/103503.ts","No data (insufficient stream data: 235 bytes)",312
Dead,"BR – ENTRETENIMENTO","FASHIONTV HD","http://tjtor8411.com:80/Osiel123/Felicidade321/71926.ts","No data (insufficient stream data: 235 bytes)",353
Dead,"BR – ENTRETENIMENTO","FASHIONTV HD [2]","http://tjtor8411.com:80/010794/FXz1sY/71926.ts","No data (insufficient stream data: 235 bytes)",332
Dead,"BR – ENTRETENIMENTO","FASHIONTV SD","http://tjtor8411.com:80/Osiel123/Felicidade321/71927.ts","No data (insufficient stream data: 235 bytes)",387
Dead,"BR – ENTRETENIMENTO","FASHIONTV SD [2]","http://tjtor8411.com:80/010794/FXz1sY/71927.ts","No data (insufficient stream data: 235 bytes)",341
Alive,"BR – ENTRETENIMENTO","FISH TV","http://45.162.64.114/FISH_TV/index.m3u8","",1182
Alive,"BR – ENTRETENIMENTO","FISH TV [2]","http://45.190.28.50/FISH_TV_HD/index.m3u8","",1114
Alive,"BR – ENTRETENIMENTO","FISH TV [3]","http://168.197.104.22/FISH_TV/index.m3u8","",1113
Alive,"BR – ENTRETENIMENTO","FISH TV [4]","http://170.83.16.50/FISH_TV/index.m3u8","",1142
Dead,"BR – ENTRETENIMENTO","FISH TV [H265 ]","http://tjtor8411.com:80/Osiel123/Felicidade321/71929.ts","No data (insufficient stream data: 235 bytes)",280
Dead,"BR – ENTRETENIMENTO","FISH TV [H265 ] [2]","http://tjtor8411.com:80/010794/FXz1sY/71929.ts","No data (insufficient stream data: 235 bytes)",333
Dead,"BR – ENTRETENIMENTO","FISH TV FHD","http://tjtor8411.com:80/Osiel123/Felicidade321/71928.ts","No data (insufficient stream data: 235 bytes)",372
Dead,"BR – ENTRETENIMENTO","FISH TV FHD [2]","http://tjtor8411.com:80/010794/FXz1sY/71928.ts","No data (insufficient stream data: 235 bytes)",406
Dead,"BR – ENTRETENIMENTO","FISH TV H265","http://up.kiwi/351921603109/34939156/513","HTTP 404",692
Dead,"BR – ENTRETENIMENTO","FISH TV H265 [2]","http://tjtor8411.com:80/Osiel123/Felicidade321/103502.ts","No data (insufficient stream data: 235 bytes)",360
Dead,"BR – ENTRETENIMENTO","FISH TV H265 [3]","http://tjtor8411.com:80/010794/FXz1sY/103502.ts","No data (insufficient stream data: 235 bytes)",411
Dead,"BR – ENTRETENIMENTO","FISH TV HD","http://up.kiwi/351921603109/34939156/515","HTTP 404",1237
Dead,"BR – ENTRETENIMENTO","FISH TV HD [2]","http://up.kiwi/351921603109/34939156/296159","HTTP 404",1736
Dead,"BR – ENTRETENIMENTO","FISH TV HD [3]","http://tjtor8411.com:80/Osiel123/Felicidade321/71930.ts","No data (insufficient stream data: 235 bytes)",441
Dead,"BR – ENTRETENIMENTO","FISH TV HD [4]","http://tjtor8411.com:80/010794/FXz1sY/71930.ts","No data (insufficient stream data: 235 bytes)",330
Dead,"BR – ENTRETENIMENTO","FISH TV SD","http://up.kiwi/351921603109/34939156/517","HTTP 404",1297
Dead,"BR – ENTRETENIMENTO","FISH TV SD [2]","http://up.kiwi/351921603109/34939156/296160","HTTP 404",1205
Dead,"BR – ENTRETENIMENTO","FISH TV SD [3]","http://tjtor8411.com:80/Osiel123/Felicidade321/71931.ts","No data (insufficient stream data: 235 bytes)",264
Dead,"BR – ENTRETENIMENTO","FISH TV SD [4]","http://tjtor8411.com:80/010794/FXz1sY/71931.ts","No data (insufficient stream data: 235 bytes)",317
Alive,"BR – ENTRETENIMENTO","FLOW TV","https://cc-l2unazbogzufr.akamaized.net/gpf/tvfl/tvfl_h265.m3u8","",1204
Alive,"BR – ENTRETENIMENTO","GLOBO BA TV BAHIA FHD","http://up.kiwi/351921603109/34939156/296832","",2204
Alive,"BR – ENTRETENIMENTO","GLOBO BA TV BAHIA HD","http://up.kiwi/351921603109/34939156/296833","",4613
Dead,"BR – ENTRETENIMENTO","GLOBO BA TV BAHIA SD","http://up.kiwi/351921603109/34939156/296834","HTTP 404",1268
Dead,"BR – ENTRETENIMENTO","GLOBO EPTV SUL DE MINAS FHD","http://tjtor8411.com:80/Osiel123/Felicidade321/71979.ts","No data (insufficient stream data: 235 bytes)",375
Dead,"BR – ENTRETENIMENTO","GLOBO EPTV SUL DE MINAS FHD [2]","http://tjtor8411.com:80/010794/FXz1sY/71979.ts","No data (insufficient stream data: 235 bytes)",384
Dead,"BR – ENTRETENIMENTO","GLOBO EPTV SUL DE MINAS SD","http://tjtor8411.com:80/Osiel123/Felicidade321/131201.ts","No data (insufficient stream data: 235 bytes)",339
Dead,"BR – ENTRETENIMENTO","GLOBO EPTV SUL DE MINAS SD [2]","http://tjtor8411.com:80/010794/FXz1sY/131201.ts","No data (insufficient stream data: 235 bytes)",395
Dead,"BR – ENTRETENIMENTO","GLOBO RPC TV GUARAPUAVA FHD","http://tjtor8411.com:80/Osiel123/Felicidade321/306674.ts","No data (insufficient stream data: 235 bytes)",368
Dead,"BR – ENTRETENIMENTO","GLOBO RPC TV GUARAPUAVA HD","http://tjtor8411.com:80/Osiel123/Felicidade321/306675.ts","No data (insufficient stream data: 235 bytes)",376
Dead,"BR – ENTRETENIMENTO","GLOBO RPC TV GUARAPUAVA SD","http://tjtor8411.com:80/Osiel123/Felicidade321/306676.ts","No data (insufficient stream data: 235 bytes)",365
Alive,"BR – ENTRETENIMENTO","GLOBO SP TV FRONTEIRA PAULISTA HD","http://up.kiwi/351921603109/34939156/296733","",3301
Dead,"BR – ENTRETENIMENTO","GLOBO SP TV FRONTEIRA PAULISTA HD [2]","http://up.kiwi/351921603109/34939156/295858","HTTP 404",1220
Dead,"BR – ENTRETENIMENTO","GLOBOPLAY NOVELAS","http://170.82.202.31/Viva/index.m3u8","Timeout",20022
Dead,"BR – ENTRETENIMENTO","GLOBOPLAY NOVELAS [H265 ]","http://tjtor8411.com:80/Osiel123/Felicidade321/72428.ts","No data (insufficient stream data: 235 bytes)",291
Dead,"BR – ENTRETENIMENTO","GLOBOPLAY NOVELAS [H265 ] [2]","http://tjtor8411.com:80/010794/FXz1sY/72428.ts","No data (insufficient stream data: 235 bytes)",311
Dead,"BR – ENTRETENIMENTO","GLOBOPLAY NOVELAS FHD","http://tjtor8411.com:80/Osiel123/Felicidade321/72427.ts","No data (insufficient stream data: 235 bytes)",335
Dead,"BR – ENTRETENIMENTO","GLOBOPLAY NOVELAS FHD [2]","http://tjtor8411.com:80/010794/FXz1sY/72427.ts","No data (insufficient stream data: 235 bytes)",378
Dead,"BR – ENTRETENIMENTO","GLOBOPLAY NOVELAS FHD [3]","http://s2.micineovs.com/VIVA/index.m3u8?token=16FOTt9Ae2m8","Connection refused",46
Dead,"BR – ENTRETENIMENTO","GLOBOPLAY NOVELAS H265","http://tjtor8411.com:80/Osiel123/Felicidade321/103450.ts","No data (insufficient stream data: 235 bytes)",328
Dead,"BR – ENTRETENIMENTO","GLOBOPLAY NOVELAS H265 [2]","http://tjtor8411.com:80/010794/FXz1sY/103450.ts","No data (insufficient stream data: 235 bytes)",326
Dead,"BR – ENTRETENIMENTO","GLOBOPLAY NOVELAS HD","http://tjtor8411.com:80/Osiel123/Felicidade321/72429.ts","No data (insufficient stream data: 235 bytes)",278
Dead,"BR – ENTRETENIMENTO","GLOBOPLAY NOVELAS HD [2]","http://tjtor8411.com:80/010794/FXz1sY/72429.ts","No data (insufficient stream data: 235 bytes)",294
Alive,"BR – ENTRETENIMENTO","GLOBOPLAY NOVELAS HD [3]","http://79.127.238.228:14455/","",1212
Dead,"BR – ENTRETENIMENTO","GLOBOPLAY NOVELAS SD","http://tjtor8411.com:80/Osiel123/Felicidade321/72430.ts","No data (insufficient stream data: 235 bytes)",315
Dead,"BR – ENTRETENIMENTO","GLOBOPLAY NOVELAS SD [2]","http://tjtor8411.com:80/010794/FXz1sY/72430.ts","No data (insufficient stream data: 235 bytes)",320
Dead,"BR – ENTRETENIMENTO","GNT","http://170.82.202.31/GNT/index.m3u8","Timeout",20025
Dead,"BR – ENTRETENIMENTO","GNT [H265 ]","http://tjtor8411.com:80/Osiel123/Felicidade321/72103.ts","No data (insufficient stream data: 235 bytes)",290
Dead,"BR – ENTRETENIMENTO","GNT [H265 ] [2]","http://tjtor8411.com:80/010794/FXz1sY/72103.ts","No data (insufficient stream data: 235 bytes)",295
Dead,"BR – ENTRETENIMENTO","GNT FHD","http://up.kiwi/351921603109/34939156/296122","HTTP 404",1170
Dead,"BR – ENTRETENIMENTO","GNT FHD [2]","http://tjtor8411.com:80/Osiel123/Felicidade321/72102.ts","No data (insufficient stream data: 235 bytes)",300
Dead,"BR – ENTRETENIMENTO","GNT FHD [3]","http://tjtor8411.com:80/010794/FXz1sY/72102.ts","No data (insufficient stream data: 235 bytes)",295
Alive,"BR – ENTRETENIMENTO","GNT H265","http://up.kiwi/351921603109/34939156/299673","",2123
Alive,"BR – ENTRETENIMENTO","GNT H265 [2]","http://up.kiwi/351921603109/34939156/552","",2937
Dead,"BR – ENTRETENIMENTO","GNT H265 [3]","http://tjtor8411.com:80/Osiel123/Felicidade321/90638.ts","No data (insufficient stream data: 235 bytes)",288
Dead,"BR – ENTRETENIMENTO","GNT H265 [4]","http://tjtor8411.com:80/010794/FXz1sY/90638.ts","No data (insufficient stream data: 235 bytes)",293
Alive,"BR – ENTRETENIMENTO","GNT HD","http://up.kiwi/351921603109/34939156/554","",2422
Alive,"BR – ENTRETENIMENTO","GNT HD [2]","http://up.kiwi/351921603109/34939156/296121","",2298
Alive,"BR – ENTRETENIMENTO","GNT HD [3]","http://up.kiwi/351921603109/34939156/296135","",2150
Dead,"BR – ENTRETENIMENTO","GNT HD [4]","http://tjtor8411.com:80/Osiel123/Felicidade321/72104.ts","No data (insufficient stream data: 235 bytes)",260
Dead,"BR – ENTRETENIMENTO","GNT HD [5]","http://tjtor8411.com:80/010794/FXz1sY/72104.ts","No data (insufficient stream data: 235 bytes)",273
Geoblocked,"BR – ENTRETENIMENTO","GNT HD [6]","https://megaflix.mgfiles.lat/66cbaa53bbab307475353194e87d82fb/file.m3u8","HTTP 403",86
Alive,"BR – ENTRETENIMENTO","GNT SD","http://up.kiwi/351921603109/34939156/556","",3555
Alive,"BR – ENTRETENIMENTO","GNT SD [2]","http://up.kiwi/351921603109/34939156/296120","",3732
Alive,"BR – ENTRETENIMENTO","GNT SD [3]","http://up.kiwi/351921603109/34939156/296136","",2844
Dead,"BR – ENTRETENIMENTO","GNT SD [4]","http://tjtor8411.com:80/Osiel123/Felicidade321/131136.ts","No data (insufficient stream data: 235 bytes)",268
Dead,"BR – ENTRETENIMENTO","GNT SD [5]","http://tjtor8411.com:80/010794/FXz1sY/131136.ts","No data (insufficient stream data: 235 bytes)",261
Dead,"BR – ENTRETENIMENTO","GOGO PLAY","https://tgn.bozztv.com/ssh101/ssh101/gogoplay/playlist.m3u8","HTTP 404",474
Dead,"BR – ENTRETENIMENTO","HGTV [H265 ]","http://tjtor8411.com:80/Osiel123/Felicidade321/72143.ts","No data (insufficient stream data: 235 bytes)",317
Dead,"BR – ENTRETENIMENTO","HGTV [H265 ] [2]","http://tjtor8411.com:80/010794/FXz1sY/72143.ts","No data (insufficient stream data: 235 bytes)",313
Alive,"BR – ENTRETENIMENTO","HGTV FHD","http://up.kiwi/351921603109/34939156/665","",2232
Dead,"BR – ENTRETENIMENTO","HGTV FHD [2]","http://tjtor8411.com:80/Osiel123/Felicidade321/72142.ts","No data (insufficient stream data: 235 bytes)",273
Dead,"BR – ENTRETENIMENTO","HGTV FHD [3]","http://tjtor8411.com:80/010794/FXz1sY/72142.ts","No data (insufficient stream data: 235 bytes)",277
Dead,"BR – ENTRETENIMENTO","HGTV H265","http://up.kiwi/351921603109/34939156/667","HTTP 404",1457
Dead,"BR – ENTRETENIMENTO","HGTV H265 [2]","http://tjtor8411.com:80/Osiel123/Felicidade321/103493.ts","No data (insufficient stream data: 235 bytes)",255
Dead,"BR – ENTRETENIMENTO","HGTV H265 [3]","http://tjtor8411.com:80/010794/FXz1sY/103493.ts","No data (insufficient stream data: 235 bytes)",285
Alive,"BR – ENTRETENIMENTO","HGTV HD","http://up.kiwi/351921603109/34939156/296137","",2402
Dead,"BR – ENTRETENIMENTO","HGTV HD [2]","http://tjtor8411.com:80/Osiel123/Felicidade321/72144.ts","No data (insufficient stream data: 235 bytes)",301
Dead,"BR – ENTRETENIMENTO","HGTV HD [3]","http://tjtor8411.com:80/010794/FXz1sY/72144.ts","No data (insufficient stream data: 235 bytes)",298
Alive,"BR – ENTRETENIMENTO","HGTV HD [4]","http://200.229.190.189:8001/play/a01b","",1560
Alive,"BR – ENTRETENIMENTO","HGTV SD","http://up.kiwi/351921603109/34939156/296138","",2311
Dead,"BR – ENTRETENIMENTO","HGTV SD [2]","http://tjtor8411.com:80/Osiel123/Felicidade321/72145.ts","No data (insufficient stream data: 235 bytes)",314
Dead,"BR – ENTRETENIMENTO","HGTV SD [3]","http://tjtor8411.com:80/010794/FXz1sY/72145.ts","No data (insufficient stream data: 235 bytes)",336
Alive,"BR – ENTRETENIMENTO","HIP HOP VAI ALEM DA TV","https://stmv4.voxtvhd.com.br/carlosdavi6787/carlosdavi6787/playlist.m3u8","",628
Alive,"BR – ENTRETENIMENTO","ISTV","https://stmv1.srvstm.com/sistema7933/sistema7933/playlist.m3u8","",537
Alive,"BR – ENTRETENIMENTO","ISTV FHD","https://video08.logicahost.com.br/istvnacional/srt.stream/istvnacional.m3u8","",1918
Alive,"BR – ENTRETENIMENTO","L!KE","https://cnl-cl.otteravision.com/cnl/cl_h265/cl_h265.m3u8","",757
Dead,"BR – ENTRETENIMENTO","LABORAL TV","https://tv.laboralsst.com.br/hls/stream.m3u8","HTTP 218",1038
Dead,"BR – ENTRETENIMENTO","LASSTV","https://tv02.zas.media:1936/lasstv/lasstv/playlist.m3u8","HTTP 404",2060
Dead,"BR – ENTRETENIMENTO","LIDER TV","https://cdn-tiva-video08-logicahost-com-br.smartbit.co/lidertvssp/lidertvssp/playlist.m3u8","DNS failure",92
Dead,"BR – ENTRETENIMENTO","LIVE TV [H265 ]","http://tjtor8411.com:80/Osiel123/Felicidade321/192629.ts","No data (insufficient stream data: 235 bytes)",333
Dead,"BR – ENTRETENIMENTO","LIVE TV FHD","http://tjtor8411.com:80/Osiel123/Felicidade321/192625.ts","No data (insufficient stream data: 235 bytes)",358
Dead,"BR – ENTRETENIMENTO","LIVE TV H265","http://tjtor8411.com:80/Osiel123/Felicidade321/192628.ts","No data (insufficient stream data: 235 bytes)",707
Dead,"BR – ENTRETENIMENTO","LIVE TV HD","http://tjtor8411.com:80/Osiel123/Felicidade321/192626.ts","No data (insufficient stream data: 235 bytes)",344
Dead,"BR – ENTRETENIMENTO","LIVE TV SD","http://tjtor8411.com:80/Osiel123/Felicidade321/192627.ts","No data (insufficient stream data: 235 bytes)",335
Alive,"BR – ENTRETENIMENTO","LOADING","https://stmv1.srvif.com/loadingtv/loadingtv/playlist.m3u8","",532
Dead,"BR – ENTRETENIMENTO","MAISUM","https://stream.ichibantv.com:3230/hybrid/play.m3u8","SSL/TLS error",838
Dead,"BR – ENTRETENIMENTO","MALHAÇÂO FAST","http://up.kiwi/351921603109/34939156/305217","HTTP 404",733
Alive,"BR – ENTRETENIMENTO","MALHAÇÃO FAST","https://dfr80qz435crc.cloudfront.net/EFGH/Amagi/Globo/Malhacao_Fast_BR/576p-vtt/index.m3u8","",315
Alive,"BR – ENTRETENIMENTO","MALHAÇÃO FAST "TCL"","https://amg00716-globo-amg00716c4-tcl-br-9499.playouts.now.amagi.tv/playlist.m3u8","",718
Dead,"BR – ENTRETENIMENTO","MBC BRASIL TV","https://play.mbcbrasil.tv.br/playlist.m3u8","No data (insufficient stream data: 196 bytes)",1289
Dead,"BR – ENTRETENIMENTO","MEGA TV HD","http://tjtor8411.com:80/Osiel123/Felicidade321/104925.ts","No data (insufficient stream data: 235 bytes)",407
Dead,"BR – ENTRETENIMENTO","MEGA TV HD [2]","http://tjtor8411.com:80/010794/FXz1sY/104925.ts","No data (insufficient stream data: 235 bytes)",246
Dead,"BR – ENTRETENIMENTO","MEGA TV SD","http://tjtor8411.com:80/Osiel123/Felicidade321/104926.ts","No data (insufficient stream data: 235 bytes)",300
Dead,"BR – ENTRETENIMENTO","MEGA TV SD [2]","http://tjtor8411.com:80/010794/FXz1sY/104926.ts","No data (insufficient stream data: 235 bytes)",270
Alive,"BR – ENTRETENIMENTO","MIAMI","https://jmp2.uk/plu-63eb9c5351f5d000085e8d7e.m3u8","",1099
Dead,"BR – ENTRETENIMENTO","MKK WEB TV","https://video01.logicahost.com.br/mkkwebtv/mkkwebtv/playlist.m3u8","HTTP 404",2702
Dead,"BR – ENTRETENIMENTO","MODO VIAGEM [H265 ]","http://tjtor8411.com:80/Osiel123/Felicidade321/72163.ts","No data (insufficient stream data: 235 bytes)",282
Dead,"BR – ENTRETENIMENTO","MODO VIAGEM [H265 ] [2]","http://tjtor8411.com:80/010794/FXz1sY/72163.ts","No data (insufficient stream data: 235 bytes)",337
Alive,"BR – ENTRETENIMENTO","MODO VIAGEM FHD","http://up.kiwi/351921603109/34939156/296128","",1634
Dead,"BR – ENTRETENIMENTO","MODO VIAGEM FHD [2]","http://tjtor8411.com:80/Osiel123/Felicidade321/72162.ts","No data (insufficient stream data: 235 bytes)",339
Dead,"BR – ENTRETENIMENTO","MODO VIAGEM FHD [3]","http://tjtor8411.com:80/010794/FXz1sY/72162.ts","No data (insufficient stream data: 235 bytes)",257
Dead,"BR – ENTRETENIMENTO","MODO VIAGEM H265","http://tjtor8411.com:80/Osiel123/Felicidade321/103488.ts","No data (insufficient stream data: 235 bytes)",326
Dead,"BR – ENTRETENIMENTO","MODO VIAGEM H265 [2]","http://tjtor8411.com:80/010794/FXz1sY/103488.ts","No data (insufficient stream data: 235 bytes)",335
Alive,"BR – ENTRETENIMENTO","MODO VIAGEM HD","http://up.kiwi/351921603109/34939156/296127","",1745
Alive,"BR – ENTRETENIMENTO","MODO VIAGEM HD [2]","http://up.kiwi/351921603109/34939156/296141","",3710
Dead,"BR – ENTRETENIMENTO","MODO VIAGEM HD [3]","http://tjtor8411.com:80/Osiel123/Felicidade321/72164.ts","No data (insufficient stream data: 235 bytes)",206
Dead,"BR – ENTRETENIMENTO","MODO VIAGEM HD [4]","http://tjtor8411.com:80/010794/FXz1sY/72164.ts","No data (insufficient stream data: 235 bytes)",237
Dead,"BR – ENTRETENIMENTO","MODO VIAGEM SD","http://up.kiwi/351921603109/34939156/296126","HTTP 404",745
Alive,"BR – ENTRETENIMENTO","MODO VIAGEM SD [2]","http://up.kiwi/351921603109/34939156/296142","",2069
Dead,"BR – ENTRETENIMENTO","MODO VIAGEM SD [3]","http://tjtor8411.com:80/Osiel123/Felicidade321/72165.ts","No data (insufficient stream data: 235 bytes)",301
Dead,"BR – ENTRETENIMENTO","MODO VIAGEM SD [4]","http://tjtor8411.com:80/010794/FXz1sY/72165.ts","No data (insufficient stream data: 235 bytes)",281
Alive,"BR – ENTRETENIMENTO","NOVA ERA TV","http://wz3.dnip.com.br:1935/novaeratv/novaeratv.sdp/live.m3u8","",804
Dead,"BR – ENTRETENIMENTO","OLHA TV","http://24.152.8.38:5001/live/olhatv/index.m3u8","HTTP 404",698
Alive,"BR – ENTRETENIMENTO","PEOPLE ARE AWESOME","https://jukin-peopleareawesome-2-br.samsung.wurl.tv/playlist.m3u8","",1057
Geoblocked,"BR – ENTRETENIMENTO","PIXTV","https://mpix05.tmwpix.com:6516/pix/pixtv_hi.m3u8","HTTP 403",1275
Alive,"BR – ENTRETENIMENTO","PLAY TV","http://45.162.64.114/PLAY_TV/index.m3u8","",1176
Alive,"BR – ENTRETENIMENTO","PLAY TV [2]","http://45.177.114.115/PLAY_TV/index.m3u8","",1201
Alive,"BR – ENTRETENIMENTO","PLAY TV [3]","http://168.197.104.22/PLAY_TV/index.m3u8","",1107
Alive,"BR – ENTRETENIMENTO","PLAY TV [4]","https://isaocorp.cloudecast.com/playtv/index.m3u8","",1580
Alive,"BR – ENTRETENIMENTO","PLAY TV H265","http://up.kiwi/351921603109/34939156/843","",2487
Dead,"BR – ENTRETENIMENTO","PLAY TV HD","http://up.kiwi/351921603109/34939156/844","HTTP 404",14171
Dead,"BR – ENTRETENIMENTO","PLAY TV SD","http://up.kiwi/351921603109/34939156/845","HTTP 404",678
Alive,"BR – ENTRETENIMENTO","PODPAH TV","https://ogc-ppah-samsungtvplus-br.otteravision.com/ogc/ppah/ppah.m3u8","",612
Dead,"BR – ENTRETENIMENTO","POLISHOP SD","http://up.kiwi/351921603109/34939156/857","HTTP 404",673
Alive,"BR – ENTRETENIMENTO","PORTATV","https://jmp2.uk/plu-69440d0611f6c6384ab78306.m3u8","",957
Alive,"BR – ENTRETENIMENTO","RAI SD","http://up.kiwi/351921603109/34939156/964","",1988
Alive,"BR – ENTRETENIMENTO","RECEITA FAST HD","https://dfr80qz435crc.cloudfront.net/EFGH/Amagi/Globo/Receitas_Fast_BR/Receitas_Fast.m3u8","",418
Dead,"BR – ENTRETENIMENTO","RECORDTV GUARARAPES FHD","http://tjtor8411.com:80/Osiel123/Felicidade321/350072.ts","No data (insufficient stream data: 235 bytes)",206
Dead,"BR – ENTRETENIMENTO","RECORDTV GUARARAPES HD","http://tjtor8411.com:80/Osiel123/Felicidade321/350073.ts","No data (insufficient stream data: 235 bytes)",209
Dead,"BR – ENTRETENIMENTO","RECORDTV GUARARAPES SD","http://tjtor8411.com:80/Osiel123/Felicidade321/350074.ts","No data (insufficient stream data: 235 bytes)",216
Dead,"BR – ENTRETENIMENTO","RECORDTV PARAIBA TV CORREIO FHD","http://tjtor8411.com:80/Osiel123/Felicidade321/350066.ts","No data (insufficient stream data: 235 bytes)",202
Dead,"BR – ENTRETENIMENTO","RECORDTV PARAIBA TV CORREIO HD","http://tjtor8411.com:80/Osiel123/Felicidade321/350067.ts","No data (insufficient stream data: 235 bytes)",211
Dead,"BR – ENTRETENIMENTO","RECORDTV PARAIBA TV CORREIO SD","http://tjtor8411.com:80/Osiel123/Felicidade321/350068.ts","No data (insufficient stream data: 235 bytes)",207
Dead,"BR – ENTRETENIMENTO","RECORDTV RORAIMA FHD","http://tjtor8411.com:80/Osiel123/Felicidade321/350060.ts","No data (insufficient stream data: 235 bytes)",207
Dead,"BR – ENTRETENIMENTO","RECORDTV RORAIMA HD","http://tjtor8411.com:80/Osiel123/Felicidade321/350061.ts","No data (insufficient stream data: 235 bytes)",242
Dead,"BR – ENTRETENIMENTO","RECORDTV RORAIMA SD","http://tjtor8411.com:80/Osiel123/Felicidade321/350062.ts","No data (insufficient stream data: 235 bytes)",313
Dead,"BR – ENTRETENIMENTO","RECORDTV THATHI CAMPINAS FHD","http://tjtor8411.com:80/Osiel123/Felicidade321/218787.ts","No data (insufficient stream data: 235 bytes)",326
Dead,"BR – ENTRETENIMENTO","RECORDTV THATHI CAMPINAS FHD [2]","http://tjtor8411.com:80/Osiel123/Felicidade321/350090.ts","No data (insufficient stream data: 235 bytes)",262
Dead,"BR – ENTRETENIMENTO","RECORDTV THATHI CAMPINAS HD","http://tjtor8411.com:80/Osiel123/Felicidade321/218788.ts","No data (insufficient stream data: 235 bytes)",261
Dead,"BR – ENTRETENIMENTO","RECORDTV THATHI CAMPINAS HD [2]","http://tjtor8411.com:80/Osiel123/Felicidade321/350091.ts","No data (insufficient stream data: 235 bytes)",261
Dead,"BR – ENTRETENIMENTO","RECORDTV THATHI CAMPINAS SD","http://tjtor8411.com:80/Osiel123/Felicidade321/350092.ts","No data (insufficient stream data: 235 bytes)",277
Dead,"BR – ENTRETENIMENTO","RECORDTV VILA REAL FHD","http://tjtor8411.com:80/Osiel123/Felicidade321/218785.ts","No data (insufficient stream data: 235 bytes)",287
Dead,"BR – ENTRETENIMENTO","RECORDTV VILA REAL HD","http://tjtor8411.com:80/Osiel123/Felicidade321/218786.ts","No data (insufficient stream data: 235 bytes)",335
Dead,"BR – ENTRETENIMENTO","REDE RC","http://tv02.logicahost.com.br:1935/rederc/rederc/live.m3u8","Timeout",20333
Alive,"BR – ENTRETENIMENTO","ROYALWORLD NOBREZA E DINASTIAS","https://cc-4e6doav3fdfaw.akamaized.net/playlist.m3u8","",1260
Dead,"BR – ENTRETENIMENTO","SABOR & ARTE [H265 ]","http://tjtor8411.com:80/Osiel123/Felicidade321/112014.ts","No data (insufficient stream data: 235 bytes)",376
Dead,"BR – ENTRETENIMENTO","SABOR & ARTE [H265 ] [2]","http://tjtor8411.com:80/010794/FXz1sY/112014.ts","No data (insufficient stream data: 235 bytes)",358
Dead,"BR – ENTRETENIMENTO","SABOR & ARTE FHD","http://tjtor8411.com:80/Osiel123/Felicidade321/112017.ts","No data (insufficient stream data: 235 bytes)",392
Dead,"BR – ENTRETENIMENTO","SABOR & ARTE FHD [2]","http://tjtor8411.com:80/010794/FXz1sY/112017.ts","No data (insufficient stream data: 235 bytes)",361
Dead,"BR – ENTRETENIMENTO","SABOR & ARTE H265","http://tjtor8411.com:80/Osiel123/Felicidade321/112013.ts","No data (insufficient stream data: 235 bytes)",335
Dead,"BR – ENTRETENIMENTO","SABOR & ARTE H265 [2]","http://tjtor8411.com:80/010794/FXz1sY/112013.ts","No data (insufficient stream data: 235 bytes)",328
Alive,"BR – ENTRETENIMENTO","SABOR & ARTE HD","http://up.kiwi/351921603109/34939156/296639","",2076
Dead,"BR – ENTRETENIMENTO","SABOR & ARTE HD [2]","http://tjtor8411.com:80/Osiel123/Felicidade321/112016.ts","No data (insufficient stream data: 235 bytes)",339
Dead,"BR – ENTRETENIMENTO","SABOR & ARTE HD [3]","http://tjtor8411.com:80/010794/FXz1sY/112016.ts","No data (insufficient stream data: 235 bytes)",395
Alive,"BR – ENTRETENIMENTO","SABOR & ARTE SD","http://up.kiwi/351921603109/34939156/296640","",2170
Dead,"BR – ENTRETENIMENTO","SABOR & ARTE SD [2]","http://tjtor8411.com:80/Osiel123/Felicidade321/112015.ts","No data (insufficient stream data: 235 bytes)",305
Dead,"BR – ENTRETENIMENTO","SABOR & ARTE SD [3]","http://tjtor8411.com:80/010794/FXz1sY/112015.ts","No data (insufficient stream data: 235 bytes)",283
Alive,"BR – ENTRETENIMENTO","SALON LINE","https://jmp2.uk/plu-66a7d0e0cd0d310008448610.m3u8","",1565
Dead,"BR – ENTRETENIMENTO","SERTÃO TV","http://wz4.dnip.com.br/sertaotv/sertaotv.sdp/playlist.m3u8","('Connection aborted.', RemoteDisconnected('Remote end closed connection without response'))",1179
Dead,"BR – ENTRETENIMENTO","SHOW DO MILHAO","https://d38s7rrdbnh4oy.cloudfront.net/v1/master/215c0da80606fed29372070168106400a6ca7e1a/SSAI-Saudades/index.m3u8","HTTP 504",2034
Alive,"BR – ENTRETENIMENTO","SOU TV","https://video10.logicahost.com.br/soutv/soutv/playlist.m3u8","",1849
Dead,"BR – ENTRETENIMENTO","SOU TV.","https://vdo1.audiostream.com.br:3010/live/soutvlive.m3u8?ManoTV","Timeout",20681
Alive,"BR – ENTRETENIMENTO","TBS H265","http://up.kiwi/351921603109/34939156/1250","",1958
Alive,"BR – ENTRETENIMENTO","TENDA TV","https://tv02.zas.media:1936/tendatv/tendatv/playlist.m3u8","",1851
Dead,"BR – ENTRETENIMENTO","TERCEIRA VIA","https://video01.kshost.com.br:4443/terceira7669/terceira7669/playlist.m3u8","Timeout",20183
Alive,"BR – ENTRETENIMENTO","TERRA VIVA","http://45.162.64.114/TERRAVIVA/index.m3u8","",1180
Alive,"BR – ENTRETENIMENTO","TERRA VIVA [2]","http://45.177.114.115/TERRAVIVA/index.m3u8","",1166
Alive,"BR – ENTRETENIMENTO","TERRA VIVA [3]","http://45.190.28.50/TERRA_VIVA_HD/index.m3u8","",1113
Geoblocked,"BR – ENTRETENIMENTO","TERRA VIVA [4]","http://138.255.2.6:8084/TERRAVIVA/index.m3u8","HTTP 403",293
Alive,"BR – ENTRETENIMENTO","TERRA VIVA [5]","http://168.197.104.22/TERRAVIVA/index.m3u8","",1115
Alive,"BR – ENTRETENIMENTO","TERRA VIVA [6]","http://170.83.16.50/TERRA_VIVA/index.m3u8","",1153
Alive,"BR – ENTRETENIMENTO","TERRA VIVA [7]","http://170.83.49.66:8083/TERRAVIVAHD/index.m3u8","",2046
Alive,"BR – ENTRETENIMENTO","TERRA VIVA [8]","https://9ada494d.wurl.com/master/f36d25e7e52f1ba8d7e56eb859c636563214f541/TEctYnJfVXBseW5rLU5ld2NvX0hMUw/playlist.m3u8","",1231
Geoblocked,"BR – ENTRETENIMENTO","TV 3 CURITIBA","https://stmv.webtvninjas.com.br/tv3/tv3/playlist.m3u8","HTTP 403",443
Alive,"BR – ENTRETENIMENTO","TV A CRITICA","https://cdn.live.br1.jmvstream.com/w/LVW-20715/LVW20715_50E3x2MCm2/playlist.m3u8","",532
Alive,"BR – ENTRETENIMENTO","TV ALDEIA","https://stmv1.samcast.com.br/giovane7843/giovane7843/playlist.m3u8","",1120
Dead,"BR – ENTRETENIMENTO","TV ARAPUAN","https://5b7f3c45ab7c2.streamlock.net/arapuan/ngrp:arapuan_all/playlist.m3u8","HTTP 404",595
Alive,"BR – ENTRETENIMENTO","TV BAHIA","http://hls1.sua.tv/live/globotvbahiafhdbr2/s.m3u8","",966
Dead,"BR – ENTRETENIMENTO","TV BIRIGUI","https://59f2354c05961.streamlock.net:1443/tvdigitalbirigui/_definst_/tvdigitalbirigui/playlist.m3u8","Timeout",20058
Dead,"BR – ENTRETENIMENTO","TV BIRIGUI [2]","http://tv02.logicahost.com.br:1935/tvdigitalbirigui/tvdigitalbirigui/live.m3u8","Timeout",20629
Dead,"BR – ENTRETENIMENTO","TV BIRIGUI [3]","https://59f2354c05961.streamlock.net:1443/tvdigitalbirigui/tvdigitalbirigui/playlist.m3u8","Timeout",20051
Alive,"BR – ENTRETENIMENTO","TV BRICS PORTUGUESE","https://porbrics.mediacdn.ru/cdn/brics/portuguese/playlist.m3u8","",2241
Dead,"BR – ENTRETENIMENTO","TV CLASSICOS","https://stmv1.srvif.com/canal29/canal29/playlist.m3u8","HTTP 404",484
Dead,"BR – ENTRETENIMENTO","TV DAS ARTES","http://tv02.logicahost.com.br:1935/tvdasartes/tvdasartes/playlist.m3u8","Timeout",20446
Dead,"BR – ENTRETENIMENTO","TV DESTAK","http://tv02.logicahost.com.br:1935/pascoal/pascoal/live.m3u8","Timeout",20389
Dead,"BR – ENTRETENIMENTO","TV DESTAK [2]","https://59f2354c05961.streamlock.net:1443/pascoal/_definst_/pascoal/playlist.m3u8","Timeout",20047
Dead,"BR – ENTRETENIMENTO","TV DESTAK [3]","https://59f2354c05961.streamlock.net:1443/pascoal/pascoal/playlist.m3u8","Timeout",20034
Alive,"BR – ENTRETENIMENTO","TV DIFUSAO","https://tvdsoultv.acessaradios.com.br/tvdsoultv/tvdsoultv.stream/playlist.m3u8","",1262
Dead,"BR – ENTRETENIMENTO","TV DIFUSORA (SBT SÃO LUÍS)","https://stream.amsolution.net.br:8443/live/66db1cf131d45/index.m3u8","SSL/TLS error",1792
Dead,"BR – ENTRETENIMENTO","TV DIFUSORA LESTE","https://stream.amsolution.net.br:8443/live/60d0a8ea6b884/index.m3u8","SSL/TLS error",1669
Dead,"BR – ENTRETENIMENTO","TV DIGITAL BIRIGUÍ","http://wse01.logicahost.com.br:1935/tvdigitalbirigui/_definst_/tvdigitalbirigui/playlist.m3u8","Timeout",20800
Dead,"BR – ENTRETENIMENTO","TV EMPIRE MAGAZINE","https://5d82644094cc0.streamlock.net/empiremagazinetv/empiremagazinetv/playlist.m3u8","Timeout",20129
Geoblocked,"BR – ENTRETENIMENTO","TV ENCONTRO DAS AGUAS","https://stmv7.samcast.com.br/sistemaencontrodasaguas/sistemaencontrodasaguas/playlist.m3u8","HTTP 403",707
Alive,"BR – ENTRETENIMENTO","TV FRONTEIRA","https://tvfronteira.brasilstream.com.br/hls/tvfronteira/index.m3u8","",1300
Alive,"BR – ENTRETENIMENTO","TV FUTURO","https://tv02.zas.media:1936/tvfuturo/tvfuturo/playlist.m3u8","",1804
Dead,"BR – ENTRETENIMENTO","TV GAZIN","https://cdn-tiva-video09-logicahost-com-br.smartbit.co/tvgazin/tvgazin/playlist.m3u8","DNS failure",114
Alive,"BR – ENTRETENIMENTO","TV GRANDE NATAL","http://tvgrandenatalhd.duckdns.org:8080/hls/live.m3u8","",900
Alive,"BR – ENTRETENIMENTO","TV GUARÁ","https://video02.logicahost.com.br/tvguara23/tvguara23/playlist.m3u8","",1887
Dead,"BR – ENTRETENIMENTO","TV INTERLAGOS","https://v8.ciclano.io:1443/tvinterlagos/_definst_/tvinterlagos/playlist.m3u8","Timeout",20355
Dead,"BR – ENTRETENIMENTO","TV LIBERDADE","https://srv1.paineldevideo.com/liberdaderadioetv/liberdaderadioetv/playlist.m3u8","DNS failure",202
Alive,"BR – ENTRETENIMENTO","TV LIFE AMERICA","https://streaming.cloudecast.com/hls/tvlifeamerica/index.m3u8","",1333
Dead,"BR – ENTRETENIMENTO","TV MEIO","https://cdn-tiva-maystreaming-cloudecast-com.smartbit.co/redemeio/index.m3u8","DNS failure",94
Dead,"BR – ENTRETENIMENTO","TV MON","https://cdn-tiva-video10-logicahost-com-br.smartbit.co/tvmon/tvmon/playlist.m3u8","DNS failure",188
Alive,"BR – ENTRETENIMENTO","TV NATAL","http://185.228.163.146:8000/play/a01y/index.m3u8","",951
Dead,"BR – ENTRETENIMENTO","TV NOSTALGIA","https://stmv1.srvif.com/emlsilva/emlsilva/playlist.m3u8","HTTP 404",532
Dead,"BR – ENTRETENIMENTO","TV NOSTALGIA [2]","https://stmv1.srvif.com/tvnostalgia/tvnostalgia/playlist.m3u8","HTTP 404",518
Alive,"BR – ENTRETENIMENTO","TV PASSO FUNDO","https://5a57bda70564a.streamlock.net/tvpasso/tvpasso.sdp/playlist.m3u8","",682
Geoblocked,"BR – ENTRETENIMENTO","TV PROFISSAO","https://stmv.webtvninjas.com.br/tvprofissao/tvprofissao/playlist.m3u8","HTTP 403",435
Alive,"BR – ENTRETENIMENTO","TV SÃO RAIMUNDO","https://stmv1.voxtvhd.com.br/9030/9030/playlist.m3u8","",628
Alive,"BR – ENTRETENIMENTO","TV SHOW FORTALEZA","https://stmv8.samcast.com.br/raimundoanselmolimamororo1908/raimundoanselmolimamororo1908/playlist.m3u8","",1295
Alive,"BR – ENTRETENIMENTO","TV SUL BAHIA","https://live.cdn.upx.com/00046/myStream.sdp/playlist.m3u8","",1327
Dead,"BR – ENTRETENIMENTO","TV SUL DE MINAS","https://5cf4a2c2512a2.streamlock.net/tvsuldeminas/tvsuldeminas/playlist.m3u8","HTTP 404",681
Dead,"BR – ENTRETENIMENTO","TV THATHI","https://cdn-grupo-10049.ciclano.io:1443/grupo-10049/grupo-10049/playlist.m3u8","DNS failure",255
Alive,"BR – ENTRETENIMENTO","TV VIÇOSA","http://wz4.dnip.com.br/fratevitv/fratevitv.sdp/playlist.m3u8","",479
Alive,"BR – ENTRETENIMENTO","TV VILA REAL","https://cdn.jmvstream.com/w/LVW-10841/LVW10841_mT77z9o2cP/playlist.m3u8","",1009
Alive,"BR – ENTRETENIMENTO","TV ZIMBO","https://sgn-cdn-video.vods2africa.com/Tv-Zimbo/index.fmp4.m3u8","",1836
Alive,"BR – ENTRETENIMENTO","TV ZOOM","https://cdn.jmvstream.com/w/LVW-9730/LVW9730_LmUwslM8jt/playlist.m3u8","",1000
Alive,"BR – ENTRETENIMENTO","TVLATINASAT","https://www.latinasat.com.br/hls/live/stream/index.m3u8","",1617
Dead,"BR – ENTRETENIMENTO","TVMATIC COMEDY","http://cdn.tvmatic.net/comedy.m3u8","Timeout",40203
Dead,"BR – ENTRETENIMENTO","TVMATIC CRAFTS","http://cdn.tvmatic.net/crafts.m3u8","Timeout",40191
Dead,"BR – ENTRETENIMENTO","TVMATIC FUNNY","http://cdn.tvmatic.net/funny.m3u8","Timeout",40256
Alive,"BR – ENTRETENIMENTO","TVNBN","https://cdn.jmvstream.com/w/LVW-8410/LVW8410_uiZOVm6vz1/playlist.m3u8","",1013
Alive,"BR – ENTRETENIMENTO","UMA TV","https://umatv.nuvemplay.live/hls/stream.m3u8","",1183
Dead,"BR – ENTRETENIMENTO","VIAJANDO PELO BRASIL","http://video01.soultv.com.br/viajandopelobrasil/viajandopelobrasil/playlist.m3u8?ManoTV","Timeout",20288
Alive,"BR – ENTRETENIMENTO","VIVA FHD","http://up.kiwi/351921603109/34939156/296563","",1854
Alive,"BR – ENTRETENIMENTO","VIVA H265","http://up.kiwi/351921603109/34939156/299688","",1815
Dead,"BR – ENTRETENIMENTO","VIVA H265 [2]","http://up.kiwi/351921603109/34939156/1579","HTTP 404",644
Alive,"BR – ENTRETENIMENTO","VIVA HD","http://up.kiwi/351921603109/34939156/1581","",2643
Dead,"BR – ENTRETENIMENTO","VIVA HD [2]","http://up.kiwi/351921603109/34939156/296560","HTTP 404",1669
Alive,"BR – ENTRETENIMENTO","VIVA SD","http://up.kiwi/351921603109/34939156/296561","",1834
Dead,"BR – ENTRETENIMENTO","VRT CHANNEL","https://sistemavrt.vrtchannel.tv.br:3473/stream/play.m3u8","Timeout",21701
Alive,"BR – ENTRETENIMENTO","VRT CHANNEL [2]","https://sistemavrt2023.vrtchannel.tv.br:3626/hybrid/play.m3u8","",1959
Alive,"BR – ENTRETENIMENTO","WEB TV CLASSICOS","https://live20.bozztv.com/giatvplayout7/giatv-208272/playlist.m3u8","",340
Alive,"BR – ENTRETENIMENTO","WORDING TV","https://tv02.zas.media:1936/wordingtv/wordingtv/chunklist_w1264551258.m3u8","",1969
Dead,"BR – ENTRETENIMENTO","YEEAAH","http://stmv2.painelvideo.top/yeeaahrede/yeeaahrede/playlist.m3u8","('Connection aborted.', RemoteDisconnected('Remote end closed connection without response'))",881
Dead,"BR – ENTRETENIMENTO","¡HOLA! PLAY","https://022d66c197dd4a1e9008e0134a74f34e.mediatailor.us-east-1.amazonaws.com/v1/master/44f73ba4d03e9607dcd9bebdcb8494d86964f1d8/Samsung-es_HolaPlay/playlist.m3u8?ads.wurl_channel=790&ads.wurl_name=HolaPlay&ads.coppa=0&ads.psid=%7BPSID%7D&ads.targetopt=%7BTARGETOPT%7D&ads.app_domain=%7BAPP_DOMAIN%7D&ads.app_name=%7BAPP_NAME%7D&ads.consent=%7BTC_STRING%7D","HTTP 504",800
Alive,"BR – PAY PER VIEW","[US] FIFA+ TV","http://up.kiwi/351921603109/34939156/1260841","",1827
Alive,"BR – PAY PER VIEW","APPLE TV 01 HD","http://up.kiwi/351921603109/34939156/988090","",1874
Alive,"BR – PAY PER VIEW","APPLE TV 01 HD ALT","http://up.kiwi/351921603109/34939156/988091","",2733
Alive,"BR – PAY PER VIEW","APPLE TV 01 HD ALT 01","http://up.kiwi/351921603109/34939156/988092","",1866
Alive,"BR – PAY PER VIEW","APPLE TV 02 HD","http://up.kiwi/351921603109/34939156/988093","",1892
Alive,"BR – PAY PER VIEW","APPLE TV 03 HD","http://up.kiwi/351921603109/34939156/988094","",1969
Alive,"BR – PAY PER VIEW","APPLE TV 04 HD","http://up.kiwi/351921603109/34939156/988095","",2059
Dead,"BR – PAY PER VIEW","BRASILEIRAO SERIE A FHD","http://tjtor8411.com:80/Osiel123/Felicidade321/317063.ts","No data (insufficient stream data: 235 bytes)",231
Dead,"BR – PAY PER VIEW","BRASILEIRAO SERIE A HD","http://tjtor8411.com:80/Osiel123/Felicidade321/317064.ts","No data (insufficient stream data: 235 bytes)",246
Dead,"BR – PAY PER VIEW","BRASILEIRAO SERIE A SD","http://tjtor8411.com:80/Osiel123/Felicidade321/317065.ts","No data (insufficient stream data: 235 bytes)",249
Dead,"BR – PAY PER VIEW","BRASILEIRAO SERIE C 1 FHD","http://tjtor8411.com:80/Osiel123/Felicidade321/157407.ts","No data (insufficient stream data: 235 bytes)",292
Dead,"BR – PAY PER VIEW","BRASILEIRAO SERIE C 1 FHD [2]","http://tjtor8411.com:80/010794/FXz1sY/157407.ts","No data (insufficient stream data: 235 bytes)",293
Dead,"BR – PAY PER VIEW","BRASILEIRAO SERIE C 1 HD","http://tjtor8411.com:80/Osiel123/Felicidade321/157408.ts","No data (insufficient stream data: 235 bytes)",324
Dead,"BR – PAY PER VIEW","BRASILEIRAO SERIE C 1 HD [2]","http://tjtor8411.com:80/010794/FXz1sY/157408.ts","No data (insufficient stream data: 235 bytes)",276
Dead,"BR – PAY PER VIEW","BRASILEIRAO SERIE C 1 SD","http://tjtor8411.com:80/Osiel123/Felicidade321/157409.ts","No data (insufficient stream data: 235 bytes)",293
Dead,"BR – PAY PER VIEW","BRASILEIRAO SERIE C 1 SD [2]","http://tjtor8411.com:80/010794/FXz1sY/157409.ts","No data (insufficient stream data: 235 bytes)",326
Dead,"BR – PAY PER VIEW","BRASILEIRAO SERIE C 2 FHD","http://tjtor8411.com:80/Osiel123/Felicidade321/157410.ts","No data (insufficient stream data: 235 bytes)",310
Dead,"BR – PAY PER VIEW","BRASILEIRAO SERIE C 2 FHD [2]","http://tjtor8411.com:80/010794/FXz1sY/157410.ts","No data (insufficient stream data: 235 bytes)",289
Dead,"BR – PAY PER VIEW","BRASILEIRAO SERIE C 2 HD","http://tjtor8411.com:80/Osiel123/Felicidade321/157411.ts","No data (insufficient stream data: 235 bytes)",260
Dead,"BR – PAY PER VIEW","BRASILEIRAO SERIE C 2 HD [2]","http://tjtor8411.com:80/010794/FXz1sY/157411.ts","No data (insufficient stream data: 235 bytes)",306
Dead,"BR – PAY PER VIEW","BRASILEIRAO SERIE C 2 SD","http://tjtor8411.com:80/Osiel123/Felicidade321/157412.ts","No data (insufficient stream data: 235 bytes)",286
Dead,"BR – PAY PER VIEW","BRASILEIRAO SERIE C 2 SD [2]","http://tjtor8411.com:80/010794/FXz1sY/157412.ts","No data (insufficient stream data: 235 bytes)",277
Dead,"BR – PAY PER VIEW","BRASILEIRAO SERIE C 3 FHD","http://tjtor8411.com:80/Osiel123/Felicidade321/157413.ts","No data (insufficient stream data: 235 bytes)",301
Dead,"BR – PAY PER VIEW","BRASILEIRAO SERIE C 3 FHD [2]","http://tjtor8411.com:80/010794/FXz1sY/157413.ts","No data (insufficient stream data: 235 bytes)",363
Dead,"BR – PAY PER VIEW","BRASILEIRAO SERIE C 3 HD","http://tjtor8411.com:80/Osiel123/Felicidade321/157414.ts","No data (insufficient stream data: 235 bytes)",417
Dead,"BR – PAY PER VIEW","BRASILEIRAO SERIE C 3 HD [2]","http://tjtor8411.com:80/010794/FXz1sY/157414.ts","No data (insufficient stream data: 235 bytes)",361
Dead,"BR – PAY PER VIEW","BRASILEIRAO SERIE C 3 SD","http://tjtor8411.com:80/Osiel123/Felicidade321/157415.ts","No data (insufficient stream data: 235 bytes)",299
Dead,"BR – PAY PER VIEW","BRASILEIRAO SERIE C 3 SD [2]","http://tjtor8411.com:80/010794/FXz1sY/157415.ts","No data (insufficient stream data: 235 bytes)",361
Alive,"BR – PAY PER VIEW","CANAL GOAT","https://cng-cngt-samsungtvplus-br.otteravision.com/cng/cngt/cngt.m3u8","",482
Dead,"BR – PAY PER VIEW","CANAL GOAT 2 FHD","http://tjtor8411.com:80/Osiel123/Felicidade321/242172.ts","No data (insufficient stream data: 235 bytes)",368
Dead,"BR – PAY PER VIEW","CANAL GOAT 2 HD","http://tjtor8411.com:80/Osiel123/Felicidade321/242173.ts","No data (insufficient stream data: 235 bytes)",237
Dead,"BR – PAY PER VIEW","CANAL GOAT 2 SD","http://tjtor8411.com:80/Osiel123/Felicidade321/242174.ts","No data (insufficient stream data: 235 bytes)",353
Dead,"BR – PAY PER VIEW","CANAL GOAT FHD","http://tjtor8411.com:80/Osiel123/Felicidade321/218845.ts","No data (insufficient stream data: 235 bytes)",358
Dead,"BR – PAY PER VIEW","CANAL GOAT HD","http://tjtor8411.com:80/Osiel123/Felicidade321/218846.ts","No data (insufficient stream data: 235 bytes)",328
Dead,"BR – PAY PER VIEW","CANAL GOAT SD","http://tjtor8411.com:80/Osiel123/Felicidade321/218847.ts","No data (insufficient stream data: 235 bytes)",734
Alive,"BR – PAY PER VIEW","CAZE TV","http://up.kiwi/351921603109/34939156/212","",1936
Dead,"BR – PAY PER VIEW","CAZE TV FHD","http://tjtor8411.com:80/Osiel123/Felicidade321/76671.ts","No data (insufficient stream data: 235 bytes)",382
Alive,"BR – PAY PER VIEW","CAZÉ TV FHD","https://amg01391-amg01391c10-tcl-br-9630.playouts.now.amagi.tv/1080p-cc/index.m3u8","",637
Dead,"BR – PAY PER VIEW","CAZE TV FHD [2]","http://tjtor8411.com:80/010794/FXz1sY/76671.ts","No data (insufficient stream data: 235 bytes)",442
Alive,"BR – PAY PER VIEW","CAZÉ TV HD","https://amg01391-amg01391c10-tcl-br-9630.playouts.now.amagi.tv/720p-cc/index.m3u8","",791
Geoblocked,"BR – PAY PER VIEW","CAZÉ TV YT","https://cr7v.short.gy/CZYT/ManoTV/75991634025/index.m3u8","HTTP 403",275
Geoblocked,"BR – PAY PER VIEW","CAZÉ TV YT 2","https://t5r4e3w2q1y0.s21-cloudfront-net.lat/test/790040534a2a067a72b4406b593efe1f/file.txt","HTTP 403",136
Dead,"BR – PAY PER VIEW","COPA DO BRASIL 1 FHD","http://tjtor8411.com:80/Osiel123/Felicidade321/150498.ts","No data (insufficient stream data: 235 bytes)",420
Dead,"BR – PAY PER VIEW","COPA DO BRASIL 1 FHD [2]","http://tjtor8411.com:80/010794/FXz1sY/150498.ts","No data (insufficient stream data: 235 bytes)",401
Dead,"BR – PAY PER VIEW","COPA DO BRASIL 1 HD","http://tjtor8411.com:80/Osiel123/Felicidade321/150499.ts","No data (insufficient stream data: 235 bytes)",389
Dead,"BR – PAY PER VIEW","COPA DO BRASIL 1 HD [2]","http://tjtor8411.com:80/010794/FXz1sY/150499.ts","No data (insufficient stream data: 235 bytes)",278
Dead,"BR – PAY PER VIEW","COPA DO BRASIL 1 SD","http://tjtor8411.com:80/Osiel123/Felicidade321/150500.ts","No data (insufficient stream data: 235 bytes)",355
Dead,"BR – PAY PER VIEW","COPA DO BRASIL 1 SD [2]","http://tjtor8411.com:80/010794/FXz1sY/150500.ts","No data (insufficient stream data: 235 bytes)",301
Dead,"BR – PAY PER VIEW","COPA DO BRASIL 2 FHD","http://tjtor8411.com:80/Osiel123/Felicidade321/150501.ts","No data (insufficient stream data: 235 bytes)",387
Dead,"BR – PAY PER VIEW","COPA DO BRASIL 2 FHD [2]","http://tjtor8411.com:80/010794/FXz1sY/150501.ts","No data (insufficient stream data: 235 bytes)",282
Dead,"BR – PAY PER VIEW","COPA DO BRASIL 2 HD","http://tjtor8411.com:80/Osiel123/Felicidade321/150502.ts","No data (insufficient stream data: 235 bytes)",405
Dead,"BR – PAY PER VIEW","COPA DO BRASIL 2 HD [2]","http://tjtor8411.com:80/010794/FXz1sY/150502.ts","No data (insufficient stream data: 235 bytes)",375
Dead,"BR – PAY PER VIEW","COPA DO BRASIL 2 SD","http://tjtor8411.com:80/Osiel123/Felicidade321/150503.ts","No data (insufficient stream data: 235 bytes)",312
Dead,"BR – PAY PER VIEW","COPA DO BRASIL 2 SD [2]","http://tjtor8411.com:80/010794/FXz1sY/150503.ts","No data (insufficient stream data: 235 bytes)",323
Dead,"BR – PAY PER VIEW","COPA DO BRASIL 3 FHD","http://tjtor8411.com:80/Osiel123/Felicidade321/142040.ts","No data (insufficient stream data: 235 bytes)",318
Dead,"BR – PAY PER VIEW","COPA DO BRASIL 3 FHD [2]","http://tjtor8411.com:80/010794/FXz1sY/142040.ts","No data (insufficient stream data: 235 bytes)",322
Dead,"BR – PAY PER VIEW","COPA DO BRASIL 3 HD","http://tjtor8411.com:80/Osiel123/Felicidade321/105789.ts","No data (insufficient stream data: 235 bytes)",336
Dead,"BR – PAY PER VIEW","COPA DO BRASIL 3 HD [2]","http://tjtor8411.com:80/010794/FXz1sY/105789.ts","No data (insufficient stream data: 235 bytes)",353
Dead,"BR – PAY PER VIEW","COPA DO BRASIL 3 SD","http://tjtor8411.com:80/Osiel123/Felicidade321/142041.ts","No data (insufficient stream data: 235 bytes)",312
Dead,"BR – PAY PER VIEW","COPA DO BRASIL 3 SD [2]","http://tjtor8411.com:80/010794/FXz1sY/142041.ts","No data (insufficient stream data: 235 bytes)",367
Dead,"BR – PAY PER VIEW","COPA DO BRASIL 4 FHD","http://tjtor8411.com:80/Osiel123/Felicidade321/193253.ts","No data (insufficient stream data: 235 bytes)",347
Dead,"BR – PAY PER VIEW","COPA DO BRASIL 4 HD","http://tjtor8411.com:80/Osiel123/Felicidade321/193254.ts","No data (insufficient stream data: 235 bytes)",312
Dead,"BR – PAY PER VIEW","COPA DO BRASIL 4 SD","http://tjtor8411.com:80/Osiel123/Felicidade321/193255.ts","No data (insufficient stream data: 235 bytes)",275
Dead,"BR – PAY PER VIEW","DIRECTV GO 1 PPV HD","http://up.kiwi/351921603109/34939156/336","HTTP 404",14100
Dead,"BR – PAY PER VIEW","DIRECTV GO 2 PPV HD","http://up.kiwi/351921603109/34939156/337","HTTP 404",692
Dead,"BR – PAY PER VIEW","FCF TV 1 HD","http://tjtor8411.com:80/Osiel123/Felicidade321/247977.ts","No data (insufficient stream data: 235 bytes)",246
Dead,"BR – PAY PER VIEW","FCF TV 1 SD","http://tjtor8411.com:80/Osiel123/Felicidade321/247978.ts","No data (insufficient stream data: 235 bytes)",329
Dead,"BR – PAY PER VIEW","FCF TV 2 FHD","http://tjtor8411.com:80/Osiel123/Felicidade321/247979.ts","No data (insufficient stream data: 235 bytes)",255
Dead,"BR – PAY PER VIEW","FCF TV 2 HD","http://tjtor8411.com:80/Osiel123/Felicidade321/247980.ts","No data (insufficient stream data: 235 bytes)",398
Dead,"BR – PAY PER VIEW","FCF TV 2 SD","http://tjtor8411.com:80/Osiel123/Felicidade321/247981.ts","No data (insufficient stream data: 235 bytes)",379
Alive,"BR – PAY PER VIEW","FIFA PLUS","https://e834459f.wurl.com/master/f36d25e7e52f1ba8d7e56eb859c636563214f541/U2Ftc3VuZy1icl9GSUZBUGx1c1BvcnR1Z3Vlc2VfSExT/playlist.m3u8","",1000
Alive,"BR – PAY PER VIEW","FIFA+","https://jmp2.uk/plu-66997e8d3a4ad20008e50be9.m3u8","",943
Dead,"BR – PAY PER VIEW","FURACAO TV PPV HD","http://up.kiwi/351921603109/34939156/526","HTTP 404",649
Dead,"BR – PAY PER VIEW","LIGA FUTSAL 1 FHD","http://tjtor8411.com:80/Osiel123/Felicidade321/73006.ts","No data (insufficient stream data: 235 bytes)",311
Dead,"BR – PAY PER VIEW","LIGA FUTSAL 1 FHD [2]","http://tjtor8411.com:80/010794/FXz1sY/73006.ts","No data (insufficient stream data: 235 bytes)",315
Dead,"BR – PAY PER VIEW","LIGA FUTSAL 1 HD","http://tjtor8411.com:80/Osiel123/Felicidade321/109225.ts","No data (insufficient stream data: 235 bytes)",401
Dead,"BR – PAY PER VIEW","LIGA FUTSAL 1 HD [2]","http://tjtor8411.com:80/010794/FXz1sY/109225.ts","No data (insufficient stream data: 235 bytes)",396
Dead,"BR – PAY PER VIEW","LIGA FUTSAL 1 SD","http://tjtor8411.com:80/Osiel123/Felicidade321/155741.ts","No data (insufficient stream data: 235 bytes)",277
Dead,"BR – PAY PER VIEW","LIGA FUTSAL 1 SD [2]","http://tjtor8411.com:80/010794/FXz1sY/155741.ts","No data (insufficient stream data: 235 bytes)",407
Dead,"BR – PAY PER VIEW","LIGA FUTSAL 2 FHD","http://tjtor8411.com:80/Osiel123/Felicidade321/155742.ts","No data (insufficient stream data: 235 bytes)",464
Dead,"BR – PAY PER VIEW","LIGA FUTSAL 2 FHD [2]","http://tjtor8411.com:80/010794/FXz1sY/155742.ts","No data (insufficient stream data: 235 bytes)",419
Dead,"BR – PAY PER VIEW","LIGA FUTSAL 2 HD","http://tjtor8411.com:80/Osiel123/Felicidade321/155743.ts","No data (insufficient stream data: 235 bytes)",429
Dead,"BR – PAY PER VIEW","LIGA FUTSAL 2 HD [2]","http://tjtor8411.com:80/010794/FXz1sY/155743.ts","No data (insufficient stream data: 235 bytes)",448
Dead,"BR – PAY PER VIEW","LIGA FUTSAL 2 PPV HD","http://up.kiwi/351921603109/34939156/715","HTTP 404",14202
Dead,"BR – PAY PER VIEW","LIGA FUTSAL 2 PPV SD","http://up.kiwi/351921603109/34939156/716","HTTP 404",14162
Dead,"BR – PAY PER VIEW","LIGA FUTSAL 2 SD","http://tjtor8411.com:80/Osiel123/Felicidade321/155744.ts","No data (insufficient stream data: 235 bytes)",474
Dead,"BR – PAY PER VIEW","LIGA FUTSAL 2 SD [2]","http://tjtor8411.com:80/010794/FXz1sY/155744.ts","No data (insufficient stream data: 235 bytes)",492
Dead,"BR – PAY PER VIEW","LIGA FUTSAL 3 FHD","http://tjtor8411.com:80/Osiel123/Felicidade321/156663.ts","No data (insufficient stream data: 235 bytes)",416
Dead,"BR – PAY PER VIEW","LIGA FUTSAL 3 FHD [2]","http://tjtor8411.com:80/010794/FXz1sY/156663.ts","No data (insufficient stream data: 235 bytes)",444
Dead,"BR – PAY PER VIEW","LIGA FUTSAL 3 HD","http://tjtor8411.com:80/Osiel123/Felicidade321/156664.ts","No data (insufficient stream data: 235 bytes)",452
Dead,"BR – PAY PER VIEW","LIGA FUTSAL 3 HD [2]","http://tjtor8411.com:80/010794/FXz1sY/156664.ts","No data (insufficient stream data: 235 bytes)",365
Dead,"BR – PAY PER VIEW","LIGA FUTSAL 3 SD","http://tjtor8411.com:80/Osiel123/Felicidade321/156665.ts","No data (insufficient stream data: 235 bytes)",454
Dead,"BR – PAY PER VIEW","LIGA FUTSAL 3 SD [2]","http://tjtor8411.com:80/010794/FXz1sY/156665.ts","No data (insufficient stream data: 235 bytes)",426
Dead,"BR – PAY PER VIEW","LIGA FUTSAL 4 FHD","http://tjtor8411.com:80/Osiel123/Felicidade321/156666.ts","No data (insufficient stream data: 235 bytes)",490
Dead,"BR – PAY PER VIEW","LIGA FUTSAL 4 FHD [2]","http://tjtor8411.com:80/010794/FXz1sY/156666.ts","No data (insufficient stream data: 235 bytes)",423
Dead,"BR – PAY PER VIEW","LIGA FUTSAL 4 HD","http://tjtor8411.com:80/Osiel123/Felicidade321/156667.ts","No data (insufficient stream data: 235 bytes)",524
Dead,"BR – PAY PER VIEW","LIGA FUTSAL 4 HD [2]","http://tjtor8411.com:80/010794/FXz1sY/156667.ts","No data (insufficient stream data: 235 bytes)",581
Dead,"BR – PAY PER VIEW","LIGA FUTSAL 4 SD","http://tjtor8411.com:80/Osiel123/Felicidade321/156668.ts","No data (insufficient stream data: 235 bytes)",492
Dead,"BR – PAY PER VIEW","LIGA FUTSAL 4 SD [2]","http://tjtor8411.com:80/010794/FXz1sY/156668.ts","No data (insufficient stream data: 235 bytes)",502
Dead,"BR – PAY PER VIEW","LIGA FUTSAL PPV HD","http://up.kiwi/351921603109/34939156/717","HTTP 404",14177
Dead,"BR – PAY PER VIEW","LIGA FUTSAL PPV SD","http://up.kiwi/351921603109/34939156/718","HTTP 404",14259
Dead,"BR – PAY PER VIEW","ONEFOOTBALL 1 FHD","http://tjtor8411.com:80/Osiel123/Felicidade321/185800.ts","No data (insufficient stream data: 235 bytes)",503
Dead,"BR – PAY PER VIEW","ONEFOOTBALL 1 FHD [2]","http://tjtor8411.com:80/010794/FXz1sY/185800.ts","No data (insufficient stream data: 235 bytes)",890
Dead,"BR – PAY PER VIEW","ONEFOOTBALL 1 HD","http://tjtor8411.com:80/Osiel123/Felicidade321/185801.ts","No data (insufficient stream data: 235 bytes)",532
Dead,"BR – PAY PER VIEW","ONEFOOTBALL 1 HD [2]","http://tjtor8411.com:80/010794/FXz1sY/185801.ts","No data (insufficient stream data: 235 bytes)",472
Dead,"BR – PAY PER VIEW","ONEFOOTBALL 1 SD","http://tjtor8411.com:80/Osiel123/Felicidade321/185802.ts","No data (insufficient stream data: 235 bytes)",467
Dead,"BR – PAY PER VIEW","ONEFOOTBALL 1 SD [2]","http://tjtor8411.com:80/010794/FXz1sY/185802.ts","No data (insufficient stream data: 235 bytes)",523
Dead,"BR – PAY PER VIEW","PREMIERE 2 [H265 ]","http://tjtor8411.com:80/Osiel123/Felicidade321/72238.ts","No data (insufficient stream data: 235 bytes)",526
Dead,"BR – PAY PER VIEW","PREMIERE 2 [H265 ] [2]","http://tjtor8411.com:80/010794/FXz1sY/72238.ts","No data (insufficient stream data: 235 bytes)",506
Dead,"BR – PAY PER VIEW","PREMIERE 2 FHD","http://up.kiwi/351921603109/34939156/859","HTTP 404",656
Dead,"BR – PAY PER VIEW","PREMIERE 2 FHD [2]","http://tjtor8411.com:80/Osiel123/Felicidade321/72237.ts","No data (insufficient stream data: 235 bytes)",486
Dead,"BR – PAY PER VIEW","PREMIERE 2 FHD [3]","http://tjtor8411.com:80/010794/FXz1sY/72237.ts","No data (insufficient stream data: 235 bytes)",482
Alive,"BR – PAY PER VIEW","PREMIERE 2 H265","http://up.kiwi/351921603109/34939156/305247","",7742
Dead,"BR – PAY PER VIEW","PREMIERE 2 H265 [2]","http://tjtor8411.com:80/Osiel123/Felicidade321/103482.ts","No data (insufficient stream data: 235 bytes)",478
Dead,"BR – PAY PER VIEW","PREMIERE 2 H265 [3]","http://tjtor8411.com:80/010794/FXz1sY/103482.ts","No data (insufficient stream data: 235 bytes)",464
Alive,"BR – PAY PER VIEW","PREMIERE 2 HD","http://up.kiwi/351921603109/34939156/861","",16666
Dead,"BR – PAY PER VIEW","PREMIERE 2 HD [2]","http://tjtor8411.com:80/Osiel123/Felicidade321/72239.ts","No data (insufficient stream data: 235 bytes)",417
Dead,"BR – PAY PER VIEW","PREMIERE 2 HD [3]","http://tjtor8411.com:80/010794/FXz1sY/72239.ts","No data (insufficient stream data: 235 bytes)",460
Geoblocked,"BR – PAY PER VIEW","PREMIERE 2 HD [4]","https://cr7v.short.gy/Canal2/index.m3u8","HTTP 403",331
Alive,"BR – PAY PER VIEW","PREMIERE 2 SD","http://up.kiwi/351921603109/34939156/863","",14877
Dead,"BR – PAY PER VIEW","PREMIERE 2 SD [2]","http://tjtor8411.com:80/Osiel123/Felicidade321/72240.ts","No data (insufficient stream data: 235 bytes)",456
Dead,"BR – PAY PER VIEW","PREMIERE 2 SD [3]","http://tjtor8411.com:80/010794/FXz1sY/72240.ts","No data (insufficient stream data: 235 bytes)",396
Dead,"BR – PAY PER VIEW","PREMIERE 3 [H265 ]","http://tjtor8411.com:80/Osiel123/Felicidade321/72242.ts","No data (insufficient stream data: 235 bytes)",460
Dead,"BR – PAY PER VIEW","PREMIERE 3 [H265 ] [2]","http://tjtor8411.com:80/010794/FXz1sY/72242.ts","No data (insufficient stream data: 235 bytes)",312
Dead,"BR – PAY PER VIEW","PREMIERE 3 FHD","http://tjtor8411.com:80/Osiel123/Felicidade321/72241.ts","No data (insufficient stream data: 235 bytes)",350
Dead,"BR – PAY PER VIEW","PREMIERE 3 FHD [2]","http://tjtor8411.com:80/010794/FXz1sY/72241.ts","No data (insufficient stream data: 235 bytes)",306
Alive,"BR – PAY PER VIEW","PREMIERE 3 H265","http://up.kiwi/351921603109/34939156/305248","",10887
Alive,"BR – PAY PER VIEW","PREMIERE 3 H265 [2]","http://up.kiwi/351921603109/34939156/865","",16656
Dead,"BR – PAY PER VIEW","PREMIERE 3 H265 [3]","http://tjtor8411.com:80/Osiel123/Felicidade321/103481.ts","No data (insufficient stream data: 235 bytes)",317
Dead,"BR – PAY PER VIEW","PREMIERE 3 H265 [4]","http://tjtor8411.com:80/010794/FXz1sY/103481.ts","No data (insufficient stream data: 235 bytes)",360
Dead,"BR – PAY PER VIEW","PREMIERE 3 HD","http://up.kiwi/351921603109/34939156/867","HTTP 502",3332
Alive,"BR – PAY PER VIEW","PREMIERE 3 HD [2]","http://up.kiwi/351921603109/34939156/296309","",17695
Dead,"BR – PAY PER VIEW","PREMIERE 3 HD [3]","http://tjtor8411.com:80/Osiel123/Felicidade321/72243.ts","No data (insufficient stream data: 235 bytes)",400
Dead,"BR – PAY PER VIEW","PREMIERE 3 HD [4]","http://tjtor8411.com:80/010794/FXz1sY/72243.ts","No data (insufficient stream data: 235 bytes)",327
Geoblocked,"BR – PAY PER VIEW","PREMIERE 3 HD [5]","https://cr7v.short.gy/Canal3/index.m3u8","HTTP 403",339
Dead,"BR – PAY PER VIEW","PREMIERE 3 SD","http://up.kiwi/351921603109/34939156/869","HTTP 502",3291
Dead,"BR – PAY PER VIEW","PREMIERE 3 SD [2]","http://up.kiwi/351921603109/34939156/296310","HTTP 404",706
Dead,"BR – PAY PER VIEW","PREMIERE 3 SD [3]","http://tjtor8411.com:80/Osiel123/Felicidade321/72244.ts","No data (insufficient stream data: 235 bytes)",331
Dead,"BR – PAY PER VIEW","PREMIERE 3 SD [4]","http://tjtor8411.com:80/010794/FXz1sY/72244.ts","No data (insufficient stream data: 235 bytes)",297
Dead,"BR – PAY PER VIEW","PREMIERE 4 [H265 ]","http://tjtor8411.com:80/Osiel123/Felicidade321/72246.ts","No data (insufficient stream data: 235 bytes)",296
Dead,"BR – PAY PER VIEW","PREMIERE 4 [H265 ] [2]","http://tjtor8411.com:80/010794/FXz1sY/72246.ts","No data (insufficient stream data: 235 bytes)",219
Alive,"BR – PAY PER VIEW","PREMIERE 4 FHD","http://up.kiwi/351921603109/34939156/296311","",17926
Dead,"BR – PAY PER VIEW","PREMIERE 4 FHD [2]","http://tjtor8411.com:80/Osiel123/Felicidade321/72245.ts","No data (insufficient stream data: 235 bytes)",330
Dead,"BR – PAY PER VIEW","PREMIERE 4 FHD [3]","http://tjtor8411.com:80/010794/FXz1sY/72245.ts","No data (insufficient stream data: 235 bytes)",272
Alive,"BR – PAY PER VIEW","PREMIERE 4 H265","http://up.kiwi/351921603109/34939156/873","",19535
Dead,"BR – PAY PER VIEW","PREMIERE 4 H265 [2]","http://tjtor8411.com:80/Osiel123/Felicidade321/103480.ts","No data (insufficient stream data: 235 bytes)",239
Dead,"BR – PAY PER VIEW","PREMIERE 4 H265 [3]","http://tjtor8411.com:80/010794/FXz1sY/103480.ts","No data (insufficient stream data: 235 bytes)",269
Alive,"BR – PAY PER VIEW","PREMIERE 4 HD","http://up.kiwi/351921603109/34939156/296312","",12874
Dead,"BR – PAY PER VIEW","PREMIERE 4 HD [2]","http://tjtor8411.com:80/Osiel123/Felicidade321/72247.ts","No data (insufficient stream data: 235 bytes)",230
Dead,"BR – PAY PER VIEW","PREMIERE 4 HD [3]","http://tjtor8411.com:80/010794/FXz1sY/72247.ts","No data (insufficient stream data: 235 bytes)",245
Geoblocked,"BR – PAY PER VIEW","PREMIERE 4 HD [4]","https://cr7v.short.gy/Canal4/index.m3u8","HTTP 403",390
Alive,"BR – PAY PER VIEW","PREMIERE 4 SD","http://up.kiwi/351921603109/34939156/875","",12703
Dead,"BR – PAY PER VIEW","PREMIERE 4 SD [2]","http://tjtor8411.com:80/Osiel123/Felicidade321/72248.ts","No data (insufficient stream data: 235 bytes)",262
Dead,"BR – PAY PER VIEW","PREMIERE 4 SD [3]","http://tjtor8411.com:80/010794/FXz1sY/72248.ts","No data (insufficient stream data: 235 bytes)",201
Dead,"BR – PAY PER VIEW","PREMIERE 5 [H265 ]","http://tjtor8411.com:80/Osiel123/Felicidade321/72250.ts","No data (insufficient stream data: 235 bytes)",253
Dead,"BR – PAY PER VIEW","PREMIERE 5 [H265 ] [2]","http://tjtor8411.com:80/010794/FXz1sY/72250.ts","No data (insufficient stream data: 235 bytes)",267
Dead,"BR – PAY PER VIEW","PREMIERE 5 FHD","http://tjtor8411.com:80/Osiel123/Felicidade321/72249.ts","No data (insufficient stream data: 235 bytes)",234
Dead,"BR – PAY PER VIEW","PREMIERE 5 FHD [2]","http://tjtor8411.com:80/010794/FXz1sY/72249.ts","No data (insufficient stream data: 235 bytes)",225
Alive,"BR – PAY PER VIEW","PREMIERE 5 H265","http://up.kiwi/351921603109/34939156/305249","",17627
Dead,"BR – PAY PER VIEW","PREMIERE 5 H265 [2]","http://up.kiwi/351921603109/34939156/877","HTTP 502",3153
Dead,"BR – PAY PER VIEW","PREMIERE 5 H265 [3]","http://tjtor8411.com:80/Osiel123/Felicidade321/103479.ts","No data (insufficient stream data: 235 bytes)",267
Dead,"BR – PAY PER VIEW","PREMIERE 5 H265 [4]","http://tjtor8411.com:80/010794/FXz1sY/103479.ts","No data (insufficient stream data: 235 bytes)",290
Alive,"BR – PAY PER VIEW","PREMIERE 5 HD","http://up.kiwi/351921603109/34939156/879","",8842
Dead,"BR – PAY PER VIEW","PREMIERE 5 HD [2]","http://up.kiwi/351921603109/34939156/296313","HTTP 404",681
Dead,"BR – PAY PER VIEW","PREMIERE 5 HD [3]","http://tjtor8411.com:80/Osiel123/Felicidade321/72251.ts","No data (insufficient stream data: 235 bytes)",275
Dead,"BR – PAY PER VIEW","PREMIERE 5 HD [4]","http://tjtor8411.com:80/010794/FXz1sY/72251.ts","No data (insufficient stream data: 235 bytes)",273
Alive,"BR – PAY PER VIEW","PREMIERE 5 SD","http://up.kiwi/351921603109/34939156/881","",12405
Alive,"BR – PAY PER VIEW","PREMIERE 5 SD [2]","http://up.kiwi/351921603109/34939156/296314","",20086
Dead,"BR – PAY PER VIEW","PREMIERE 5 SD [3]","http://tjtor8411.com:80/Osiel123/Felicidade321/72252.ts","No data (insufficient stream data: 235 bytes)",309
Dead,"BR – PAY PER VIEW","PREMIERE 5 SD [4]","http://tjtor8411.com:80/010794/FXz1sY/72252.ts","No data (insufficient stream data: 235 bytes)",311
Dead,"BR – PAY PER VIEW","PREMIERE 6 [H265 ]","http://tjtor8411.com:80/Osiel123/Felicidade321/72254.ts","No data (insufficient stream data: 235 bytes)",264
Dead,"BR – PAY PER VIEW","PREMIERE 6 [H265 ] [2]","http://tjtor8411.com:80/010794/FXz1sY/72254.ts","No data (insufficient stream data: 235 bytes)",358
Dead,"BR – PAY PER VIEW","PREMIERE 6 FHD","http://tjtor8411.com:80/Osiel123/Felicidade321/72253.ts","No data (insufficient stream data: 235 bytes)",317
Dead,"BR – PAY PER VIEW","PREMIERE 6 FHD [2]","http://tjtor8411.com:80/010794/FXz1sY/72253.ts","No data (insufficient stream data: 235 bytes)",327
Dead,"BR – PAY PER VIEW","PREMIERE 6 H265","http://up.kiwi/351921603109/34939156/305250","HTTP 404",690
Dead,"BR – PAY PER VIEW","PREMIERE 6 H265 [2]","http://up.kiwi/351921603109/34939156/883","HTTP 502",2230
Dead,"BR – PAY PER VIEW","PREMIERE 6 H265 [3]","http://tjtor8411.com:80/Osiel123/Felicidade321/103478.ts","No data (insufficient stream data: 235 bytes)",309
Dead,"BR – PAY PER VIEW","PREMIERE 6 H265 [4]","http://tjtor8411.com:80/010794/FXz1sY/103478.ts","No data (insufficient stream data: 235 bytes)",352
Alive,"BR – PAY PER VIEW","PREMIERE 6 HD","http://up.kiwi/351921603109/34939156/885","",4723
Dead,"BR – PAY PER VIEW","PREMIERE 6 HD [2]","http://up.kiwi/351921603109/34939156/296315","HTTP 502",2174
Dead,"BR – PAY PER VIEW","PREMIERE 6 HD [3]","http://tjtor8411.com:80/Osiel123/Felicidade321/72255.ts","No data (insufficient stream data: 235 bytes)",338
Dead,"BR – PAY PER VIEW","PREMIERE 6 HD [4]","http://tjtor8411.com:80/010794/FXz1sY/72255.ts","No data (insufficient stream data: 235 bytes)",388
Dead,"BR – PAY PER VIEW","PREMIERE 6 SD","http://up.kiwi/351921603109/34939156/887","HTTP 502",2226
Dead,"BR – PAY PER VIEW","PREMIERE 6 SD [2]","http://up.kiwi/351921603109/34939156/296316","HTTP 404",895
Dead,"BR – PAY PER VIEW","PREMIERE 6 SD [3]","http://tjtor8411.com:80/Osiel123/Felicidade321/72256.ts","No data (insufficient stream data: 235 bytes)",195
Dead,"BR – PAY PER VIEW","PREMIERE 6 SD [4]","http://tjtor8411.com:80/010794/FXz1sY/72256.ts","No data (insufficient stream data: 235 bytes)",284
Dead,"BR – PAY PER VIEW","PREMIERE 7 [H265 ]","http://tjtor8411.com:80/Osiel123/Felicidade321/72258.ts","No data (insufficient stream data: 235 bytes)",373
Dead,"BR – PAY PER VIEW","PREMIERE 7 [H265 ] [2]","http://tjtor8411.com:80/010794/FXz1sY/72258.ts","No data (insufficient stream data: 235 bytes)",213
Dead,"BR – PAY PER VIEW","PREMIERE 7 FHD","http://tjtor8411.com:80/Osiel123/Felicidade321/72257.ts","No data (insufficient stream data: 235 bytes)",346
Dead,"BR – PAY PER VIEW","PREMIERE 7 FHD [2]","http://tjtor8411.com:80/010794/FXz1sY/72257.ts","No data (insufficient stream data: 235 bytes)",407
Dead,"BR – PAY PER VIEW","PREMIERE 7 H265","http://up.kiwi/351921603109/34939156/296318","HTTP 404",718
Alive,"BR – PAY PER VIEW","PREMIERE 7 H265 [2]","http://up.kiwi/351921603109/34939156/889","",1891
Dead,"BR – PAY PER VIEW","PREMIERE 7 H265 [3]","http://tjtor8411.com:80/Osiel123/Felicidade321/103477.ts","No data (insufficient stream data: 235 bytes)",315
Dead,"BR – PAY PER VIEW","PREMIERE 7 H265 [4]","http://tjtor8411.com:80/010794/FXz1sY/103477.ts","No data (insufficient stream data: 235 bytes)",666
Alive,"BR – PAY PER VIEW","PREMIERE 7 HD","http://up.kiwi/351921603109/34939156/891","",2115
Alive,"BR – PAY PER VIEW","PREMIERE 7 HD [2]","http://up.kiwi/351921603109/34939156/296317","",12758
Dead,"BR – PAY PER VIEW","PREMIERE 7 HD [3]","http://tjtor8411.com:80/Osiel123/Felicidade321/72259.ts","No data (insufficient stream data: 235 bytes)",196
Dead,"BR – PAY PER VIEW","PREMIERE 7 HD [4]","http://tjtor8411.com:80/010794/FXz1sY/72259.ts","No data (insufficient stream data: 235 bytes)",402
Alive,"BR – PAY PER VIEW","PREMIERE 7 SD","http://up.kiwi/351921603109/34939156/893","",2477
Dead,"BR – PAY PER VIEW","PREMIERE 7 SD [2]","http://tjtor8411.com:80/Osiel123/Felicidade321/72260.ts","No data (insufficient stream data: 235 bytes)",214
Dead,"BR – PAY PER VIEW","PREMIERE 7 SD [3]","http://tjtor8411.com:80/010794/FXz1sY/72260.ts","No data (insufficient stream data: 235 bytes)",295
Dead,"BR – PAY PER VIEW","PREMIERE 8 [H265 ]","http://tjtor8411.com:80/Osiel123/Felicidade321/180161.ts","No data (insufficient stream data: 235 bytes)",239
Dead,"BR – PAY PER VIEW","PREMIERE 8 [H265 ] [2]","http://tjtor8411.com:80/010794/FXz1sY/180161.ts","No data (insufficient stream data: 235 bytes)",353
Dead,"BR – PAY PER VIEW","PREMIERE 8 FHD","http://tjtor8411.com:80/Osiel123/Felicidade321/180158.ts","No data (insufficient stream data: 235 bytes)",349
Dead,"BR – PAY PER VIEW","PREMIERE 8 FHD [2]","http://tjtor8411.com:80/010794/FXz1sY/180158.ts","No data (insufficient stream data: 235 bytes)",328
Dead,"BR – PAY PER VIEW","PREMIERE 8 H265","http://tjtor8411.com:80/Osiel123/Felicidade321/180162.ts","No data (insufficient stream data: 235 bytes)",240
Dead,"BR – PAY PER VIEW","PREMIERE 8 H265 [2]","http://tjtor8411.com:80/010794/FXz1sY/180162.ts","No data (insufficient stream data: 235 bytes)",338
Dead,"BR – PAY PER VIEW","PREMIERE 8 HD","http://tjtor8411.com:80/Osiel123/Felicidade321/180159.ts","No data (insufficient stream data: 235 bytes)",232
Dead,"BR – PAY PER VIEW","PREMIERE 8 HD [2]","http://tjtor8411.com:80/010794/FXz1sY/180159.ts","No data (insufficient stream data: 235 bytes)",302
Alive,"BR – PAY PER VIEW","PREMIERE 8 SD","http://up.kiwi/351921603109/34939156/895","",8312
Dead,"BR – PAY PER VIEW","PREMIERE 8 SD [2]","http://tjtor8411.com:80/Osiel123/Felicidade321/180160.ts","No data (insufficient stream data: 235 bytes)",289
Dead,"BR – PAY PER VIEW","PREMIERE 8 SD [3]","http://tjtor8411.com:80/010794/FXz1sY/180160.ts","No data (insufficient stream data: 235 bytes)",221
Dead,"BR – PAY PER VIEW","PREMIERE CLUBES [H265 ]","http://tjtor8411.com:80/Osiel123/Felicidade321/72263.ts","No data (insufficient stream data: 235 bytes)",315
Dead,"BR – PAY PER VIEW","PREMIERE CLUBES [H265 ] [2]","http://tjtor8411.com:80/010794/FXz1sY/72263.ts","No data (insufficient stream data: 235 bytes)",304
Alive,"BR – PAY PER VIEW","PREMIERE CLUBES FHD","http://up.kiwi/351921603109/34939156/896","",1845
Dead,"BR – PAY PER VIEW","PREMIERE CLUBES FHD [2]","http://tjtor8411.com:80/Osiel123/Felicidade321/72262.ts","No data (insufficient stream data: 235 bytes)",280
Dead,"BR – PAY PER VIEW","PREMIERE CLUBES FHD [3]","http://tjtor8411.com:80/010794/FXz1sY/72262.ts","No data (insufficient stream data: 235 bytes)",343
Geoblocked,"BR – PAY PER VIEW","PREMIERE CLUBES FHD [4]","https://cr7v.short.gy/aoVIVO/PPVaoVIVO/index.m3u8","HTTP 403",269
Alive,"BR – PAY PER VIEW","PREMIERE CLUBES H265","http://up.kiwi/351921603109/34939156/299679","",1857
Dead,"BR – PAY PER VIEW","PREMIERE CLUBES H265 [2]","http://tjtor8411.com:80/Osiel123/Felicidade321/72264.ts","No data (insufficient stream data: 235 bytes)",263
Dead,"BR – PAY PER VIEW","PREMIERE CLUBES H265 [3]","http://tjtor8411.com:80/010794/FXz1sY/72264.ts","No data (insufficient stream data: 235 bytes)",300
Alive,"BR – PAY PER VIEW","PREMIERE CLUBES HD","http://up.kiwi/351921603109/34939156/898","",1869
Alive,"BR – PAY PER VIEW","PREMIERE CLUBES HD [2]","http://up.kiwi/351921603109/34939156/296319","",1852
Dead,"BR – PAY PER VIEW","PREMIERE CLUBES HD [3]","http://tjtor8411.com:80/Osiel123/Felicidade321/72265.ts","No data (insufficient stream data: 235 bytes)",341
Dead,"BR – PAY PER VIEW","PREMIERE CLUBES HD [4]","http://tjtor8411.com:80/010794/FXz1sY/72265.ts","No data (insufficient stream data: 235 bytes)",285
Dead,"BR – PAY PER VIEW","PREMIERE CLUBES HD [5]","https://cr7v.short.gy/Canal1/index.m3u8","Timeout",20950
Alive,"BR – PAY PER VIEW","PREMIERE CLUBES SD","http://up.kiwi/351921603109/34939156/900","",1816
Alive,"BR – PAY PER VIEW","PREMIERE CLUBES SD [2]","http://up.kiwi/351921603109/34939156/296320","",1829
Dead,"BR – PAY PER VIEW","PREMIERE CLUBES SD [3]","http://tjtor8411.com:80/Osiel123/Felicidade321/72266.ts","No data (insufficient stream data: 235 bytes)",299
Dead,"BR – PAY PER VIEW","PREMIERE CLUBES SD [4]","http://tjtor8411.com:80/010794/FXz1sY/72266.ts","No data (insufficient stream data: 235 bytes)",318
Alive,"BR – PAY PER VIEW","PREMIERE CLUBES UHD","http://up.kiwi/351921603109/34939156/305246","",1811
Dead,"BR – PAY PER VIEW","UFC FIGHT PASS 1 PPV HD","http://up.kiwi/351921603109/34939156/1561","HTTP 404",661
Dead,"BR – NOTICIAS","011 NEWS HD","https://011news.akamaized.net/011news/011news/playlist.m3u8","HTTP 400",180
Dead,"BR – NOTICIAS","4 POR 4","https://video01.soultv.com.br/programa4por4/programa4por4/playlist.m3u8","Timeout",20080
Dead,"BR – NOTICIAS","[US] BLOOMBERG TV","http://up.kiwi/351921603109/34939156/1260793","HTTP 404",13797
Dead,"BR – NOTICIAS","[US] CNN","http://up.kiwi/351921603109/34939156/1260808","HTTP 404",644
Dead,"BR – NOTICIAS","[US] SHOWTIME","http://up.kiwi/351921603109/34939156/1260904","HTTP 404",647
Dead,"BR – NOTICIAS","[US] SHOWTIME EXTREME","http://up.kiwi/351921603109/34939156/1260905","HTTP 404",14130
Alive,"BR – NOTICIAS","ARATU ON","https://cdn.live.br1.jmvstream.com/w/LVW-9359/LVW9359_XSyReL0QVf/playlist.m3u8","",518
Dead,"BR – NOTICIAS","AVANÇA BRASIL","https://video01.soultv.com.br/avancabrasil/avancabrasil/playlist.m3u8","Timeout",20383
Dead,"BR – NOTICIAS","BAND NEWS [H265 ]","http://tjtor8411.com:80/Osiel123/Felicidade321/71790.ts","No data (insufficient stream data: 235 bytes)",359
Dead,"BR – NOTICIAS","BAND NEWS [H265 ] [2]","http://tjtor8411.com:80/010794/FXz1sY/71790.ts","No data (insufficient stream data: 235 bytes)",338
Dead,"BR – NOTICIAS","BAND NEWS FHD","http://tjtor8411.com:80/Osiel123/Felicidade321/71789.ts","No data (insufficient stream data: 235 bytes)",360
Dead,"BR – NOTICIAS","BAND NEWS FHD [2]","http://tjtor8411.com:80/010794/FXz1sY/71789.ts","No data (insufficient stream data: 235 bytes)",386
Dead,"BR – NOTICIAS","BAND NEWS H265","http://up.kiwi/351921603109/34939156/296359","HTTP 404",643
Alive,"BR – NOTICIAS","BAND NEWS H265 [2]","http://up.kiwi/351921603109/34939156/116","",1913
Dead,"BR – NOTICIAS","BAND NEWS H265 [3]","http://tjtor8411.com:80/Osiel123/Felicidade321/103526.ts","No data (insufficient stream data: 235 bytes)",284
Dead,"BR – NOTICIAS","BAND NEWS H265 [4]","http://tjtor8411.com:80/010794/FXz1sY/103526.ts","No data (insufficient stream data: 235 bytes)",338
Alive,"BR – NOTICIAS","BAND NEWS HD","http://up.kiwi/351921603109/34939156/118","",1908
Alive,"BR – NOTICIAS","BAND NEWS HD [2]","http://up.kiwi/351921603109/34939156/296335","",1886
Dead,"BR – NOTICIAS","BAND NEWS HD [3]","http://tjtor8411.com:80/Osiel123/Felicidade321/71791.ts","No data (insufficient stream data: 235 bytes)",349
Dead,"BR – NOTICIAS","BAND NEWS HD [4]","http://tjtor8411.com:80/010794/FXz1sY/71791.ts","No data (insufficient stream data: 235 bytes)",298
Dead,"BR – NOTICIAS","BAND NEWS HD [5]","http://gerenciar.vivatele.com:80/viva_padrao/viva2384/21.m3u8","Failed to read manifest body",2537
Alive,"BR – NOTICIAS","BAND NEWS SD","http://up.kiwi/351921603109/34939156/120","",1812
Alive,"BR – NOTICIAS","BAND NEWS SD [2]","http://up.kiwi/351921603109/34939156/296336","",2575
Dead,"BR – NOTICIAS","BAND NEWS SD [3]","http://tjtor8411.com:80/Osiel123/Felicidade321/71792.ts","No data (insufficient stream data: 235 bytes)",299
Dead,"BR – NOTICIAS","BAND NEWS SD [4]","http://tjtor8411.com:80/010794/FXz1sY/71792.ts","No data (insufficient stream data: 235 bytes)",302
Dead,"BR – NOTICIAS","BLOOMBERG TELEVISION","http://up.kiwi/351921603109/34939156/296649","HTTP 404",686
Alive,"BR – NOTICIAS","BLOOMBERG TV HD","http://up.kiwi/351921603109/34939156/296339","",1874
Alive,"BR – NOTICIAS","BLOOMBERG TV SD","http://up.kiwi/351921603109/34939156/296340","",1981
Alive,"BR – NOTICIAS","BM&C NEWS","https://jmp2.uk/plu-666c9c60a7efd40008f552f0.m3u8","",931
Alive,"BR – NOTICIAS","CANAL 38","https://cdn.jmvstream.com/w/LVW-8503/LVW8503_d0V5oduFlK/playlist.m3u8","",1000
Alive,"BR – NOTICIAS","CANAL GOV","http://45.177.114.115/TV_BRASIL_2/index.m3u8","",1792
Geoblocked,"BR – NOTICIAS","CANAL GOV [2]","http://138.255.2.6:8084/TVBRASIL2/index.m3u8","HTTP 403",291
Alive,"BR – NOTICIAS","CANAL GOV [3]","http://168.197.104.22/TV_BRASIL_2/index.m3u8","",1115
Alive,"BR – NOTICIAS","CANAL GOV [4]","https://canalgov-stream.ebc.com.br/index.m3u8","",1173
Alive,"BR – NOTICIAS","CBS NEWS","https://jmp2.uk/plu-62310f66d5888f0007534342.m3u8","",974
Dead,"BR – NOTICIAS","CNBC BRASIL [H265 ]","http://tjtor8411.com:80/Osiel123/Felicidade321/295481.ts","No data (insufficient stream data: 235 bytes)",342
Dead,"BR – NOTICIAS","CNBC BRASIL FHD","http://tjtor8411.com:80/Osiel123/Felicidade321/295477.ts","No data (insufficient stream data: 235 bytes)",315
Dead,"BR – NOTICIAS","CNBC BRASIL H265","http://tjtor8411.com:80/Osiel123/Felicidade321/295480.ts","No data (insufficient stream data: 235 bytes)",666
Dead,"BR – NOTICIAS","CNBC BRASIL HD","http://tjtor8411.com:80/Osiel123/Felicidade321/295478.ts","No data (insufficient stream data: 235 bytes)",251
Dead,"BR – NOTICIAS","CNBC BRASIL SD","http://tjtor8411.com:80/Osiel123/Felicidade321/295479.ts","No data (insufficient stream data: 235 bytes)",303
Alive,"BR – NOTICIAS","CNN BRASIL","http://up.kiwi/351921603109/34939156/296357","",1635
Dead,"BR – NOTICIAS","CNN BRASIL [H265 ]","http://tjtor8411.com:80/Osiel123/Felicidade321/71838.ts","No data (insufficient stream data: 235 bytes)",305
Dead,"BR – NOTICIAS","CNN BRASIL [H265 ] [2]","http://tjtor8411.com:80/010794/FXz1sY/71838.ts","No data (insufficient stream data: 235 bytes)",345
Dead,"BR – NOTICIAS","CNN BRASIL FHD","http://tjtor8411.com:80/Osiel123/Felicidade321/71837.ts","No data (insufficient stream data: 235 bytes)",245
Dead,"BR – NOTICIAS","CNN BRASIL FHD [2]","http://tjtor8411.com:80/010794/FXz1sY/71837.ts","No data (insufficient stream data: 235 bytes)",297
Alive,"BR – NOTICIAS","CNN BRASIL FHD [3]","https://d25usgadhphvwi.cloudfront.net/hls/stv-plus1280x720/playlist.m3u8","",700
Alive,"BR – NOTICIAS","CNN BRASIL H265","http://up.kiwi/351921603109/34939156/299664","",2921
Alive,"BR – NOTICIAS","CNN BRASIL H265 [2]","http://up.kiwi/351921603109/34939156/264","",1869
Dead,"BR – NOTICIAS","CNN BRASIL H265 [3]","http://tjtor8411.com:80/Osiel123/Felicidade321/71798.ts","No data (insufficient stream data: 235 bytes)",313
Dead,"BR – NOTICIAS","CNN BRASIL H265 [4]","http://tjtor8411.com:80/010794/FXz1sY/71798.ts","No data (insufficient stream data: 235 bytes)",470
Alive,"BR – NOTICIAS","CNN BRASIL HD","http://up.kiwi/351921603109/34939156/266","",1803
Alive,"BR – NOTICIAS","CNN BRASIL HD [2]","http://up.kiwi/351921603109/34939156/296350","",1811
Dead,"BR – NOTICIAS","CNN BRASIL HD [3]","http://tjtor8411.com:80/Osiel123/Felicidade321/71839.ts","No data (insufficient stream data: 235 bytes)",451
Dead,"BR – NOTICIAS","CNN BRASIL HD [4]","http://tjtor8411.com:80/010794/FXz1sY/71839.ts","No data (insufficient stream data: 235 bytes)",238
Alive,"BR – NOTICIAS","CNN BRASIL HD [5]","https://d25usgadhphvwi.cloudfront.net/hls/stv-plus-960x540/playlist.m3u8","",669
Dead,"BR – NOTICIAS","CNN BRASIL MONEY [H265 ]","http://tjtor8411.com:80/Osiel123/Felicidade321/295485.ts","No data (insufficient stream data: 235 bytes)",250
Dead,"BR – NOTICIAS","CNN BRASIL MONEY FHD","http://tjtor8411.com:80/Osiel123/Felicidade321/295482.ts","No data (insufficient stream data: 235 bytes)",220
Dead,"BR – NOTICIAS","CNN BRASIL MONEY H265","http://tjtor8411.com:80/Osiel123/Felicidade321/295486.ts","No data (insufficient stream data: 235 bytes)",220
Dead,"BR – NOTICIAS","CNN BRASIL MONEY HD","http://tjtor8411.com:80/Osiel123/Felicidade321/295483.ts","No data (insufficient stream data: 235 bytes)",207
Alive,"BR – NOTICIAS","CNN BRASIL MONEY HD [2]","https://amg01391-sbtinfast-amg01391c11-lg-br-9982.playouts.now.amagi.tv/playlist/amg01391-addigital-cnnmoneyhevc-lgbr/playlist.m3u8","",916
Dead,"BR – NOTICIAS","CNN BRASIL MONEY SD","http://tjtor8411.com:80/Osiel123/Felicidade321/295484.ts","No data (insufficient stream data: 235 bytes)",386
Alive,"BR – NOTICIAS","CNN BRASIL SD","http://up.kiwi/351921603109/34939156/268","",3630
Dead,"BR – NOTICIAS","CNN BRASIL SD [2]","http://up.kiwi/351921603109/34939156/296351","HTTP 502",3870
Dead,"BR – NOTICIAS","CNN BRASIL SD [3]","http://tjtor8411.com:80/Osiel123/Felicidade321/71840.ts","No data (insufficient stream data: 235 bytes)",313
Dead,"BR – NOTICIAS","CNN BRASIL SD [4]","http://tjtor8411.com:80/010794/FXz1sY/71840.ts","No data (insufficient stream data: 235 bytes)",244
Alive,"BR – NOTICIAS","CNN BRASIL SD [5]","https://d25usgadhphvwi.cloudfront.net/hls/stv-plus-640x360/playlist.m3u8","",639
Dead,"BR – NOTICIAS","CNN ESPANHOL H265","http://up.kiwi/351921603109/34939156/269","HTTP 404",750
Alive,"BR – NOTICIAS","CNN ESPANHOL HD","http://up.kiwi/351921603109/34939156/270","",2541
Alive,"BR – NOTICIAS","CNN ESPANHOL SD","http://up.kiwi/351921603109/34939156/272","",1868
Alive,"BR – NOTICIAS","CNN INTERNACIONAL H265","http://up.kiwi/351921603109/34939156/273","",1839
Alive,"BR – NOTICIAS","CNN INTERNACIONAL HD","http://up.kiwi/351921603109/34939156/274","",1882
Alive,"BR – NOTICIAS","CNN INTERNACIONAL SD","http://up.kiwi/351921603109/34939156/275","",2736
Alive,"BR – NOTICIAS","CNN INTERNATIONAL","https://d3bp6dwmpbdajl.cloudfront.net/v1/master/3722c60a815c199d9c0ef36c5b73da68a62b09d1/cc-ury0meh5m4nzm/index.m3u8","",905
Alive,"BR – NOTICIAS","CNN INTERNATIONAL HD","http://up.kiwi/351921603109/34939156/296352","",1908
Dead,"BR – NOTICIAS","CULTURA INTERNACIONAL","https://oj7lng29dg82-hls-live.5centscdn.com/lives/f7b44cfafd5c52223d5498196c8a2e7b.sdp/playlist.m3u8","SSL/TLS error",330
Dead,"BR – NOTICIAS","EURONEWS | RAKUTEN","https://rakuten-euronews-8-pt.samsung.wurl.com/manifest/playlist.m3u8","DNS failure",117
Dead,"BR – NOTICIAS","FRANCE 24 [H265 ]","http://tjtor8411.com:80/Osiel123/Felicidade321/104942.ts","No data (insufficient stream data: 235 bytes)",282
Dead,"BR – NOTICIAS","FRANCE 24 [H265 ] [2]","http://tjtor8411.com:80/010794/FXz1sY/104942.ts","No data (insufficient stream data: 235 bytes)",319
Dead,"BR – NOTICIAS","FRANCE 24 FHD","http://tjtor8411.com:80/Osiel123/Felicidade321/104906.ts","No data (insufficient stream data: 235 bytes)",289
Dead,"BR – NOTICIAS","FRANCE 24 FHD [2]","http://tjtor8411.com:80/010794/FXz1sY/104906.ts","No data (insufficient stream data: 235 bytes)",281
Dead,"BR – NOTICIAS","FRANCE 24 H265","http://tjtor8411.com:80/Osiel123/Felicidade321/103500.ts","No data (insufficient stream data: 235 bytes)",265
Dead,"BR – NOTICIAS","FRANCE 24 H265 [2]","http://tjtor8411.com:80/010794/FXz1sY/103500.ts","No data (insufficient stream data: 235 bytes)",284
Dead,"BR – NOTICIAS","FRANCE 24 HD","http://tjtor8411.com:80/Osiel123/Felicidade321/104907.ts","No data (insufficient stream data: 235 bytes)",353
Dead,"BR – NOTICIAS","FRANCE 24 HD [2]","http://tjtor8411.com:80/010794/FXz1sY/104907.ts","No data (insufficient stream data: 235 bytes)",982
Dead,"BR – NOTICIAS","FRANCE 24 SD","http://tjtor8411.com:80/Osiel123/Felicidade321/104941.ts","No data (insufficient stream data: 235 bytes)",204
Dead,"BR – NOTICIAS","FRANCE 24 SD [2]","http://tjtor8411.com:80/010794/FXz1sY/104941.ts","No data (insufficient stream data: 235 bytes)",394
Dead,"BR – NOTICIAS","GLOBO NEWS [H265 ]","http://tjtor8411.com:80/Osiel123/Felicidade321/71998.ts","No data (insufficient stream data: 235 bytes)",430
Dead,"BR – NOTICIAS","GLOBO NEWS [H265 ] [2]","http://tjtor8411.com:80/010794/FXz1sY/71998.ts","No data (insufficient stream data: 235 bytes)",708
Dead,"BR – NOTICIAS","GLOBO NEWS FHD","http://tjtor8411.com:80/Osiel123/Felicidade321/71997.ts","No data (insufficient stream data: 235 bytes)",438
Dead,"BR – NOTICIAS","GLOBO NEWS FHD [2]","http://tjtor8411.com:80/010794/FXz1sY/71997.ts","No data (insufficient stream data: 235 bytes)",769
Dead,"BR – NOTICIAS","GLOBO NEWS FHD [3]","http://xxip9.top:8080/Gizvid192@giz.com/1234@4321/164945","DNS failure",430
Alive,"BR – NOTICIAS","GLOBO NEWS H265","http://up.kiwi/351921603109/34939156/299672","",2809
Alive,"BR – NOTICIAS","GLOBO NEWS H265 [2]","http://up.kiwi/351921603109/34939156/296341","",1956
Dead,"BR – NOTICIAS","GLOBO NEWS H265 [3]","http://tjtor8411.com:80/Osiel123/Felicidade321/90248.ts","No data (insufficient stream data: 235 bytes)",200
Dead,"BR – NOTICIAS","GLOBO NEWS H265 [4]","http://tjtor8411.com:80/010794/FXz1sY/90248.ts","No data (insufficient stream data: 235 bytes)",227
Alive,"BR – NOTICIAS","GLOBO NEWS HD","http://up.kiwi/351921603109/34939156/296342","",2096
Dead,"BR – NOTICIAS","GLOBO NEWS HD [2]","http://tjtor8411.com:80/Osiel123/Felicidade321/71999.ts","No data (insufficient stream data: 235 bytes)",198
Dead,"BR – NOTICIAS","GLOBO NEWS HD [3]","http://tjtor8411.com:80/010794/FXz1sY/71999.ts","No data (insufficient stream data: 235 bytes)",348
Alive,"BR – NOTICIAS","GLOBO NEWS HD [4]","http://79.127.238.228:14093/","",1215
Alive,"BR – NOTICIAS","GLOBO NEWS SD","http://up.kiwi/351921603109/34939156/296343","",1841
Dead,"BR – NOTICIAS","GLOBO NEWS SD [2]","http://tjtor8411.com:80/Osiel123/Felicidade321/131112.ts","No data (insufficient stream data: 235 bytes)",340
Dead,"BR – NOTICIAS","GLOBO NEWS SD [3]","http://tjtor8411.com:80/010794/FXz1sY/131112.ts","No data (insufficient stream data: 235 bytes)",378
Alive,"BR – NOTICIAS","GLOBO SP TV DIÁRIO MOGI DAS CRUZES HD","http://up.kiwi/351921603109/34939156/296839","",1772
Alive,"BR – NOTICIAS","J3NEWS TV","https://video01.brascast.com/d92ebb4f/d92ebb4f/playlist.m3u8","",3033
Alive,"BR – NOTICIAS","JOVEM PAN NEWS","http://45.190.28.50/JP_NEWS/index.m3u8","",1113
Dead,"BR – NOTICIAS","JOVEM PAN NEWS (JP NEWS)","https://d6yfbj4xxtrod.cloudfront.net/out/v1/7836eb391ec24452b149f3dc6df15bbd/index.m3u8","HTTPSConnectionPool(host='d6yfbj4xxtrod.cloudfront.net', port=443): Max retries exceeded with url: /out/v1/7836eb391ec24452b149f3dc6df15bbd/index.m3u8 (Caused by NameResolutionError("HTTPSConnection(h",105
Alive,"BR – NOTICIAS","JOVEM PAN NEWS [2]","http://170.83.49.66:8083/JOVEMPANNEWSHD/index.m3u8","",1289
Alive,"BR – NOTICIAS","JOVEM PAN NEWS [3]","http://186.219.52.187/jp_news/index.m3u8","",1109
Alive,"BR – NOTICIAS","JOVEM PAN NEWS [4]","https://jmp2.uk/plu-6317ba014d4d040007227f72.m3u8","",919
Alive,"BR – NOTICIAS","JOVEM PAN NEWS [5]","https://stream.zeno.fm/vlcraijc6yiuv","",22216
Dead,"BR – NOTICIAS","JOVEM PAN NEWS [H265 ]","http://tjtor8411.com:80/Osiel123/Felicidade321/134022.ts","No data (insufficient stream data: 235 bytes)",243
Dead,"BR – NOTICIAS","JOVEM PAN NEWS [H265 ] [2]","http://tjtor8411.com:80/010794/FXz1sY/134022.ts","No data (insufficient stream data: 235 bytes)",231
Dead,"BR – NOTICIAS","JOVEM PAN NEWS FHD","http://tjtor8411.com:80/Osiel123/Felicidade321/134023.ts","No data (insufficient stream data: 235 bytes)",224
Dead,"BR – NOTICIAS","JOVEM PAN NEWS FHD [2]","http://tjtor8411.com:80/010794/FXz1sY/134023.ts","No data (insufficient stream data: 235 bytes)",234
Dead,"BR – NOTICIAS","JOVEM PAN NEWS H265","http://up.kiwi/351921603109/34939156/299675","HTTP 404",658
Dead,"BR – NOTICIAS","JOVEM PAN NEWS H265 [2]","http://up.kiwi/351921603109/34939156/707","HTTP 502",2169
Dead,"BR – NOTICIAS","JOVEM PAN NEWS H265 [3]","http://tjtor8411.com:80/Osiel123/Felicidade321/134021.ts","No data (insufficient stream data: 235 bytes)",298
Dead,"BR – NOTICIAS","JOVEM PAN NEWS H265 [4]","http://tjtor8411.com:80/010794/FXz1sY/134021.ts","No data (insufficient stream data: 235 bytes)",237
Alive,"BR – NOTICIAS","JOVEM PAN NEWS HD","http://up.kiwi/351921603109/34939156/709","",1885
Alive,"BR – NOTICIAS","JOVEM PAN NEWS HD [2]","http://up.kiwi/351921603109/34939156/296344","",1887
Dead,"BR – NOTICIAS","JOVEM PAN NEWS HD [3]","http://tjtor8411.com:80/Osiel123/Felicidade321/134024.ts","No data (insufficient stream data: 235 bytes)",327
Dead,"BR – NOTICIAS","JOVEM PAN NEWS HD [4]","http://tjtor8411.com:80/010794/FXz1sY/134024.ts","No data (insufficient stream data: 235 bytes)",244
Dead,"BR – NOTICIAS","JOVEM PAN NEWS SD","http://tjtor8411.com:80/Osiel123/Felicidade321/134025.ts","No data (insufficient stream data: 235 bytes)",212
Dead,"BR – NOTICIAS","JOVEM PAN NEWS SD [2]","http://tjtor8411.com:80/010794/FXz1sY/134025.ts","No data (insufficient stream data: 235 bytes)",211
Dead,"BR – NOTICIAS","JP NEWS HD","https://d6yfbj4xxtrod.cloudfront.net/out/v1/7836eb391ec24452b149f3dc6df15bbd/index_10.m3u8","HTTPSConnectionPool(host='d6yfbj4xxtrod.cloudfront.net', port=443): Max retries exceeded with url: /out/v1/7836eb391ec24452b149f3dc6df15bbd/index_10.m3u8 (Caused by NameResolutionError("HTTPSConnectio",121
Dead,"BR – NOTICIAS","JP NEWS SD","https://d6yfbj4xxtrod.cloudfront.net/out/v1/7836eb391ec24452b149f3dc6df15bbd/index_4.m3u8","HTTPSConnectionPool(host='d6yfbj4xxtrod.cloudfront.net', port=443): Max retries exceeded with url: /out/v1/7836eb391ec24452b149f3dc6df15bbd/index_4.m3u8 (Caused by NameResolutionError("HTTPSConnection",95
Alive,"BR – NOTICIAS","NHK WORLD SD","http://up.kiwi/351921603109/34939156/769","",4197
Alive,"BR – NOTICIAS","PLENA TV","https://cdn.jmvstream.com/w/LVW-9591/LVW9591_PmXtgATnaS/playlist.m3u8","",1174
Alive,"BR – NOTICIAS","RADAR TV","https://radartv.s.gy/radartvaovivo","",2114
Geoblocked,"BR – NOTICIAS","RECORD NEWS","https://playplusnews-lh.akamaihd.net/i/pp_nws@377849/master.m3u8","HTTP 403",642
Alive,"BR – NOTICIAS","RECORD NEWS [10]","http://186.219.52.187/record_news/index.m3u8","",1748
Alive,"BR – NOTICIAS","RECORD NEWS [11]","https://rnw-rn.otteravision.com/rnw/rn/rnw_rn.m3u8","",526
Dead,"BR – NOTICIAS","RECORD NEWS [12]","https://stream.ads.ottera.tv/playlist.m3u8?network_id=2116","HTTP 400",500
Alive,"BR – NOTICIAS","RECORD NEWS [13]","https://rnw-rn-samsungtvplus.otteravision.com/rnw/rn/rnw_rn.m3u8","",569
Alive,"BR – NOTICIAS","RECORD NEWS [14]","https://jmp2.uk/plu-6102e04e9ab1db0007a980a1.m3u8","",944
Alive,"BR – NOTICIAS","RECORD NEWS [2]","http://45.162.64.114/RECORD_NEWS/index.m3u8","",1176
Alive,"BR – NOTICIAS","RECORD NEWS [3]","http://45.177.114.115/RECORD_NEWS/index.m3u8","",1239
Alive,"BR – NOTICIAS","RECORD NEWS [4]","http://45.190.28.50/RECORD_NEWS_HD/index.m3u8","",1115
Geoblocked,"BR – NOTICIAS","RECORD NEWS [5]","http://138.255.2.6:8084/RECORDNEWS/index.m3u8","HTTP 403",294
Alive,"BR – NOTICIAS","RECORD NEWS [6]","http://168.197.104.22/RECORD_NEWS/index.m3u8","",1111
Alive,"BR – NOTICIAS","RECORD NEWS [7]","http://170.83.16.50/RECORD_NEWS/index.m3u8","",1140
Alive,"BR – NOTICIAS","RECORD NEWS [8]","http://170.83.49.66:8083/RECORDNEWSHD/index.m3u8","",1291
Geoblocked,"BR – NOTICIAS","RECORD NEWS [9]","http://170.84.165.204/Record_news/index.m3u8","HTTP 403",307
Dead,"BR – NOTICIAS","RECORD NEWS [H265 ]","http://tjtor8411.com:80/Osiel123/Felicidade321/178522.ts","No data (insufficient stream data: 235 bytes)",201
Dead,"BR – NOTICIAS","RECORD NEWS [H265 ] [2]","http://tjtor8411.com:80/010794/FXz1sY/178522.ts","No data (insufficient stream data: 235 bytes)",466
Dead,"BR – NOTICIAS","RECORD NEWS FHD","http://tjtor8411.com:80/Osiel123/Felicidade321/72271.ts","No data (insufficient stream data: 235 bytes)",462
Dead,"BR – NOTICIAS","RECORD NEWS FHD [2]","http://tjtor8411.com:80/010794/FXz1sY/72271.ts","No data (insufficient stream data: 235 bytes)",196
Dead,"BR – NOTICIAS","RECORD NEWS H265","http://tjtor8411.com:80/Osiel123/Felicidade321/178523.ts","No data (insufficient stream data: 235 bytes)",226
Dead,"BR – NOTICIAS","RECORD NEWS H265 [2]","http://tjtor8411.com:80/010794/FXz1sY/178523.ts","No data (insufficient stream data: 235 bytes)",930
Alive,"BR – NOTICIAS","RECORD NEWS HD","http://up.kiwi/351921603109/34939156/296346","",1773
Dead,"BR – NOTICIAS","RECORD NEWS HD [2]","http://tjtor8411.com:80/Osiel123/Felicidade321/72272.ts","No data (insufficient stream data: 235 bytes)",967
Dead,"BR – NOTICIAS","RECORD NEWS HD [3]","http://tjtor8411.com:80/010794/FXz1sY/72272.ts","No data (insufficient stream data: 235 bytes)",209
Alive,"BR – NOTICIAS","RECORD NEWS HD [4]","https://stream.ads.ottera.tv/playlist.m3u8?network_id=5431&avod=1&coppa=0&is_lat=0&dnt=0&us_privacy=1YN-&did=9794a1b041ad875093e398bc1632460a&app_bundle=com.ammo.runtime&app_store_url=https%3A%2F%2Fwww.runtime.tv%2Fdevices&app_domain=runtime.tv&app_name=runtime&custom_targeting=web&custom_4=internal&h=720&w=1280&content_channel=runtime&content_dist_name=internal&device_make=&device_model=&preferred_language=EN&consent=1&gdpr=0&custom_12=0&custom_15=pt-br&custom_16=EN&custom_17=en&site_page=https%253A%252F%252Fwww.runtime.tv%252F&gender=not_specified&yob=0&livestream=1&custom_param_0=&custom_param_1=handset&custom_param_2=&custom_param_3=&custom_param_4=internal&custom_param_5=web&custom_param_6=South%2520America&timestamp=1688604990&id=11709&ip=138.185.238.172&override_expiration=1500&sign=z%2BA66gwNz60ZptKvp8RUzKwjztJdlXb4BFuJDdDAARg%3D","",479
Dead,"BR – NOTICIAS","RECORD NEWS SD","http://up.kiwi/351921603109/34939156/296347","HTTP 404",641
Dead,"BR – NOTICIAS","RECORD NEWS SD [2]","http://tjtor8411.com:80/Osiel123/Felicidade321/72273.ts","No data (insufficient stream data: 235 bytes)",395
Dead,"BR – NOTICIAS","RECORD NEWS SD [3]","http://tjtor8411.com:80/010794/FXz1sY/72273.ts","No data (insufficient stream data: 235 bytes)",778
Dead,"BR – NOTICIAS","RESUMO DA ÓPERA","https://011news.akamaized.net/011news/011news/chunklist_480p.m3u8","HTTP 400",77
Alive,"BR – NOTICIAS","RS NEWS WEBTV 1","https://video01.logicahost.com.br/rsnewswebtv/rsnewswebtv/playlist.m3u8","",1936
Alive,"BR – NOTICIAS","TELESUR","https://mblesmain01.telesur.ultrabase.net/mbliveMain/hd/playlist.m3u8","",869
Alive,"BR – NOTICIAS","TIMES BRASIL","http://45.190.28.50/CNBC/index.m3u8","",1115
Dead,"BR – NOTICIAS","TIMES BRASIL [2]","https://ssai2-ads.api.leiniao.com/global-adinsertion-api/hls/live/v2/21fdb6dd7491406bba86497a24390a25/playlist.m3u8","HTTP 404",4512
Alive,"BR – NOTICIAS","TIMES BRASIL | CNBC","https://jmp2.uk/plu-679a973a97782f0008ff4bb6.m3u8","",800
Dead,"BR – NOTICIAS","TIMES BRASIL | CNBC [2]","https://f593663c.wurl.com/master/f36d25e7e52f1ba8d7e56eb859c636563214f541/TEctYnJfVGltZXNCcmFzaWxsaWNlbmNpYWRvZXhjbHVzaXZvQ05CQ19ITFM/playlist.m3u8","HTTP 404",522
Alive,"BR – NOTICIAS","TV A FOLHA","https://video01.logicahost.com.br/tvafolha/tvafolha/playlist.m3u8","",1636
Alive,"BR – NOTICIAS","TV BRUSQUE","https://5ad482a77183d.streamlock.net/rodrigotvbrusque.com.br/5d880199c902eb4a1e8df00d/playlist.m3u8","",1787
Alive,"BR – NOTICIAS","TV CAMARA","http://45.162.64.114/TV_CAMARA/index.m3u8","",1186
Alive,"BR – NOTICIAS","TV CÂMARA","https://stream3.camara.gov.br/tv1/manifest.m3u8","",2868
Dead,"BR – NOTICIAS","TV CÂMARA 2","https://stream3.camara.gov.br/tv2/manifest.m3u8","HTTP 404",3152
Alive,"BR – NOTICIAS","TV CAMARA [2]","http://45.190.28.50/TV_CAMARA/index.m3u8","",1116
Geoblocked,"BR – NOTICIAS","TV CAMARA [3]","http://138.255.2.6:8084/TVCAMARA/index.m3u8","HTTP 403",293
Alive,"BR – NOTICIAS","TV CAMARA [4]","http://168.197.104.22/TV_CAMARA/index.m3u8","",1115
Alive,"BR – NOTICIAS","TV CAMARA [5]","http://170.83.49.66:8083/TVCAMARAHD/index.m3u8","",1310
Alive,"BR – NOTICIAS","TV CAMARA [6]","http://186.219.52.187/tv_camara/index.m3u8","",1118
Alive,"BR – NOTICIAS","TV CAMARA HD","http://up.kiwi/351921603109/34939156/1374","",1774
Dead,"BR – NOTICIAS","TV CÂMARA SALVADOR","https://596639ebdd89b.streamlock.net/8114/8114/playlist.m3u8","Timeout",20246
Alive,"BR – NOTICIAS","TV CAMARA SD","http://up.kiwi/351921603109/34939156/1376","",2857
Alive,"BR – NOTICIAS","TV CÂMERA HD","https://stream3.camara.gov.br/tv1/manifest.m3u8?ManoTV","",2640
Geoblocked,"BR – NOTICIAS","TV DIÁRIO MACAPÁ","https://5ad482a77183d.streamlock.net/marliomelohotmail.com/marliomelohotmail.com/playlist.m3u8","HTTP 403",1002
Alive,"BR – NOTICIAS","TV JUSTICA","http://45.162.64.114/TV_JUSTICA/index.m3u8","",1184
Alive,"BR – NOTICIAS","TV JUSTICA [2]","http://45.190.28.50/TV_JUSTICA/index.m3u8","",1112
Geoblocked,"BR – NOTICIAS","TV JUSTICA [3]","http://138.255.2.6:8084/TVJUSTICA/index.m3u8","HTTP 403",292
Alive,"BR – NOTICIAS","TV JUSTICA [4]","http://168.197.104.22/TV_JUSTICA/index.m3u8","",1108
Alive,"BR – NOTICIAS","TV JUSTICA [5]","http://170.83.16.50/TV_JUSTICA/index.m3u8","",1131
Alive,"BR – NOTICIAS","TV JUSTICA [6]","http://170.83.49.66:8083/TVJUSTICAHD/index.m3u8","",1300
Alive,"BR – NOTICIAS","TV JUSTICA [7]","http://186.219.52.187/tv_justica/index.m3u8","",1113
Alive,"BR – NOTICIAS","TV JUSTICA SD","http://up.kiwi/351921603109/34939156/1455","",1647
Alive,"BR – NOTICIAS","TV NOTÍCIAS AGRÍCOLAS","https://video09.logicahost.com.br/tvnoticiasagricolas/tvnoticiasagricolas/playlist.m3u8","",1910
Dead,"BR – NOTICIAS","TV OSÓRIO NEWS","https://stmv2.srvsh.com.br/0614/0614/playlist.m3u8","HTTP 404",2634
Alive,"BR – NOTICIAS","TV SENADO","http://45.162.64.114/TV_SENADO/index.m3u8","",1179
Alive,"BR – NOTICIAS","TV SENADO [2]","http://45.190.28.50/TV_SENADO/index.m3u8","",1115
Geoblocked,"BR – NOTICIAS","TV SENADO [3]","http://138.255.2.6:8084/TVSENADO/index.m3u8","HTTP 403",293
Alive,"BR – NOTICIAS","TV SENADO [4]","http://168.197.104.22/TV_SENADO/index.m3u8","",1108
Alive,"BR – NOTICIAS","TV SENADO [5]","http://170.83.16.50/TV_SENADO/index.m3u8","",1784
Alive,"BR – NOTICIAS","TV SENADO [6]","http://170.83.49.66:8083/TVSENADOHD/index.m3u8","",1305
Alive,"BR – NOTICIAS","TV SENADO [7]","http://186.219.52.187/tv_senado/index.m3u8","",1122
Alive,"BR – NOTICIAS","TV SENADO HD","http://up.kiwi/351921603109/34939156/1511","",1841
Dead,"BR – NOTICIAS","TV SENADO HD [2]","https://stream1.freetv.fun/tv-senado-1.m3u8","Timeout",60419
Alive,"BR – NOTICIAS","TV SIM CACHOEIRO","https://5cf4a2c2512a2.streamlock.net/8104/8104/playlist.m3u8","",618
Dead,"BR – NOTICIAS","TV SIM COLATINA","https://5cf4a2c2512a2.streamlock.net/8132/8132/playlist.m3u8","HTTP 404",659
Dead,"BR – NOTICIAS","TV SIM SÃO MATEUS","https://5cf4a2c2512a2.streamlock.net/8236/8236/playlist.m3u8","HTTP 404",680
Alive,"BR – NOTICIAS","TV VIDEONEWS","https://video01.logicahost.com.br/tvideonews/tvideonews/chunklist.m3u8","",1458
Dead,"BR – NOTICIAS","TVD NEWS FHD","http://201.159.95.110:25461/live/site/site/666.m3u8","Timeout",20021
Alive,"BR – NOTICIAS","VEJA+","https://stream.ads.ottera.tv/playlist.m3u8?network_id=15964&avod=1&coppa=0&td=6&is_lat=[LMT]&dnt=[DNS]&us_privacy=[US_PRIVACY]&did=[DEVICE_ID]&ip=[IP]&ua=[UA]&ifa_type=[IFA_TYPE]&app_bundle=[APP_BUNDLE]&app_store_url=[APP_STOREURL]&app_name=[APP_NAME]&custom_targeting=html5&custom_4=lg_channels_br&player_height=720&player_width=1280&content_channel=lg_channels&content_dist_name=lg_channels&device_make=[DEVICE_MAKE]&device_model=[DEVICE_MODEL]&device_os=html5&consent=[GDPR_CONSENT]&gdpr=[GDPR]&gender=not_specified&yob=0&livestream=1&custom_param_0=[DEVICE_MODEL]&custom_param_1=tv&custom_param_2=[DEVICE_MAKE]&custom_param_3=[DEVICE_ID]&custom_param_4=lg_channels&custom_param_5=html5&fck=[FCK]&viewsize=[VIEWSIZE]&nonce=[NONCE]","",500
Alive,"BR – NOTICIAS","VEJA+ TV","https://gpa-vja.otteravision.com/gpa/vja/vja.m3u8","",560
Alive,"BR – NOTICIAS","VEJA+ TV [2]","https://gpa-vja-samsungtvplus-br.otteravision.com/gpa/vja/vja.m3u8","",530
Alive,"BR – MUSICAS","[US] MTV","http://up.kiwi/351921603109/34939156/1260877","",2833
Alive,"BR – MUSICAS","[US] VH1","http://up.kiwi/351921603109/34939156/1260934","",3355
Dead,"BR – MUSICAS","BIS [H265 ]","http://tjtor8411.com:80/Osiel123/Felicidade321/71807.ts","No data (insufficient stream data: 235 bytes)",383
Dead,"BR – MUSICAS","BIS [H265 ] [2]","http://tjtor8411.com:80/010794/FXz1sY/71807.ts","No data (insufficient stream data: 235 bytes)",457
Dead,"BR – MUSICAS","BIS FHD","http://tjtor8411.com:80/Osiel123/Felicidade321/71806.ts","No data (insufficient stream data: 235 bytes)",380
Dead,"BR – MUSICAS","BIS FHD [2]","http://tjtor8411.com:80/010794/FXz1sY/71806.ts","No data (insufficient stream data: 235 bytes)",196
Dead,"BR – MUSICAS","BIS H265","http://up.kiwi/351921603109/34939156/168","HTTP 502",3580
Dead,"BR – MUSICAS","BIS H265 [2]","http://tjtor8411.com:80/Osiel123/Felicidade321/103527.ts","No data (insufficient stream data: 235 bytes)",431
Dead,"BR – MUSICAS","BIS H265 [3]","http://tjtor8411.com:80/010794/FXz1sY/103527.ts","No data (insufficient stream data: 235 bytes)",233
Dead,"BR – MUSICAS","BIS HD","http://up.kiwi/351921603109/34939156/170","HTTP 404",757
Dead,"BR – MUSICAS","BIS HD [2]","http://up.kiwi/351921603109/34939156/296124","HTTP 502",2434
Dead,"BR – MUSICAS","BIS HD [3]","http://tjtor8411.com:80/Osiel123/Felicidade321/71808.ts","No data (insufficient stream data: 235 bytes)",451
Dead,"BR – MUSICAS","BIS HD [4]","http://tjtor8411.com:80/010794/FXz1sY/71808.ts","No data (insufficient stream data: 235 bytes)",340
Alive,"BR – MUSICAS","BIS SD","http://up.kiwi/351921603109/34939156/296123","",2886
Dead,"BR – MUSICAS","BIS SD [2]","http://tjtor8411.com:80/Osiel123/Felicidade321/71809.ts","No data (insufficient stream data: 235 bytes)",247
Dead,"BR – MUSICAS","BIS SD [3]","http://tjtor8411.com:80/010794/FXz1sY/71809.ts","No data (insufficient stream data: 235 bytes)",294
Dead,"BR – MUSICAS","KISS TV","https://isaocorp.cloudecast.com/kisstv/index.m3u8","HTTP 404",31804
Dead,"BR – MUSICAS","LAMORE ROCK SHOW WEBTV","https://a.cdni.live/rodrigo2364/rodrigo2364/playlist.m3u8","Timeout",20343
Dead,"BR – MUSICAS","MTV ARE YOU THE ONE?","https://jmp2.uk/plu-5f6108d8cc331900075e98e4.m3u8","Error: Invalid IPv6 URL",0
Alive,"BR – MUSICAS","MTV BIGGEST POP","https://jmp2.uk/plu-6047fbdbbb776a0007e7f2ff.m3u8","",560
Alive,"BR – MUSICAS","MTV CATFISH","https://jmp2.uk/plu-626c2a3502d84a0007cec817.m3u8","",1286
Alive,"BR – MUSICAS","MTV CLASSIC","https://jmp2.uk/plu-66a01dcb8561260008b0a41d.m3u8","",996
Geoblocked,"BR – MUSICAS","MTV COM O EX","https://jmp2.uk/plu-61a528267e1b8b0007357920.m3u8","HTTP 403",2182
Alive,"BR – MUSICAS","MTV DATING","https://jmp2.uk/plu-6851bb3426beced4f2f67ee6.m3u8","",921
Alive,"BR – MUSICAS","MTV DRAG","https://jmp2.uk/plu-645111f1d8436e00081bb2bd.m3u8","",1337
Dead,"BR – MUSICAS","MTV H265","http://up.kiwi/351921603109/34939156/737","HTTP 404",14432
Alive,"BR – MUSICAS","MTV HD","http://up.kiwi/351921603109/34939156/739","",1929
Dead,"BR – MUSICAS","MTV HD [2]","http://up.kiwi/351921603109/34939156/296143","HTTP 502",3726
Alive,"BR – MUSICAS","MTV JOVENS E MÃES","https://jmp2.uk/plu-620fdc7d8a36fc000710e3ba.m3u8","",1481
Dead,"BR – MUSICAS","MTV JUST TATTOO OF US","https://jmp2.uk/plu-63988b61c8d285000798a22a.m3u8","HTTP 404",1260
Dead,"BR – MUSICAS","MTV LIVE HD","http://up.kiwi/351921603109/34939156/296144","HTTP 404",773
Dead,"BR – MUSICAS","MTV LIVE SD","http://up.kiwi/351921603109/34939156/296145","HTTP 502",2662
Dead,"BR – MUSICAS","MTV REALITY","https://jmp2.uk/plu-6851bdfc9ac48fde5e07f5.m3u8","HTTP 404",1552
Alive,"BR – MUSICAS","MTV ROCKS","https://jmp2.uk/plu-66a01e07d2d50d0008100d6a.m3u8","",1154
Alive,"BR – MUSICAS","MTV SD","http://up.kiwi/351921603109/34939156/296146","",2140
Geoblocked,"BR – MUSICAS","MTV SHORE","https://jmp2.uk/plu-625463563b8ddc0007134aeb.m3u8","HTTP 403",2445
Dead,"BR – MUSICAS","MULTISHOW [H265 ]","http://tjtor8411.com:80/Osiel123/Felicidade321/131107.ts","No data (insufficient stream data: 235 bytes)",349
Dead,"BR – MUSICAS","MULTISHOW [H265 ] [2]","http://tjtor8411.com:80/010794/FXz1sY/131107.ts","No data (insufficient stream data: 235 bytes)",392
Alive,"BR – MUSICAS","MULTISHOW FHD","http://up.kiwi/351921603109/34939156/296119","",5564
Dead,"BR – MUSICAS","MULTISHOW FHD [2]","http://tjtor8411.com:80/Osiel123/Felicidade321/131193.ts","No data (insufficient stream data: 235 bytes)",212
Dead,"BR – MUSICAS","MULTISHOW FHD [3]","http://tjtor8411.com:80/010794/FXz1sY/131193.ts","No data (insufficient stream data: 235 bytes)",694
Alive,"BR – MUSICAS","MULTISHOW H265","http://up.kiwi/351921603109/34939156/299678","",1909
Dead,"BR – MUSICAS","MULTISHOW H265 [2]","http://up.kiwi/351921603109/34939156/745","HTTP 503",3272
Dead,"BR – MUSICAS","MULTISHOW H265 [3]","http://tjtor8411.com:80/Osiel123/Felicidade321/131138.ts","No data (insufficient stream data: 235 bytes)",439
Dead,"BR – MUSICAS","MULTISHOW H265 [4]","http://tjtor8411.com:80/010794/FXz1sY/131138.ts","No data (insufficient stream data: 235 bytes)",329
Dead,"BR – MUSICAS","MULTISHOW HD","http://up.kiwi/351921603109/34939156/747","HTTP 502",2756
Alive,"BR – MUSICAS","MULTISHOW HD [2]","http://up.kiwi/351921603109/34939156/296118","",2857
Dead,"BR – MUSICAS","MULTISHOW HD [3]","http://tjtor8411.com:80/Osiel123/Felicidade321/72182.ts","No data (insufficient stream data: 235 bytes)",313
Dead,"BR – MUSICAS","MULTISHOW HD [4]","http://tjtor8411.com:80/010794/FXz1sY/72182.ts","No data (insufficient stream data: 235 bytes)",300
Geoblocked,"BR – MUSICAS","MULTISHOW HD [5]","https://megaflix.mgfiles.lat/967dc441704ce68263139f1f50b6b530/file.m3u8","HTTP 403",118
Dead,"BR – MUSICAS","MULTISHOW SD","http://up.kiwi/351921603109/34939156/749","HTTP 404",1029
Dead,"BR – MUSICAS","MULTISHOW SD [2]","http://tjtor8411.com:80/Osiel123/Felicidade321/131134.ts","No data (insufficient stream data: 235 bytes)",306
Dead,"BR – MUSICAS","MULTISHOW SD [3]","http://tjtor8411.com:80/010794/FXz1sY/131134.ts","No data (insufficient stream data: 235 bytes)",252
Alive,"BR – MUSICAS","MUSIC BOX BRAZIL","http://45.190.28.50/MUSIC_BOX_HD/index.m3u8","",1196
Geoblocked,"BR – MUSICAS","MUSIC BOX BRAZIL [2]","http://138.255.2.6:8084/MUSICBOXBRASIL/index.m3u8","HTTP 403",351
Alive,"BR – MUSICAS","MUSIC BOX BRAZIL [3]","http://168.197.104.22/MUSIC/index.m3u8","",1197
Alive,"BR – MUSICAS","MUSIC BOX BRAZIL [4]","http://170.83.49.66:8083/MUSICBOXBRASILHD/index.m3u8","",1367
Dead,"BR – MUSICAS","MUSIC BOX BRAZIL [H265 ]","http://tjtor8411.com:80/Osiel123/Felicidade321/72185.ts","No data (insufficient stream data: 235 bytes)",235
Dead,"BR – MUSICAS","MUSIC BOX BRAZIL [H265 ] [2]","http://tjtor8411.com:80/010794/FXz1sY/72185.ts","No data (insufficient stream data: 235 bytes)",393
Dead,"BR – MUSICAS","MUSIC BOX BRAZIL FHD","http://tjtor8411.com:80/Osiel123/Felicidade321/72184.ts","No data (insufficient stream data: 235 bytes)",307
Dead,"BR – MUSICAS","MUSIC BOX BRAZIL FHD [2]","http://tjtor8411.com:80/010794/FXz1sY/72184.ts","No data (insufficient stream data: 235 bytes)",313
Dead,"BR – MUSICAS","MUSIC BOX BRAZIL H265","http://tjtor8411.com:80/Osiel123/Felicidade321/103487.ts","No data (insufficient stream data: 235 bytes)",361
Dead,"BR – MUSICAS","MUSIC BOX BRAZIL H265 [2]","http://tjtor8411.com:80/010794/FXz1sY/103487.ts","No data (insufficient stream data: 235 bytes)",298
Alive,"BR – MUSICAS","MUSIC BOX BRAZIL HD","http://up.kiwi/351921603109/34939156/751","",2467
Dead,"BR – MUSICAS","MUSIC BOX BRAZIL HD [2]","http://tjtor8411.com:80/Osiel123/Felicidade321/72186.ts","No data (insufficient stream data: 235 bytes)",367
Dead,"BR – MUSICAS","MUSIC BOX BRAZIL HD [3]","http://tjtor8411.com:80/010794/FXz1sY/72186.ts","No data (insufficient stream data: 235 bytes)",357
Alive,"BR – MUSICAS","MUSIC BOX BRAZIL SD","http://up.kiwi/351921603109/34939156/753","",2076
Dead,"BR – MUSICAS","MUSIC BOX BRAZIL SD [2]","http://tjtor8411.com:80/Osiel123/Felicidade321/72187.ts","No data (insufficient stream data: 235 bytes)",254
Dead,"BR – MUSICAS","MUSIC BOX BRAZIL SD [3]","http://tjtor8411.com:80/010794/FXz1sY/72187.ts","No data (insufficient stream data: 235 bytes)",290
Alive,"BR – MUSICAS","SHOWS POR STINGRAY","https://jmp2.uk/plu-604b91e0692f770007d9f33f.m3u8","",1317
Alive,"BR – MUSICAS","TRACE BRASIL","https://trace-brazuca-lg-br.amagi.tv/hls/amagi_hls_data_tracetvAA-trace-brazuca-lg-br/CDN/master.m3u8?ads.deviceid=[DEVICE_ID]&ads.ifa=[IFA]&ads.ifatype=[IFA_TYPE]&ads.lat=[LMT]&ads.donotsell=[DNS]&ads.ua=[UA]&ads.ip=[IP]&ads.gdpr=[GDPR]&ads.gdprconsent=[GDPR_CONSENT]&ads.country=[COUNTRY]&ads.usprivacy=[US_PRIVACY]&ads.appstoreurl=[APP_STOREURL]&ads.bundleid=[APP_BUNDLE]&ads.appname=[APP_NAME]&ads.appversion=[APP_VERSION]&ads.devicetype=[DEVICE_TYPE]&ads.devicemake=[DEVICE_MAKE]&ads.devicemodel=[DEVICE_MODEL]&ads.coppa=0&ads.targetad=[TARGETAD_ALLOWED]&fck=[FCK]&viewsize=[VIEWSIZE]&givn=[NONCE]","",1508
Dead,"BR – MUSICAS","TRACE BRAZUCA [H265 ]","http://tjtor8411.com:80/Osiel123/Felicidade321/72387.ts","No data (insufficient stream data: 235 bytes)",275
Dead,"BR – MUSICAS","TRACE BRAZUCA [H265 ] [2]","http://tjtor8411.com:80/010794/FXz1sY/72387.ts","No data (insufficient stream data: 235 bytes)",280
Dead,"BR – MUSICAS","TRACE BRAZUCA FHD","http://tjtor8411.com:80/Osiel123/Felicidade321/72386.ts","No data (insufficient stream data: 235 bytes)",361
Dead,"BR – MUSICAS","TRACE BRAZUCA FHD [2]","http://tjtor8411.com:80/010794/FXz1sY/72386.ts","No data (insufficient stream data: 235 bytes)",338
Dead,"BR – MUSICAS","TRACE BRAZUCA H265","http://tjtor8411.com:80/Osiel123/Felicidade321/103453.ts","No data (insufficient stream data: 235 bytes)",460
Dead,"BR – MUSICAS","TRACE BRAZUCA H265 [2]","http://tjtor8411.com:80/010794/FXz1sY/103453.ts","No data (insufficient stream data: 235 bytes)",384
Dead,"BR – MUSICAS","TRACE BRAZUCA HD","http://tjtor8411.com:80/Osiel123/Felicidade321/72388.ts","No data (insufficient stream data: 235 bytes)",320
Dead,"BR – MUSICAS","TRACE BRAZUCA HD [2]","http://tjtor8411.com:80/010794/FXz1sY/72388.ts","No data (insufficient stream data: 235 bytes)",374
Dead,"BR – MUSICAS","TRACE BRAZUCA SD","http://tjtor8411.com:80/Osiel123/Felicidade321/72389.ts","No data (insufficient stream data: 235 bytes)",356
Dead,"BR – MUSICAS","TRACE BRAZUCA SD [2]","http://tjtor8411.com:80/010794/FXz1sY/72389.ts","No data (insufficient stream data: 235 bytes)",329
Alive,"BR – MUSICAS","TRACE SPORT STARS","https://lightning-tracesport-samsungau.amagi.tv/playlist.m3u8","",1991
Dead,"BR – MUSICAS","VH1 H265","http://up.kiwi/351921603109/34939156/1573","HTTP 502",3120
Dead,"BR – MUSICAS","VH1 HD","http://up.kiwi/351921603109/34939156/1574","HTTP 502",4234
Alive,"BR – DORMIR E RELAXAR","NATUREZA","https://jmp2.uk/plu-5f1213ba0ecebc00070e170f.m3u8","",1266
Geoblocked,"BR – UFC","COMBATE","http://143.14.134.107/167/index.m3u8","HTTP 403",389
Dead,"BR – UFC","COMBATE [H265 ]","http://tjtor8411.com:80/Osiel123/Felicidade321/71843.ts","No data (insufficient stream data: 235 bytes)",362
Dead,"BR – UFC","COMBATE [H265 ] [2]","http://tjtor8411.com:80/010794/FXz1sY/71843.ts","No data (insufficient stream data: 235 bytes)",319
Dead,"BR – UFC","COMBATE FHD","http://tjtor8411.com:80/Osiel123/Felicidade321/71842.ts","No data (insufficient stream data: 235 bytes)",389
Dead,"BR – UFC","COMBATE FHD [2]","http://tjtor8411.com:80/010794/FXz1sY/71842.ts","No data (insufficient stream data: 235 bytes)",271
Dead,"BR – UFC","COMBATE GLOBAL","https://stream.ads.ottera.tv/playlist.m3u8?network_id=960","HTTP 400",760
Dead,"BR – UFC","COMBATE H265","http://up.kiwi/351921603109/34939156/299665","HTTP 404",1112
Alive,"BR – UFC","COMBATE H265 [2]","http://up.kiwi/351921603109/34939156/278","",5479
Dead,"BR – UFC","COMBATE H265 [3]","http://tjtor8411.com:80/Osiel123/Felicidade321/71844.ts","No data (insufficient stream data: 235 bytes)",391
Dead,"BR – UFC","COMBATE H265 [4]","http://tjtor8411.com:80/010794/FXz1sY/71844.ts","No data (insufficient stream data: 235 bytes)",260
Alive,"BR – UFC","COMBATE HD","http://up.kiwi/351921603109/34939156/280","",2139
Alive,"BR – UFC","COMBATE HD [2]","http://up.kiwi/351921603109/34939156/296482","",2124
Dead,"BR – UFC","COMBATE HD [3]","http://tjtor8411.com:80/Osiel123/Felicidade321/71845.ts","No data (insufficient stream data: 235 bytes)",247
Dead,"BR – UFC","COMBATE HD [4]","http://tjtor8411.com:80/010794/FXz1sY/71845.ts","No data (insufficient stream data: 235 bytes)",269
Alive,"BR – UFC","COMBATE HD [5]","http://46.151.196.223:14468/","",605
Dead,"BR – UFC","COMBATE HD [6]","http://45.162.231.38:7779/Combate/index.m3u8","HTTP 404",676
Dead,"BR – UFC","COMBATE SD","http://up.kiwi/351921603109/34939156/282","HTTP 503",2243
Dead,"BR – UFC","COMBATE SD [2]","http://up.kiwi/351921603109/34939156/296483","HTTP 502",3369
Dead,"BR – UFC","COMBATE SD [3]","http://tjtor8411.com:80/Osiel123/Felicidade321/71846.ts","No data (insufficient stream data: 235 bytes)",393
Dead,"BR – UFC","COMBATE SD [4]","http://tjtor8411.com:80/010794/FXz1sY/71846.ts","No data (insufficient stream data: 235 bytes)",288
Alive,"BR – UFC","COMBATV","https://aym-cbtv.otteravision.com/aym/cbtv/cbtv_480p.m3u8","",374
Dead,"BR – UFC","LUTAS DO DIA UFC","http://up.kiwi/351921603109/34939156/297024","HTTP 404",8981
Alive,"BR – UFC","SFT COMBAT","https://jmp2.uk/plu-6660b636cb3ea10008429c6a.m3u8","",1316
Dead,"BR – UFC","UFC FIGHT 01","http://up.kiwi/351921603109/34939156/300377","HTTP 404",1160
Dead,"BR – UFC","UFC FIGHT 02","http://up.kiwi/351921603109/34939156/300378","HTTP 502",3348
Dead,"BR – UFC","UFC FIGHT 03","http://up.kiwi/351921603109/34939156/300379","HTTP 502",3217
Dead,"BR – UFC","UFC FIGHT PASS FHD","http://tjtor8411.com:80/Osiel123/Felicidade321/184046.ts","No data (insufficient stream data: 235 bytes)",591
Dead,"BR – UFC","UFC FIGHT PASS FHD [2]","http://tjtor8411.com:80/010794/FXz1sY/184046.ts","No data (insufficient stream data: 235 bytes)",718
Dead,"BR – UFC","UFC FIGHT PASS HD","http://tjtor8411.com:80/Osiel123/Felicidade321/184047.ts","No data (insufficient stream data: 235 bytes)",639
Dead,"BR – UFC","UFC FIGHT PASS HD [2]","http://tjtor8411.com:80/010794/FXz1sY/184047.ts","No data (insufficient stream data: 235 bytes)",687
Dead,"BR – UFC","UFC FIGHT PASS SD","http://tjtor8411.com:80/Osiel123/Felicidade321/184048.ts","No data (insufficient stream data: 235 bytes)",328
Dead,"BR – UFC","UFC FIGHT PASS SD [2]","http://tjtor8411.com:80/010794/FXz1sY/184048.ts","No data (insufficient stream data: 235 bytes)",571
Dead,"BR – UFC","UFC FIGHTPASS HD","https://cr7v.short.gy/manofree/UFC/tracks-v2a1/mono.m3u8","HTTP 404",1078
Alive,"BR – UFC","UFC FIGHTPASS HD [2]","https://cr7v.short.gy/manofree/UFC2/ZAP075991634025/index.m3u8","",1372
Dead,"BR – NBA","[US] NBA TV","http://up.kiwi/351921603109/34939156/1260879","HTTP 502",3828
Dead,"BR – NBA","NBA LEAGUE PASS 1 FHD","http://tjtor8411.com:80/Osiel123/Felicidade321/140516.ts","No data (insufficient stream data: 235 bytes)",297
Dead,"BR – NBA","NBA LEAGUE PASS 1 FHD [2]","http://tjtor8411.com:80/010794/FXz1sY/140516.ts","No data (insufficient stream data: 235 bytes)",512
Dead,"BR – NBA","NBA LEAGUE PASS 1 HD","http://tjtor8411.com:80/Osiel123/Felicidade321/140517.ts","No data (insufficient stream data: 235 bytes)",281
Dead,"BR – NBA","NBA LEAGUE PASS 1 HD [2]","http://tjtor8411.com:80/010794/FXz1sY/140517.ts","No data (insufficient stream data: 235 bytes)",274
Dead,"BR – NBA","NBA LEAGUE PASS 1 SD","http://tjtor8411.com:80/Osiel123/Felicidade321/140518.ts","No data (insufficient stream data: 235 bytes)",590
Dead,"BR – NBA","NBA LEAGUE PASS 1 SD [2]","http://tjtor8411.com:80/010794/FXz1sY/140518.ts","No data (insufficient stream data: 235 bytes)",573
Dead,"BR – NBA","NBA LEAGUE PASS 2 FHD","http://tjtor8411.com:80/Osiel123/Felicidade321/140519.ts","No data (insufficient stream data: 235 bytes)",284
Dead,"BR – NBA","NBA LEAGUE PASS 2 FHD [2]","http://tjtor8411.com:80/010794/FXz1sY/140519.ts","No data (insufficient stream data: 235 bytes)",322
Dead,"BR – NBA","NBA LEAGUE PASS 2 HD","http://tjtor8411.com:80/Osiel123/Felicidade321/140520.ts","No data (insufficient stream data: 235 bytes)",295
Dead,"BR – NBA","NBA LEAGUE PASS 2 HD [2]","http://tjtor8411.com:80/010794/FXz1sY/140520.ts","No data (insufficient stream data: 235 bytes)",387
Dead,"BR – NBA","NBA LEAGUE PASS 2 SD","http://tjtor8411.com:80/Osiel123/Felicidade321/140521.ts","No data (insufficient stream data: 235 bytes)",533
Dead,"BR – NBA","NBA LEAGUE PASS 2 SD [2]","http://tjtor8411.com:80/010794/FXz1sY/140521.ts","No data (insufficient stream data: 235 bytes)",208
Dead,"BR – NBA","NBA LEAGUE PASS 3 FHD","http://tjtor8411.com:80/Osiel123/Felicidade321/140522.ts","No data (insufficient stream data: 235 bytes)",210
Dead,"BR – NBA","NBA LEAGUE PASS 3 FHD [2]","http://tjtor8411.com:80/010794/FXz1sY/140522.ts","No data (insufficient stream data: 235 bytes)",316
Dead,"BR – NBA","NBA LEAGUE PASS 3 HD","http://tjtor8411.com:80/Osiel123/Felicidade321/140523.ts","No data (insufficient stream data: 235 bytes)",497
Dead,"BR – NBA","NBA LEAGUE PASS 3 HD [2]","http://tjtor8411.com:80/010794/FXz1sY/140523.ts","No data (insufficient stream data: 235 bytes)",604
Dead,"BR – NBA","NBA LEAGUE PASS 3 SD","http://tjtor8411.com:80/Osiel123/Felicidade321/140524.ts","No data (insufficient stream data: 235 bytes)",275
Dead,"BR – NBA","NBA LEAGUE PASS 3 SD [2]","http://tjtor8411.com:80/010794/FXz1sY/140524.ts","No data (insufficient stream data: 235 bytes)",312
Dead,"BR – NBA","NBA LEAGUE PASS 4 FHD","http://tjtor8411.com:80/Osiel123/Felicidade321/140525.ts","No data (insufficient stream data: 235 bytes)",198
Dead,"BR – NBA","NBA LEAGUE PASS 4 FHD [2]","http://tjtor8411.com:80/010794/FXz1sY/140525.ts","No data (insufficient stream data: 235 bytes)",476
Dead,"BR – NBA","NBA LEAGUE PASS 4 HD","http://tjtor8411.com:80/Osiel123/Felicidade321/140526.ts","No data (insufficient stream data: 235 bytes)",274
Dead,"BR – NBA","NBA LEAGUE PASS 4 HD [2]","http://tjtor8411.com:80/010794/FXz1sY/140526.ts","No data (insufficient stream data: 235 bytes)",262
Dead,"BR – NBA","NBA LEAGUE PASS 4 SD","http://tjtor8411.com:80/Osiel123/Felicidade321/140527.ts","No data (insufficient stream data: 235 bytes)",222
Dead,"BR – NBA","NBA LEAGUE PASS 4 SD [2]","http://tjtor8411.com:80/010794/FXz1sY/140527.ts","No data (insufficient stream data: 235 bytes)",272
Dead,"BR – NBA","NBA LEAGUE PASS 5 FHD","http://tjtor8411.com:80/Osiel123/Felicidade321/141487.ts","No data (insufficient stream data: 235 bytes)",288
Dead,"BR – NBA","NBA LEAGUE PASS 5 FHD [2]","http://tjtor8411.com:80/010794/FXz1sY/141487.ts","No data (insufficient stream data: 235 bytes)",421
Dead,"BR – NBA","NBA LEAGUE PASS 5 HD","http://tjtor8411.com:80/Osiel123/Felicidade321/141488.ts","No data (insufficient stream data: 235 bytes)",204
Dead,"BR – NBA","NBA LEAGUE PASS 5 HD [2]","http://tjtor8411.com:80/010794/FXz1sY/141488.ts","No data (insufficient stream data: 235 bytes)",341
Dead,"BR – NBA","NBA LEAGUE PASS 5 SD","http://tjtor8411.com:80/Osiel123/Felicidade321/141489.ts","No data (insufficient stream data: 235 bytes)",269
Dead,"BR – NBA","NBA LEAGUE PASS 5 SD [2]","http://tjtor8411.com:80/010794/FXz1sY/141489.ts","No data (insufficient stream data: 235 bytes)",227
Dead,"BR – NBA","NBA LEAGUE PASS 6 FHD","http://tjtor8411.com:80/Osiel123/Felicidade321/141490.ts","No data (insufficient stream data: 235 bytes)",296
Dead,"BR – NBA","NBA LEAGUE PASS 6 FHD [2]","http://tjtor8411.com:80/010794/FXz1sY/141490.ts","No data (insufficient stream data: 235 bytes)",254
Dead,"BR – NBA","NBA LEAGUE PASS 6 HD","http://tjtor8411.com:80/Osiel123/Felicidade321/141491.ts","No data (insufficient stream data: 235 bytes)",363
Dead,"BR – NBA","NBA LEAGUE PASS 6 HD [2]","http://tjtor8411.com:80/010794/FXz1sY/141491.ts","No data (insufficient stream data: 235 bytes)",366
Dead,"BR – NBA","NBA LEAGUE PASS 6 SD","http://tjtor8411.com:80/Osiel123/Felicidade321/141492.ts","No data (insufficient stream data: 235 bytes)",381
Dead,"BR – NBA","NBA LEAGUE PASS 6 SD [2]","http://tjtor8411.com:80/010794/FXz1sY/141492.ts","No data (insufficient stream data: 235 bytes)",315
Dead,"BR – NBA","NBA TV HD","http://up.kiwi/351921603109/34939156/299645","HTTP 502",2594
Alive,"BR – NBA","SKY SPORT NBA FHD","http://up.kiwi/351921603109/34939156/299648","",2550
Alive,"BR – NBA","SKY SPORT NBA FULL HD","http://up.kiwi/351921603109/34939156/299643","",2430
Alive,"BR – NBA","SKY SPORT NBA HD","http://up.kiwi/351921603109/34939156/299642","",2622
Alive,"BR – NBA","US1: NBA LEAGUE PASS 06","http://up.kiwi/351921603109/34939156/299655","",7710
Dead,"BR – NBA","US1: NBA TV HD","http://up.kiwi/351921603109/34939156/299649","HTTP 502",3483
Dead,"BR – NBA","US2: NBA TV | HD","http://up.kiwi/351921603109/34939156/299647","HTTP 404",1594
Dead,"BR – FORMULA 1","FORMULA 1 TV FHD","http://tjtor8411.com:80/Osiel123/Felicidade321/71947.ts","No data (insufficient stream data: 235 bytes)",350
Dead,"BR – FORMULA 1","FORMULA 1 TV FHD [2]","http://tjtor8411.com:80/010794/FXz1sY/71947.ts","No data (insufficient stream data: 235 bytes)",324
Dead,"BR – FORMULA 1","FORMULA 1 TV HD","http://tjtor8411.com:80/Osiel123/Felicidade321/71949.ts","No data (insufficient stream data: 235 bytes)",277
Dead,"BR – FORMULA 1","FORMULA 1 TV HD [2]","http://tjtor8411.com:80/010794/FXz1sY/71949.ts","No data (insufficient stream data: 235 bytes)",432
Dead,"BR – FORMULA 1","FORMULA 1 TV SD","http://tjtor8411.com:80/Osiel123/Felicidade321/71950.ts","No data (insufficient stream data: 235 bytes)",254
Dead,"BR – FORMULA 1","FORMULA 1 TV SD [2]","http://tjtor8411.com:80/010794/FXz1sY/71950.ts","No data (insufficient stream data: 235 bytes)",397
Dead,"BR – DAZN","DAZN 1 FHD","http://tjtor8411.com:80/Osiel123/Felicidade321/184550.ts","No data (insufficient stream data: 235 bytes)",239
Dead,"BR – DAZN","DAZN 1 FHD [2]","http://tjtor8411.com:80/010794/FXz1sY/184550.ts","No data (insufficient stream data: 235 bytes)",235
Alive,"BR – DAZN","DAZN 1 HD","http://up.kiwi/351921603109/34939156/297018","",3160
Dead,"BR – DAZN","DAZN 1 HD [2]","http://tjtor8411.com:80/Osiel123/Felicidade321/184551.ts","No data (insufficient stream data: 235 bytes)",213
Dead,"BR – DAZN","DAZN 1 HD [3]","http://tjtor8411.com:80/010794/FXz1sY/184551.ts","No data (insufficient stream data: 235 bytes)",199
Dead,"BR – DAZN","DAZN 1 SD","http://tjtor8411.com:80/Osiel123/Felicidade321/184552.ts","No data (insufficient stream data: 235 bytes)",316
Dead,"BR – DAZN","DAZN 1 SD [2]","http://tjtor8411.com:80/010794/FXz1sY/184552.ts","No data (insufficient stream data: 235 bytes)",305
Dead,"BR – DAZN","DAZN 2 FHD","http://tjtor8411.com:80/Osiel123/Felicidade321/184553.ts","No data (insufficient stream data: 235 bytes)",329
Dead,"BR – DAZN","DAZN 2 FHD [2]","http://tjtor8411.com:80/010794/FXz1sY/184553.ts","No data (insufficient stream data: 235 bytes)",285
Alive,"BR – DAZN","DAZN 2 HD","http://up.kiwi/351921603109/34939156/297019","",2869
Dead,"BR – DAZN","DAZN 2 HD [2]","http://tjtor8411.com:80/Osiel123/Felicidade321/184554.ts","No data (insufficient stream data: 235 bytes)",290
Dead,"BR – DAZN","DAZN 2 HD [3]","http://tjtor8411.com:80/010794/FXz1sY/184554.ts","No data (insufficient stream data: 235 bytes)",249
Dead,"BR – DAZN","DAZN 2 SD","http://tjtor8411.com:80/Osiel123/Felicidade321/184555.ts","No data (insufficient stream data: 235 bytes)",282
Dead,"BR – DAZN","DAZN 2 SD [2]","http://tjtor8411.com:80/010794/FXz1sY/184555.ts","No data (insufficient stream data: 235 bytes)",281
Alive,"BR – DAZN","DAZN 3 HD","http://up.kiwi/351921603109/34939156/297020","",13124
Alive,"BR – DAZN","DAZN 4 HD","http://up.kiwi/351921603109/34939156/297021","",8343
Dead,"BR – DAZN","DAZN 5 HD","http://up.kiwi/351921603109/34939156/297022","HTTP 404",8297
Dead,"BR – DAZN","DAZN COMBAT","https://jmp2.uk/plu-64df7ab4dfa32400083c517b.m3u8","HTTP 404",857
Alive,"BR – PLUTO TV","24H PLUTO","http://up.kiwi/351921603109/34939156/1293385","",3177
Alive,"BR – PLUTO TV","COMEDY CENTRAL PLUTO TV","https://jmp2.uk/plu-5f357e91b18f0b00073583d2.m3u8","",1671
Alive,"BR – PLUTO TV","MTV PLUTO TV","https://jmp2.uk/plu-5f1212fb81e85c00077ae9ef.m3u8","",5064
Alive,"BR – PLUTO TV","PLUTO TV ALIENS","https://jmp2.uk/plu-6806d65e84f24b70109485fa.m3u8","",1469
Alive,"BR – PLUTO TV","PLUTO TV ANIMAIS","https://jmp2.uk/plu-6474aa984cfc2c0008883a92.m3u8","",1338
Alive,"BR – PLUTO TV","PLUTO TV ANIME","https://jmp2.uk/plu-5f12136385bccc00070142ed.m3u8","",1365
Alive,"BR – PLUTO TV","PLUTO TV BANG BANG","https://jmp2.uk/plu-663b9dc7cb3ea10008f1a0ce.m3u8","",1482
Alive,"BR – PLUTO TV","PLUTO TV CANAL UOL","https://jmp2.uk/plu-64b9370b409629000802d32b.m3u8","",1485
Alive,"BR – PLUTO TV","PLUTO TV CINE CLÁSSICOS","https://jmp2.uk/plu-5fa1612a669ba0000702017b.m3u8","",618
Alive,"BR – PLUTO TV","PLUTO TV CINE COMÉDIA","https://jmp2.uk/plu-5f12101f0b12f00007844c7c.m3u8","",1579
Alive,"BR – PLUTO TV","PLUTO TV CINE COMÉDIA ROMÂNTICA","https://jmp2.uk/plu-62545ed3dab4380007582f7c.m3u8","",567
Geoblocked,"BR – PLUTO TV","PLUTO TV CINE CRIME","https://jmp2.uk/plu-6479ff764f5ba5000878dfe2.m3u8","HTTP 403",4042
Alive,"BR – PLUTO TV","PLUTO TV CINE DRAMA","https://jmp2.uk/plu-5f1210d14ae1f80007bafb1d.m3u8","",838
Alive,"BR – PLUTO TV","PLUTO TV CINE FAMÍLIA","https://jmp2.uk/plu-5f171f032cd22e0007f17f3d.m3u8","",944
Geoblocked,"BR – PLUTO TV","PLUTO TV CINE INSPIRAÇÃO","https://jmp2.uk/plu-5fa991b1f09e020007e78626.m3u8","HTTP 403",3999
Alive,"BR – PLUTO TV","PLUTO TV CINE ROMANCE","https://jmp2.uk/plu-5f171f988ab9780007fa95ea.m3u8","",1098
Alive,"BR – PLUTO TV","PLUTO TV CINE SUCESSOS","https://jmp2.uk/plu-5f120e94a5714d00074576a1.m3u8","",1239
Alive,"BR – PLUTO TV","PLUTO TV CINE TERROR","https://jmp2.uk/plu-5f12111c9e6c2c00078ef3bb.m3u8","",727
Alive,"BR – PLUTO TV","PLUTO TV COZINHA","https://jmp2.uk/plu-5f1ef23020a5ac0007e5e8ea.m3u8","",2159
Dead,"BR – PLUTO TV","PLUTO TV CURIOSIDADE","https://jmp2.uk/plu-6474aadc8e3c0a0008b98493.m3u8","HTTP 404",906
Geoblocked,"BR – PLUTO TV","PLUTO TV DESENHOS CLÁSSICOS","https://jmp2.uk/plu-655e5c4d2c46f3000877a54b.m3u8","HTTP 403",2027
Dead,"BR – PLUTO TV","PLUTO TV ERA DE OURO DO CINEMA","https://jmp2.uk/plu-69441fd9e4674206f0a51245.m3u8","HTTP 404",1269
Dead,"BR – PLUTO TV","PLUTO TV ESPORTES","https://jmp2.uk/plu-5f32d2db0af67400077f29c4.m3u8","Error: Invalid IPv6 URL",0
Alive,"BR – PLUTO TV","PLUTO TV FICÇÃO CIENTÍFICA","https://jmp2.uk/plu-5fa15ad6367e170007cdd098.m3u8","",712
Alive,"BR – PLUTO TV","PLUTO TV FILMES AÇÃO","https://jmp2.uk/plu-5f120f41b7d403000783a6d6.m3u8","",1517
Alive,"BR – PLUTO TV","PLUTO TV FILMES AVENTURA","https://jmp2.uk/plu-66c79a4262e5510008ff68a5.m3u8","",1190
Alive,"BR – PLUTO TV","PLUTO TV FILMES DE LUTA","https://jmp2.uk/plu-6806d62369aec5b19cd628c0.m3u8","",960
Alive,"BR – PLUTO TV","PLUTO TV FILMES NACIONAIS","https://jmp2.uk/plu-5f5a545d0dbf7f0007c09408.m3u8","",1540
Dead,"BR – PLUTO TV","PLUTO TV GAMING POR UBISOFT","https://jmp2.uk/plu-64c815e8a1c6130008fef928.m3u8","HTTP 404",3387
Alive,"BR – PLUTO TV","PLUTO TV INVESTIGAÇÃO","https://jmp2.uk/plu-5f32cf37c9ff2b00082adbc8.m3u8","",1145
Alive,"BR – PLUTO TV","PLUTO TV JUNIOR","https://jmp2.uk/plu-5f12141b146d760007934ea7.m3u8","",1548
Alive,"BR – PLUTO TV","PLUTO TV KARAOKÊ POR STINGRAY","https://jmp2.uk/plu-604b99d633a72b00078e05ad.m3u8","",1023
Alive,"BR – PLUTO TV","PLUTO TV KFOOD","https://jmp2.uk/plu-633ee9ba83c08f00076b60a6.m3u8","",2078
Alive,"BR – PLUTO TV","PLUTO TV KIDS","https://jmp2.uk/plu-5f1214a637c6fd00079c652f.m3u8","",1185
Alive,"BR – PLUTO TV","PLUTO TV KIDS CLUB","https://jmp2.uk/plu-66c8cae7fed35b0008580ec0.m3u8","",1290
Alive,"BR – PLUTO TV","PLUTO TV MINHA OBSESSÃO FAVORITA","https://jmp2.uk/plu-61843f5e491af10007f7eefa.m3u8","",2030
Alive,"BR – PLUTO TV","PLUTO TV MISTÉRIOS","https://jmp2.uk/plu-5fac52f142044f00078e2a51.m3u8","",2123
Alive,"BR – PLUTO TV","PLUTO TV NOVELAS","https://jmp2.uk/plu-5f512365abe1f50007d3ff56.m3u8","",1470
Alive,"BR – PLUTO TV","PLUTO TV PAISAGENS POR STINGRAY","https://jmp2.uk/plu-604a8dedbca75b0007b1c753.m3u8","",1864
Alive,"BR – PLUTO TV","PLUTO TV POLICIAL","https://jmp2.uk/plu-678fdf9e3de7c8cf948e8824.m3u8","",3609
Alive,"BR – PLUTO TV","PLUTO TV SÉRIES AÇÃO","https://jmp2.uk/plu-6474ab1da51cb80008bfb5f4.m3u8","",2098
Alive,"BR – PLUTO TV","PLUTO TV SÉRIES COMÉDIA","https://jmp2.uk/plu-655e5bc94261ca000810cb17.m3u8","",2795
Alive,"BR – PLUTO TV","PLUTO TV SÉRIES CRIMINAIS","https://jmp2.uk/plu-6474ab5cdc7a760008745008.m3u8","",3257
Alive,"BR – PLUTO TV","PLUTO TV SÉRIES DRAMA","https://jmp2.uk/plu-65f060d84e01740008d7421f.m3u8","",2354
Alive,"BR – PLUTO TV","PLUTO TV SÉRIES NOVELESCAS","https://jmp2.uk/plu-691627e4a29a6123e400b3e0.m3u8","",2339
Alive,"BR – PLUTO TV","PLUTO TV SÉRIES SCI-FI","https://jmp2.uk/plu-63d2ba2f60bc8f0008981a0e.m3u8","",2155
Alive,"BR – PLUTO TV","PLUTO TV STAR TREK","https://jmp2.uk/plu-5f99ac4fded33000078f29ab.m3u8","",2131
Alive,"BR – PLUTO TV","PLUTO TV TERROR TRASH","https://jmp2.uk/plu-66aa67493a4ad2000806d91b.m3u8","",3648
Geoblocked,"BR – PLUTO TV","PLUTO TV TURBO","https://jmp2.uk/plu-6014761dfb91870008ea6463.m3u8","HTTP 403",3265
Geoblocked,"BR – PLUTO TV","PLUTO TV VIAGENS","https://jmp2.uk/plu-5f32d432d612e50007e56133.m3u8","HTTP 403",3479
Alive,"BR – PLUTO TV","PLUTO TV VIDA REAL","https://jmp2.uk/plu-5f32d4d9ec194100070c7449.m3u8","",1959
Alive,"BR – PLUTO TV","SMITHSONIAN CHANNEL PLUTO TV","https://jmp2.uk/plu-6298bd10d88ef000073f16b7.m3u8","",1682
Alive,"BR – PLUTO TV","TAKUSATO PLUTO TV","https://jmp2.uk/plu-5ff609de50ab210008025c1b.m3u8","",1913
Alive,"BR – INFANTIS","[US] BOOMERANG","http://up.kiwi/351921603109/34939156/1260794","",2421
Dead,"BR – INFANTIS","[US] DISNEY CHANNEL","http://up.kiwi/351921603109/34939156/1260821","HTTP 404",8735
Alive,"BR – INFANTIS","[US] DISNEY XD","http://up.kiwi/351921603109/34939156/1260822","",3716
Dead,"BR – INFANTIS","[US] NICK JR","http://up.kiwi/351921603109/34939156/1260891","HTTP 404",14281
Alive,"BR – INFANTIS","[US] NICKELODEON","http://up.kiwi/351921603109/34939156/1260892","",8162
Dead,"BR – INFANTIS","[US] NICKTOONS","http://up.kiwi/351921603109/34939156/1260893","HTTP 404",14941
Alive,"BR – INFANTIS","BABY SHARK","https://jmp2.uk/plu-63da6bcd60bc8f0008a5d364.m3u8","",1742
Alive,"BR – INFANTIS","BABY TV H265","http://up.kiwi/351921603109/34939156/100","",2496
Alive,"BR – INFANTIS","BABYFIRST","https://jmp2.uk/plu-5f4fb4cf605ddf000748e16f.m3u8","",1741
Alive,"BR – INFANTIS","BOX KIDS TV","http://45.190.28.50/BOX_KIDS_HD/index.m3u8","",1258
Geoblocked,"BR – INFANTIS","BOX KIDS TV [2]","http://138.255.2.6:8084/BOXKIDS/index.m3u8","HTTP 403",399
Alive,"BR – INFANTIS","BOX KIDS TV [3]","http://170.83.49.66:8083/BOXKIDSHD/index.m3u8","",1592
Dead,"BR – INFANTIS","CARTOONITO [H265 ]","http://tjtor8411.com:80/Osiel123/Felicidade321/71813.ts","No data (insufficient stream data: 235 bytes)",426
Dead,"BR – INFANTIS","CARTOONITO [H265 ] [2]","http://tjtor8411.com:80/010794/FXz1sY/71813.ts","No data (insufficient stream data: 235 bytes)",290
Dead,"BR – INFANTIS","CARTOONITO FHD","http://tjtor8411.com:80/Osiel123/Felicidade321/71812.ts","No data (insufficient stream data: 235 bytes)",318
Dead,"BR – INFANTIS","CARTOONITO FHD [2]","http://tjtor8411.com:80/010794/FXz1sY/71812.ts","No data (insufficient stream data: 235 bytes)",473
Alive,"BR – INFANTIS","CARTOONITO H265","http://up.kiwi/351921603109/34939156/207","",2591
Dead,"BR – INFANTIS","CARTOONITO H265 [2]","http://tjtor8411.com:80/Osiel123/Felicidade321/90644.ts","No data (insufficient stream data: 235 bytes)",392
Dead,"BR – INFANTIS","CARTOONITO H265 [3]","http://tjtor8411.com:80/010794/FXz1sY/90644.ts","No data (insufficient stream data: 235 bytes)",546
Alive,"BR – INFANTIS","CARTOONITO HD","http://up.kiwi/351921603109/34939156/209","",2443
Alive,"BR – INFANTIS","CARTOONITO HD [2]","http://up.kiwi/351921603109/34939156/296390","",2446
Dead,"BR – INFANTIS","CARTOONITO HD [3]","http://tjtor8411.com:80/Osiel123/Felicidade321/71814.ts","No data (insufficient stream data: 235 bytes)",447
Dead,"BR – INFANTIS","CARTOONITO HD [4]","http://tjtor8411.com:80/010794/FXz1sY/71814.ts","No data (insufficient stream data: 235 bytes)",473
Dead,"BR – INFANTIS","CARTOONITO HD [5]","http://45.162.231.38:7779/Cartoonito/index.m3u8","HTTP 404",870
Alive,"BR – INFANTIS","CARTOONITO SD","http://up.kiwi/351921603109/34939156/211","",3808
Alive,"BR – INFANTIS","CARTOONITO SD [2]","http://up.kiwi/351921603109/34939156/296391","",2253
Dead,"BR – INFANTIS","CARTOONITO SD [3]","http://tjtor8411.com:80/Osiel123/Felicidade321/71815.ts","No data (insufficient stream data: 235 bytes)",468
Dead,"BR – INFANTIS","CARTOONITO SD [4]","http://tjtor8411.com:80/010794/FXz1sY/71815.ts","No data (insufficient stream data: 235 bytes)",353
Alive,"BR – INFANTIS","CLOUDING","https://video04.logicahost.com.br/cloudingtv/cloudingtv/chunklist_w459304988.m3u8","",2356
Dead,"BR – INFANTIS","DISCOVERY KIDS [H265 ]","http://tjtor8411.com:80/Osiel123/Felicidade321/71872.ts","No data (insufficient stream data: 235 bytes)",329
Dead,"BR – INFANTIS","DISCOVERY KIDS [H265 ] [2]","http://tjtor8411.com:80/010794/FXz1sY/71872.ts","No data (insufficient stream data: 235 bytes)",307
Dead,"BR – INFANTIS","DISCOVERY KIDS FHD","http://tjtor8411.com:80/Osiel123/Felicidade321/71871.ts","No data (insufficient stream data: 235 bytes)",264
Dead,"BR – INFANTIS","DISCOVERY KIDS FHD [2]","http://tjtor8411.com:80/010794/FXz1sY/71871.ts","No data (insufficient stream data: 235 bytes)",427
Alive,"BR – INFANTIS","DISCOVERY KIDS H265","http://up.kiwi/351921603109/34939156/357","",1975
Dead,"BR – INFANTIS","DISCOVERY KIDS H265 [2]","http://tjtor8411.com:80/Osiel123/Felicidade321/90250.ts","No data (insufficient stream data: 235 bytes)",467
Dead,"BR – INFANTIS","DISCOVERY KIDS H265 [3]","http://tjtor8411.com:80/010794/FXz1sY/90250.ts","No data (insufficient stream data: 235 bytes)",465
Alive,"BR – INFANTIS","DISCOVERY KIDS HD","http://up.kiwi/351921603109/34939156/359","",9676
Alive,"BR – INFANTIS","DISCOVERY KIDS HD [2]","http://up.kiwi/351921603109/34939156/296368","",2092
Dead,"BR – INFANTIS","DISCOVERY KIDS HD [3]","http://tjtor8411.com:80/Osiel123/Felicidade321/71873.ts","No data (insufficient stream data: 235 bytes)",311
Dead,"BR – INFANTIS","DISCOVERY KIDS HD [4]","http://tjtor8411.com:80/010794/FXz1sY/71873.ts","No data (insufficient stream data: 235 bytes)",454
Geoblocked,"BR – INFANTIS","DISCOVERY KIDS HD [5]","http://streamer.sattvacabo.com.br/DISCOVERY_KIDS_HD/index.m3u8?token=TLGacFXd0gIXIuo2u8Zj7f4FE5J2vtgf","HTTP 403",385
Alive,"BR – INFANTIS","DISCOVERY KIDS SD","http://up.kiwi/351921603109/34939156/361","",5458
Dead,"BR – INFANTIS","DISCOVERY KIDS SD [2]","http://up.kiwi/351921603109/34939156/296369","HTTP 502",5886
Dead,"BR – INFANTIS","DISCOVERY KIDS SD [3]","http://tjtor8411.com:80/Osiel123/Felicidade321/71874.ts","No data (insufficient stream data: 235 bytes)",540
Dead,"BR – INFANTIS","DISCOVERY KIDS SD [4]","http://tjtor8411.com:80/010794/FXz1sY/71874.ts","No data (insufficient stream data: 235 bytes)",394
Alive,"BR – INFANTIS","DISNEY CHANNEL PT","http://151.80.18.177:86/Disney_Channel_HD/index.m3u8","",1260
Alive,"BR – INFANTIS","DPA FAST","http://up.kiwi/351921603109/34939156/305216","",2320
Alive,"BR – INFANTIS","DUMDUM","http://45.162.64.114/ZOOMOO_KIDS/index.m3u8","",1256
Geoblocked,"BR – INFANTIS","DUMDUM [2]","http://138.255.2.6:8084/ZOOMOO/index.m3u8","HTTP 403",317
Alive,"BR – INFANTIS","DUMDUM [3]","http://168.197.104.22/ZOOMOO/index.m3u8","",1294
Alive,"BR – INFANTIS","DUMDUM [4]","http://186.219.52.187/zoomoo/index.m3u8","",1214
Alive,"BR – INFANTIS","GLOOB","http://up.kiwi/351921603109/34939156/296392","",2310
Dead,"BR – INFANTIS","GLOOB [2]","http://45.235.0.78/Gloob/playlist.m3u8","Timeout",20049
Dead,"BR – INFANTIS","GLOOB [H265 ]","http://tjtor8411.com:80/Osiel123/Felicidade321/72099.ts","No data (insufficient stream data: 235 bytes)",377
Dead,"BR – INFANTIS","GLOOB [H265 ] [2]","http://tjtor8411.com:80/010794/FXz1sY/72099.ts","No data (insufficient stream data: 235 bytes)",292
Alive,"BR – INFANTIS","GLOOB FHD","http://up.kiwi/351921603109/34939156/296362","",5222
Dead,"BR – INFANTIS","GLOOB FHD [2]","http://tjtor8411.com:80/Osiel123/Felicidade321/131153.ts","No data (insufficient stream data: 235 bytes)",358
Dead,"BR – INFANTIS","GLOOB FHD [3]","http://tjtor8411.com:80/010794/FXz1sY/131153.ts","No data (insufficient stream data: 235 bytes)",279
Alive,"BR – INFANTIS","GLOOB H265","http://up.kiwi/351921603109/34939156/543","",2985
Dead,"BR – INFANTIS","GLOOB H265 [2]","http://tjtor8411.com:80/Osiel123/Felicidade321/103498.ts","No data (insufficient stream data: 235 bytes)",259
Dead,"BR – INFANTIS","GLOOB H265 [3]","http://tjtor8411.com:80/010794/FXz1sY/103498.ts","No data (insufficient stream data: 235 bytes)",406
Alive,"BR – INFANTIS","GLOOB HD","http://up.kiwi/351921603109/34939156/545","",2408
Dead,"BR – INFANTIS","GLOOB HD [2]","http://up.kiwi/351921603109/34939156/296372","HTTP 404",791
Alive,"BR – INFANTIS","GLOOB HD [3]","http://up.kiwi/351921603109/34939156/296361","",2114
Dead,"BR – INFANTIS","GLOOB HD [4]","http://tjtor8411.com:80/Osiel123/Felicidade321/72100.ts","No data (insufficient stream data: 235 bytes)",507
Dead,"BR – INFANTIS","GLOOB HD [5]","http://tjtor8411.com:80/010794/FXz1sY/72100.ts","No data (insufficient stream data: 235 bytes)",472
Alive,"BR – INFANTIS","GLOOB SD","http://up.kiwi/351921603109/34939156/547","",3035
Alive,"BR – INFANTIS","GLOOB SD [2]","http://up.kiwi/351921603109/34939156/296373","",2952
Alive,"BR – INFANTIS","GLOOB SD [3]","http://up.kiwi/351921603109/34939156/296360","",4815
Dead,"BR – INFANTIS","GLOOB SD [4]","http://tjtor8411.com:80/Osiel123/Felicidade321/131117.ts","No data (insufficient stream data: 235 bytes)",413
Dead,"BR – INFANTIS","GLOOB SD [5]","http://tjtor8411.com:80/010794/FXz1sY/131117.ts","No data (insufficient stream data: 235 bytes)",390
Dead,"BR – INFANTIS","GLOOB WEB","https://vs20.live.opencaster.com/globiosat_73a904af/index.m3u8","HTTP 404",925
Alive,"BR – INFANTIS","GLOOBINHO","http://up.kiwi/351921603109/34939156/296393","",1915
Dead,"BR – INFANTIS","GLOOBINHO [2]","http://177.52.24.163/GLOOBINHO-HD/index.m3u8","Timeout",20052
Dead,"BR – INFANTIS","GLOOBINHO [H265 ]","http://tjtor8411.com:80/Osiel123/Felicidade321/90630.ts","No data (insufficient stream data: 235 bytes)",417
Dead,"BR – INFANTIS","GLOOBINHO [H265 ] [2]","http://tjtor8411.com:80/010794/FXz1sY/90630.ts","No data (insufficient stream data: 235 bytes)",425
Dead,"BR – INFANTIS","GLOOBINHO FHD","http://up.kiwi/351921603109/34939156/296365","HTTP 404",753
Dead,"BR – INFANTIS","GLOOBINHO FHD [2]","http://tjtor8411.com:80/Osiel123/Felicidade321/90631.ts","No data (insufficient stream data: 235 bytes)",231
Dead,"BR – INFANTIS","GLOOBINHO FHD [3]","http://tjtor8411.com:80/010794/FXz1sY/90631.ts","No data (insufficient stream data: 235 bytes)",331
Dead,"BR – INFANTIS","GLOOBINHO H265","http://up.kiwi/351921603109/34939156/548","HTTP 404",858
Dead,"BR – INFANTIS","GLOOBINHO H265 [2]","http://tjtor8411.com:80/Osiel123/Felicidade321/103497.ts","No data (insufficient stream data: 235 bytes)",964
Dead,"BR – INFANTIS","GLOOBINHO H265 [3]","http://tjtor8411.com:80/010794/FXz1sY/103497.ts","No data (insufficient stream data: 235 bytes)",303
Alive,"BR – INFANTIS","GLOOBINHO HD","http://up.kiwi/351921603109/34939156/550","",2895
Dead,"BR – INFANTIS","GLOOBINHO HD [2]","http://up.kiwi/351921603109/34939156/296364","HTTP 404",679
Alive,"BR – INFANTIS","GLOOBINHO HD [3]","http://up.kiwi/351921603109/34939156/296374","",1887
Dead,"BR – INFANTIS","GLOOBINHO HD [4]","http://tjtor8411.com:80/Osiel123/Felicidade321/90629.ts","No data (insufficient stream data: 235 bytes)",346
Dead,"BR – INFANTIS","GLOOBINHO HD [5]","http://tjtor8411.com:80/010794/FXz1sY/90629.ts","No data (insufficient stream data: 235 bytes)",343
Dead,"BR – INFANTIS","GLOOBINHO SD","http://up.kiwi/351921603109/34939156/296363","HTTP 404",854
Alive,"BR – INFANTIS","GLOOBINHO SD [2]","http://up.kiwi/351921603109/34939156/296375","",5551
Dead,"BR – INFANTIS","GLOOBINHO SD [3]","http://tjtor8411.com:80/Osiel123/Felicidade321/131173.ts","No data (insufficient stream data: 235 bytes)",271
Dead,"BR – INFANTIS","GLOOBINHO SD [4]","http://tjtor8411.com:80/010794/FXz1sY/131173.ts","No data (insufficient stream data: 235 bytes)",284
Dead,"BR – INFANTIS","KID MAIS","https://video03.logicahost.com.br/novafamilia01/novafamilia01/playlist.m3u8","HTTP 404",1181
Dead,"BR – INFANTIS","NICK JR. CLUB","https://jmp2.uk/plu-5f121460b73ac6000719fbaf.m3u8","HTTP 404",1318
Alive,"BR – INFANTIS","NICKELODEON ICARLY","https://jmp2.uk/plu-620ff46e0a576e0007dc2f89.m3u8","",1033
Alive,"BR – INFANTIS","NICKELODEON TEEN","https://jmp2.uk/plu-60f5fabf0721880007cd50e3.m3u8","",816
Alive,"BR – INFANTIS","NICKELODEON TOONS","https://jmp2.uk/plu-645951c0e94c38000802d2cb.m3u8","",1092
Dead,"BR – INFANTIS","NICKONLINE","https://x1colegal.com/hls/0/stream.m3u8","HTTP 218",574
Dead,"BR – INFANTIS","NICKONLINE HD","https://x1colegal.com/hls/stream.m3u8","HTTP 218",529
Alive,"BR – INFANTIS","NICKTOONS BRASIL","https://stmv2.srvif.com/nicktoons/nicktoons/playlist.m3u8","",559
Alive,"BR – INFANTIS","O REINO INFANTIL","https://jmp2.uk/plu-5f5c216df68f920007888315.m3u8","",995
Dead,"BR – INFANTIS","RAKUTEN FAMÍLIA","https://rakuten-family-14-pt.samsung.wurl.tv/playlist.m3u8?ManoTV","DNS failure",72
Alive,"BR – INFANTIS","SONIC","https://d1si3n1st4nkgb.cloudfront.net/10000/88876021/hls/master.m3u8?ads.xumo_channelId=88876021","",613
Alive,"BR – INFANTIS","TOON GOOGLES HD","https://stream.ads.ottera.tv/playlist.m3u8?network_id=5442","",818
Alive,"BR – INFANTIS","TOONCAST FHD","http://up.kiwi/351921603109/34939156/1255533","",2191
Alive,"BR – INFANTIS","TOONCAST FHD ALT","http://up.kiwi/351921603109/34939156/1255536","",3265
Alive,"BR – INFANTIS","TOONCAST HD","http://up.kiwi/351921603109/34939156/1255534","",2882
Geoblocked,"BR – INFANTIS","TOONCAST HD [2]","http://138.255.2.6:8084/TOONCAST/index.m3u8","HTTP 403",291
Alive,"BR – INFANTIS","TOONCAST HD [3]","http://45.190.28.50:80/TOONCAST/index.m3u8","",1116
Dead,"BR – INFANTIS","TOONCAST HD ALT","http://up.kiwi/351921603109/34939156/1255537","HTTP 404",1609
Alive,"BR – INFANTIS","TOONCAST SD","http://up.kiwi/351921603109/34939156/1255535","",3328
Alive,"BR – INFANTIS","TOONCAST SD ALT","http://up.kiwi/351921603109/34939156/1255538","",3664
Alive,"BR – INFANTIS","TV GALLO","https://5c483b9d1019c.streamlock.net/8202/8202/playlist-480p.m3u8","",783
Alive,"BR – INFANTIS","TV RA TIM BUM","http://45.177.114.115/TV_RA_TIM_BUM/index.m3u8","",1470
Alive,"BR – INFANTIS","TV RA TIM BUM [2]","http://45.190.28.50/RATIMBUM/index.m3u8","",1117
Alive,"BR – INFANTIS","TV RA TIM BUM [3]","http://168.197.104.22/RA_TIM_BUM/index.m3u8","",1115
Alive,"BR – INFANTIS","TV RA TIM BUM [4]","http://170.83.49.66:8083/TVRATIMBUMHD/index.m3u8","",1288
Alive,"BR – INFANTIS","TV RA TIM BUM [5]","http://186.219.52.187/ratimbum/index.m3u8","",1114
Alive,"BR – INFANTIS","TV RA TIM BUM [6]","http://45.162.64.114/RA_TIM_BUM/index.m3u8","",1189
Dead,"BR – INFANTIS","TV RA TIM BUM H265","http://tjtor8411.com:80/Osiel123/Felicidade321/103458.ts","No data (insufficient stream data: 235 bytes)",287
Dead,"BR – INFANTIS","TV RA TIM BUM H265 [2]","http://tjtor8411.com:80/010794/FXz1sY/103458.ts","No data (insufficient stream data: 235 bytes)",244
Alive,"BR – INFANTIS","TV RA TIM BUM HD","http://up.kiwi/351921603109/34939156/296384","",5526
Dead,"BR – INFANTIS","TV RA TIM BUM HD [2]","http://gerenciar.vivatele.com/viva_padrao/viva2384/15","No data (insufficient stream data: 0 bytes)",800
Dead,"BR – INFANTIS","TV RA TIM BUM SD","http://up.kiwi/351921603109/34939156/1505","HTTP 404",1662
Dead,"BR – INFANTIS","TV RA TIM BUM SD [2]","http://up.kiwi/351921603109/34939156/296385","HTTP 502",5145
Dead,"BR – INFANTIS","TV RA-TIM-BUM [H265 ]","http://tjtor8411.com:80/Osiel123/Felicidade321/72413.ts","No data (insufficient stream data: 235 bytes)",284
Dead,"BR – INFANTIS","TV RA-TIM-BUM [H265 ] [2]","http://tjtor8411.com:80/010794/FXz1sY/72413.ts","No data (insufficient stream data: 235 bytes)",305
Dead,"BR – INFANTIS","TV RA-TIM-BUM FHD","http://tjtor8411.com:80/Osiel123/Felicidade321/72412.ts","No data (insufficient stream data: 235 bytes)",326
Dead,"BR – INFANTIS","TV RA-TIM-BUM FHD [2]","http://tjtor8411.com:80/010794/FXz1sY/72412.ts","No data (insufficient stream data: 235 bytes)",270
Dead,"BR – INFANTIS","TV RA-TIM-BUM HD","http://tjtor8411.com:80/Osiel123/Felicidade321/72414.ts","No data (insufficient stream data: 235 bytes)",316
Dead,"BR – INFANTIS","TV RA-TIM-BUM HD [2]","http://tjtor8411.com:80/010794/FXz1sY/72414.ts","No data (insufficient stream data: 235 bytes)",255
Dead,"BR – INFANTIS","TV RA-TIM-BUM SD","http://tjtor8411.com:80/Osiel123/Felicidade321/72415.ts","No data (insufficient stream data: 235 bytes)",309
Dead,"BR – INFANTIS","TV RA-TIM-BUM SD [2]","http://tjtor8411.com:80/010794/FXz1sY/72415.ts","No data (insufficient stream data: 235 bytes)",269
Dead,"BR – INFANTIS","TVZYN","https://d25usgadhphvwi.cloudfront.net/v1/master/3722c60a815c199d9c0ef36c5b73da68a62b09d1/cc-5w3mfvzg9saoi/playlist.m3u8","HTTP 504",5801
Dead,"BR – INFANTIS","UNIVERSO KIDS","https://srv3.zcast.com.br/universo3/universo3/playlist_w554522056.m3u8","HTTP 404",755
Alive,"BR – INFANTIS","VIU TV","https://stmv5.samcast.com.br/val4355/val4355/playlist.m3u8?hls_ctx=50177u50","",1355
Alive,"BR – EDUCACAO","AGROMAIS","http://45.162.64.114/AGROMAIS/index.m3u8","",1181
Alive,"BR – EDUCACAO","AGROMAIS [2]","http://45.177.114.115/agromais/index.m3u8","",1267
Alive,"BR – EDUCACAO","AGROMAIS [3]","http://45.177.114.115/AGROMAIS_HD/index.m3u8","",1124
Alive,"BR – EDUCACAO","AGROMAIS [4]","http://45.190.28.50/AGROMAIS_HD/index.m3u8","",1116
Geoblocked,"BR – EDUCACAO","AGROMAIS [5]","http://138.255.2.6:8084/AGROMAIS/index.m3u8","HTTP 403",292
Alive,"BR – EDUCACAO","AGROMAIS [6]","http://168.197.104.22/AGROMAIS/index.m3u8","",1109
Alive,"BR – EDUCACAO","AGROMAIS [7]","http://170.83.16.50/AGRO_MAIS/index.m3u8","",1145
Dead,"BR – EDUCACAO","AGROMAIS [H265 ]","http://tjtor8411.com:80/Osiel123/Felicidade321/71765.ts","No data (insufficient stream data: 235 bytes)",279
Dead,"BR – EDUCACAO","AGROMAIS [H265 ] [2]","http://tjtor8411.com:80/010794/FXz1sY/71765.ts","No data (insufficient stream data: 235 bytes)",299
Dead,"BR – EDUCACAO","AGROMAIS FHD","http://tjtor8411.com:80/Osiel123/Felicidade321/71764.ts","No data (insufficient stream data: 235 bytes)",208
Dead,"BR – EDUCACAO","AGROMAIS FHD [2]","http://tjtor8411.com:80/010794/FXz1sY/71764.ts","No data (insufficient stream data: 235 bytes)",226
Dead,"BR – EDUCACAO","AGROMAIS H265","http://tjtor8411.com:80/Osiel123/Felicidade321/103532.ts","No data (insufficient stream data: 235 bytes)",245
Dead,"BR – EDUCACAO","AGROMAIS H265 [2]","http://tjtor8411.com:80/010794/FXz1sY/103532.ts","No data (insufficient stream data: 235 bytes)",214
Dead,"BR – EDUCACAO","AGROMAIS HD","http://tjtor8411.com:80/Osiel123/Felicidade321/71766.ts","No data (insufficient stream data: 235 bytes)",210
Dead,"BR – EDUCACAO","AGROMAIS HD [2]","http://tjtor8411.com:80/010794/FXz1sY/71766.ts","No data (insufficient stream data: 235 bytes)",224
Dead,"BR – EDUCACAO","AGROMAIS SD","http://tjtor8411.com:80/Osiel123/Felicidade321/71767.ts","No data (insufficient stream data: 235 bytes)",243
Dead,"BR – EDUCACAO","AGROMAIS SD [2]","http://tjtor8411.com:80/010794/FXz1sY/71767.ts","No data (insufficient stream data: 235 bytes)",286
Alive,"BR – EDUCACAO","CANAL EDUCACAO","http://45.162.64.114/CANAL_EDUCACAO/index.m3u8","",1863
Alive,"BR – EDUCACAO","CANAL EDUCAÇÃO","https://canaleducacao-stream.ebc.com.br/index.m3u8","",3622
Alive,"BR – EDUCACAO","CANAL EDUCACAO [2]","http://45.177.114.115/CANAL_EDUCACAO/index.m3u8","",1529
Geoblocked,"BR – EDUCACAO","CANAL EDUCACAO [3]","http://138.255.2.6:8084/TVESCOLA/index.m3u8","HTTP 403",294
Alive,"BR – EDUCACAO","CANAL EDUCACAO [4]","http://168.197.104.22/CANAL_EDUCACAO/index.m3u8","",1761
Alive,"BR – EDUCACAO","CANAL FUTURA","http://45.162.64.114/FUTURA/index.m3u8","",1178
Geoblocked,"BR – EDUCACAO","CANAL FUTURA [2]","http://138.255.2.6:8084/FUTURA/index.m3u8","HTTP 403",293
Alive,"BR – EDUCACAO","CANAL FUTURA [3]","http://170.83.16.50/FUTURA/index.m3u8","",1138
Alive,"BR – EDUCACAO","CANAL FUTURA [4]","http://186.219.52.187/futura/index.m3u8","",1110
Dead,"BR – EDUCACAO","CANAL FUTURA [5]","https://tv.unisc.br/hls/test.m3u8","Timeout",20980
Alive,"BR – EDUCACAO","CANAL SAUDE","https://eitv7.cdn.broadpeak.io/account351-i1495/event/canalsaude/format720p.m3u8","",1271
Dead,"BR – EDUCACAO","CANAL SAÚDE","https://arkyvbre1g.zoeweb.tv/fiocruz/fiocruz.stream/playlist.m3u8","HTTP 503",3322
Alive,"BR – EDUCACAO","CATVE TV CULTURA HD","http://wowza4.catve.com.br:1935/live/livestream/playlist.m3u8?ManoTV","",1717
Dead,"BR – EDUCACAO","SANTA CECILIA TV","http://flash1.crossdigital.com.br/2063/2063/playlist.m3u8","Timeout",20673
Dead,"BR – EDUCACAO","SANTA CECILIA TV [2]","https://5fb29de4928ea.streamlock.net/2063/2063/playlist.m3u8","Timeout",20110
Dead,"BR – EDUCACAO","SESC TV","https://slbps-ml-sambatech.akamaized.net/samba-live/2472/7424/8a00fe7cc36ac263b2c3e9324497d5ff/video/93a9920d-1b24-4c5e-a7d2-63d5489f59b5_index.m3u8","HTTP 400",184
Alive,"BR – EDUCACAO","SESC TV [2]","http://45.162.64.114/SESC_TV/index.m3u8","",1182
Alive,"BR – EDUCACAO","SESC TV [3]","http://45.190.28.50/SESC_TV/index.m3u8","",1114
Geoblocked,"BR – EDUCACAO","SESC TV [4]","http://138.255.2.6:8084/SESCTV/index.m3u8","HTTP 403",292
Alive,"BR – EDUCACAO","SESC TV [5]","http://170.83.49.66:8083/SESCTVHD/index.m3u8","",1307
Alive,"BR – EDUCACAO","SESC TV [6]","http://186.219.52.187/sesc_tv/index.m3u8","",1115
Dead,"BR – EDUCACAO","TV ASSEMBLÉIA CEARÁ","https://jjn5dkk9bd.zoeweb.tv/z404-live/stream/playlist.m3u8","HTTP 503",3463
Alive,"BR – EDUCACAO","TV ASSEMBLEIA PIAUI","https://stmv1.srvstm.com/piaui8071/piaui8071/playlist.m3u8","",529
Alive,"BR – EDUCACAO","TV CULTURA","http://45.162.64.114/TV_CULTURA/index.m3u8","",1172
Geoblocked,"BR – EDUCACAO","TV CULTURA [10]","https://cdn-5.nxplay.com.br/TV_CULTURA/index.m3u8","HTTP 403",497
Alive,"BR – EDUCACAO","TV CULTURA [11]","https://player-tvcultura.stream.uol.com.br/live/tvcultura.m3u8","",1876
Alive,"BR – EDUCACAO","TV CULTURA [12]","https://jmp2.uk/plu-62e010e6cd663f0007e57dc8.m3u8","",642
Alive,"BR – EDUCACAO","TV CULTURA [2]","http://45.177.114.115/TV_CULTURA/index.m3u8","",1122
Alive,"BR – EDUCACAO","TV CULTURA [3]","http://45.190.28.50/TV_CULTURA_HD/index.m3u8","",1111
Geoblocked,"BR – EDUCACAO","TV CULTURA [4]","http://138.255.2.6:8084/CULTURA/index.m3u8","HTTP 403",291
Alive,"BR – EDUCACAO","TV CULTURA [5]","http://168.197.104.22/TV_CULTURA/index.m3u8","",1112
Alive,"BR – EDUCACAO","TV CULTURA [6]","http://170.83.16.50/CULTURA/index.m3u8","",1131
Geoblocked,"BR – EDUCACAO","TV CULTURA [7]","http://170.84.165.204/CULTURA_HD/index.m3u8","HTTP 403",305
Alive,"BR – EDUCACAO","TV CULTURA [8]","http://186.219.52.187/cultura/index.m3u8","",1114
Dead,"BR – EDUCACAO","TV CULTURA [9]","https://v-us-01.wisestream.io/memfs/e8740862-7a1f-45f3-acb2-4f357e144059.m3u8","HTTP 404",1585
Alive,"BR – EDUCACAO","TV CULTURA HD","http://up.kiwi/351921603109/34939156/1400","",1925
Dead,"BR – EDUCACAO","TV CULTURA PARÁ","https://www.portalcultura.com.br/playerhtml/funtelpa/tv_funtelpa/chunklist_w144947531.m3u8","Timeout",23186
Dead,"BR – EDUCACAO","TV CULTURA PR SD","http://up.kiwi/351921603109/34939156/1398","HTTP 404",642
Alive,"BR – EDUCACAO","TV CULTURA RN FHD","https://tv03.zas.media:1936/tvfuturo/tvfuturo/playlist.m3u8","",1874
Alive,"BR – EDUCACAO","TV CULTURA SD","http://up.kiwi/351921603109/34939156/1402","",1749
Alive,"BR – EDUCACAO","TV ESCOLA","http://45.190.28.50/TV_ESCOLA/index.m3u8","",1108
Dead,"BR – EDUCACAO","TV MACKENZIE","https://player.internetaovivo.com:8443/live_tvmackenzieabr/tvmackenzieabr/playlist.m3u8","Timeout",20363
Dead,"BR – EDUCACAO","TV UFG","http://flash.softhost.com.br:1935/ufg/tvufgweb/playlist.m3u8","HTTP 404",1295
Alive,"BR – EDUCACAO","TV UFOP","https://app.tvufop.com.br/hls/tvufop.m3u8","",1399
Dead,"BR – EDUCACAO","TVE MS","http://stream.digilab.com.br:8081/fertel/fertel/playlist.m3u8","HTTP 404",1311
Alive,"BR – EDUCACAO","UNISUL TV","https://sitetv.brasilstream.com.br/hls/sitetv/index.m3u8?token=","",1300
Dead,"BR – EDUCACAO","UNITV PORTO ALEGRE","http://unitvaovivo.ufrgs.br:8080/live.ogg","Timeout",20846
Dead,"BR – AR LIVRE","AGRO CANAL","https://aovivo.equipea.com.br:5443/aovivort/streams/RmvrJTkqJYoGD6gD1725309082818.m3u8","HTTP 404",1484
Dead,"BR – AR LIVRE","AGRO+ HD","http://up.kiwi/351921603109/34939156/296631","HTTP 404",822
Alive,"BR – AR LIVRE","AGRO+ SD","http://up.kiwi/351921603109/34939156/296632","",2681
Dead,"BR – AR LIVRE","AGROBRASIL TV","http://45.162.230.234:1935/agrobrasiltv/agrobrasiltv/playlist.m3u8","Timeout",20023
Dead,"BR – AR LIVRE","AGROBRASIL TV [2]","https://server.flixtv.com.br/agrobrasiltv/agrobrasiltv/playlist.m3u8","Timeout",20679
Alive,"BR – AR LIVRE","AGROCANAL","http://45.162.64.114/AGRO_CANAL/index.m3u8","",1181
Alive,"BR – AR LIVRE","AGROCANAL [2]","http://45.190.28.50/AGRO_CANAL/index.m3u8","",1116
Alive,"BR – AR LIVRE","AGROCANAL [3]","http://168.197.104.22/AGRO_CANAL/index.m3u8","",1116
Alive,"BR – AR LIVRE","AGROCANAL [4]","http://170.83.49.66:8083/AGROCANALHD/index.m3u8","",1294
Alive,"BR – AR LIVRE","AGROCANAL [5]","http://186.219.52.187/agro_canal/index.m3u8","",1116
Alive,"BR – AR LIVRE","AGROCANAL [6]","https://aovivo.equipea.com.br:5443/aovivort/streams/pshRLrnv6isXq7RG4747567774043229.m3u8","",1290
Alive,"BR – AR LIVRE","CANAL DO BOI","http://45.162.64.114/CANAL_DO_BOI/index.m3u8","",1183
Dead,"BR – AR LIVRE","CANAL DO BOI [2]","http://45.190.28.50/CANAL_DO_BOI/index.m3u8","HTTP 404",6740
Alive,"BR – AR LIVRE","CANAL DO BOI [3]","http://168.197.104.22/CANAL_DO_BOI/index.m3u8","",1111
Alive,"BR – AR LIVRE","CANAL DO BOI [4]","http://170.83.16.50/CANAL_DO_BOI/index.m3u8","",1146
Alive,"BR – AR LIVRE","CANAL DO BOI [5]","http://170.83.49.66:8083/CANALDOBOIHD/index.m3u8","",1303
Alive,"BR – AR LIVRE","CANAL DO BOI [6]","http://186.219.52.187/canal_do_boi/index.m3u8","",1106
Dead,"BR – AR LIVRE","CANAL DO BOI FHD","http://tjtor8411.com:80/Osiel123/Felicidade321/71820.ts","No data (insufficient stream data: 235 bytes)",204
Dead,"BR – AR LIVRE","CANAL DO BOI FHD [2]","http://tjtor8411.com:80/010794/FXz1sY/71820.ts","No data (insufficient stream data: 235 bytes)",221
Dead,"BR – AR LIVRE","CANAL DO BOI H265","http://tjtor8411.com:80/Osiel123/Felicidade321/103516.ts","No data (insufficient stream data: 235 bytes)",295
Dead,"BR – AR LIVRE","CANAL DO BOI H265 [2]","http://tjtor8411.com:80/010794/FXz1sY/103516.ts","No data (insufficient stream data: 235 bytes)",289
Dead,"BR – AR LIVRE","CANAL DO BOI HD","http://tjtor8411.com:80/Osiel123/Felicidade321/71821.ts","No data (insufficient stream data: 235 bytes)",247
Dead,"BR – AR LIVRE","CANAL DO BOI HD [2]","http://tjtor8411.com:80/010794/FXz1sY/71821.ts","No data (insufficient stream data: 235 bytes)",267
Dead,"BR – AR LIVRE","CANAL DO BOI HD [3]","https://gerenciar.vivatele.com:443/viva_padrao/viva2384/7","No data (insufficient stream data: 0 bytes)",1527
Alive,"BR – AR LIVRE","CANAL DO BOI SD","http://up.kiwi/351921603109/34939156/192","",1858
Dead,"BR – AR LIVRE","CANAL DO BOI SD [2]","http://tjtor8411.com:80/Osiel123/Felicidade321/71822.ts","No data (insufficient stream data: 235 bytes)",288
Dead,"BR – AR LIVRE","CANAL DO BOI SD [3]","http://tjtor8411.com:80/010794/FXz1sY/71822.ts","No data (insufficient stream data: 235 bytes)",276
Dead,"BR – AR LIVRE","CANAL DO CRIADOR","https://607d2a1a47b1f.streamlock.net/crur/smil:canaldocriador.smil/playlist.m3u8","SSL/TLS error",1405
Alive,"BR – AR LIVRE","CANAL DO CRIADOR SD","http://up.kiwi/351921603109/34939156/193","",7192
Dead,"BR – AR LIVRE","CANAL RURAL","https://607d2a1a47b1f.streamlock.net/crur/smil:canalrural.smil/playlist.m3u8","SSL/TLS error",1374
Dead,"BR – AR LIVRE","CANAL RURAL [2]","https://cdn2.easy.tv.br/canalrural/index.m3u8","Timeout",20541
Alive,"BR – AR LIVRE","CANAL RURAL [3]","http://170.83.49.66:8083/CANALRURALHD/index.m3u8","",1309
Alive,"BR – AR LIVRE","CANAL RURAL [4]","http://186.219.52.187/canal_rural/index.m3u8","",1109
Dead,"BR – AR LIVRE","CANAL RURAL [H265 ]","http://tjtor8411.com:80/Osiel123/Felicidade321/178515.ts","No data (insufficient stream data: 235 bytes)",306
Dead,"BR – AR LIVRE","CANAL RURAL [H265 ] [2]","http://tjtor8411.com:80/010794/FXz1sY/178515.ts","No data (insufficient stream data: 235 bytes)",261
Dead,"BR – AR LIVRE","CANAL RURAL FHD","http://tjtor8411.com:80/Osiel123/Felicidade321/178512.ts","No data (insufficient stream data: 235 bytes)",290
Dead,"BR – AR LIVRE","CANAL RURAL FHD [2]","http://tjtor8411.com:80/010794/FXz1sY/178512.ts","No data (insufficient stream data: 235 bytes)",231
Dead,"BR – AR LIVRE","CANAL RURAL H265","http://tjtor8411.com:80/Osiel123/Felicidade321/178516.ts","No data (insufficient stream data: 235 bytes)",233
Dead,"BR – AR LIVRE","CANAL RURAL H265 [2]","http://tjtor8411.com:80/010794/FXz1sY/178516.ts","No data (insufficient stream data: 235 bytes)",279
Dead,"BR – AR LIVRE","CANAL RURAL HD","http://up.kiwi/351921603109/34939156/305211","HTTP 404",748
Dead,"BR – AR LIVRE","CANAL RURAL HD [2]","http://tjtor8411.com:80/Osiel123/Felicidade321/178513.ts","No data (insufficient stream data: 235 bytes)",239
Dead,"BR – AR LIVRE","CANAL RURAL HD [3]","http://tjtor8411.com:80/010794/FXz1sY/178513.ts","No data (insufficient stream data: 235 bytes)",244
Dead,"BR – AR LIVRE","CANAL RURAL HD [4]","https://stream.ads.ottera.tv/playlist.m3u8?network_id=14073","HTTP 400",498
Dead,"BR – AR LIVRE","CANAL RURAL SD","http://up.kiwi/351921603109/34939156/305212","HTTP 502",2390
Dead,"BR – AR LIVRE","CANAL RURAL SD [2]","http://tjtor8411.com:80/Osiel123/Felicidade321/71823.ts","No data (insufficient stream data: 235 bytes)",233
Dead,"BR – AR LIVRE","CANAL RURAL SD [3]","http://tjtor8411.com:80/Osiel123/Felicidade321/178514.ts","No data (insufficient stream data: 235 bytes)",213
Dead,"BR – AR LIVRE","CANAL RURAL SD [4]","http://tjtor8411.com:80/010794/FXz1sY/71823.ts","No data (insufficient stream data: 235 bytes)",244
Dead,"BR – AR LIVRE","CANAL RURAL SD [5]","http://tjtor8411.com:80/010794/FXz1sY/178514.ts","No data (insufficient stream data: 235 bytes)",235
Dead,"BR – RELIGIOSOS","[US] GRIT TV","http://up.kiwi/351921603109/34939156/1260857","HTTP 404",15842
Alive,"BR – RELIGIOSOS","BOAS NOVAS","https://cdn.jmvstream.com/w/LVW-9375/LVW9375_6i0wPBCHYc/playlist.m3u8","",1017
Alive,"BR – RELIGIOSOS","CANÇÃO NOVA FHD","http://up.kiwi/351921603109/34939156/296222","",1957
Alive,"BR – RELIGIOSOS","CANÇÃO NOVA HD","http://up.kiwi/351921603109/34939156/296223","",2029
Dead,"BR – RELIGIOSOS","CANÇÃO NOVA HD [2]","https://gerenciar.vivatele.com:443/viva_padrao/viva2384/5","No data (insufficient stream data: 0 bytes)",1211
Alive,"BR – RELIGIOSOS","DESPERTAR TV","https://br.conectmy.com.br/DespertarTV/index.m3u8","",2717
Alive,"BR – RELIGIOSOS","FONTE TV","http://flash.softhost.com.br:1935/fonte/fontetv/live.m3u8","",1534
Alive,"BR – RELIGIOSOS","FONTE TV [2]","https://59fb88a1b1108.streamlock.net/fonte/_definst_/fontetv/chunklist_w1224511652.m3u8","",1600
Alive,"BR – RELIGIOSOS","GOSPEL CARTOON","https://stmv1.srvif.com/gospelcartoon/gospelcartoon/playlist.m3u8","",519
Alive,"BR – RELIGIOSOS","GOSPEL INTERNACIONAL","https://stream.vagalume.fm/hls/1470245767122628/aac.m3u8","",1365
Alive,"BR – RELIGIOSOS","GOSPEL MOVIE TV","https://stmv1.srvif.com/gospelf/gospelf/playlist.m3u8","",555
Dead,"BR – RELIGIOSOS","GOSTEI GOSPEL TV","https://59f1cbe63db89.streamlock.net:1443/redegostei/redegostei/playlist.m3u8","SSL/TLS error",623
Alive,"BR – RELIGIOSOS","IGREJA MUNDIAL HD","https://68882bdaf156a.streamlock.net/impd/ngrp:impd_all/chunklist_w1960836974_b1596000.m3u8","",737
Alive,"BR – RELIGIOSOS","IGREJA MUNDIAL SD","https://68882bdaf156a.streamlock.net/impd/ngrp:impd_all/chunklist_w1960836974_b896000.m3u8","",717
Alive,"BR – RELIGIOSOS","IMPD TV WORLDWIDE","https://igrejamundial.nuvemplay.live/hls/stream.m3u8","",998
Alive,"BR – RELIGIOSOS","KURIAKOS KIDS","https://w2.manasat.com/kkids/smil:kkids.smil/playlist.m3u8","",1526
Alive,"BR – RELIGIOSOS","MINISTÉRIO INFANTIL TV","http://stmv4.voxtvhd.com.br/1990/1990/playlist.m3u8","",407
Dead,"BR – RELIGIOSOS","NBT","https://isaocorp.cloudecast.com/nbt/index.m3u8?ManoTV","HTTP 404",1440
Alive,"BR – RELIGIOSOS","NOVO TEMPO","http://45.162.64.114/NOVO_TEMPO/index.m3u8","",1179
Alive,"BR – RELIGIOSOS","NOVO TEMPO [2]","http://45.190.28.50/TV_NOVO_TEMPO/index.m3u8","",1116
Geoblocked,"BR – RELIGIOSOS","NOVO TEMPO [3]","http://138.255.2.6:8084/TVNOVOTEMPO/index.m3u8","HTTP 403",295
Alive,"BR – RELIGIOSOS","NOVO TEMPO [4]","http://168.197.104.22/NOVO_TEMPO/index.m3u8","",1115
Alive,"BR – RELIGIOSOS","NOVO TEMPO [5]","http://186.219.52.187/novo_tempo/index.m3u8","",1107
Dead,"BR – RELIGIOSOS","NUEVO TIEMPO","https://stream.live.novotempo.com/tv/smil:tvnuevotiempo.smil/playlist.m3u8","DNS failure",164
Alive,"BR – RELIGIOSOS","PLENITUDE TV","https://strv.painelvox.top/plenitude/plenitude/playlist.m3u8","",1985
Alive,"BR – RELIGIOSOS","REDE GOSPEL","https://cdn.live.br1.jmvstream.com/w/LVW-8719/LVW8719_AcLVAxWy5J/playlist.m3u8","",532
Alive,"BR – RELIGIOSOS","REDE GOSPEL [2]","https://redegospel-aovivo.nuvemplay.live/hls/stream.m3u8","",937
Alive,"BR – RELIGIOSOS","REDE GOSPEL [3]","http://45.177.114.115/REDE_GOSPEL/index.m3u8","",1124
Alive,"BR – RELIGIOSOS","REDE GOSPEL [4]","http://45.190.28.50/REDE_GOSPEL_HD/index.m3u8","",1117
Alive,"BR – RELIGIOSOS","REDE GOSPEL [5]","http://170.83.49.66:8083/REDEGOSPELHD/index.m3u8","",1312
Dead,"BR – RELIGIOSOS","REDE GOSPEL [H265 ]","http://tjtor8411.com:80/Osiel123/Felicidade321/104932.ts","No data (insufficient stream data: 235 bytes)",291
Dead,"BR – RELIGIOSOS","REDE GOSPEL [H265 ] [2]","http://tjtor8411.com:80/010794/FXz1sY/104932.ts","No data (insufficient stream data: 235 bytes)",228
Dead,"BR – RELIGIOSOS","REDE GOSPEL FHD","http://tjtor8411.com:80/Osiel123/Felicidade321/104929.ts","No data (insufficient stream data: 235 bytes)",367
Dead,"BR – RELIGIOSOS","REDE GOSPEL FHD [2]","http://tjtor8411.com:80/010794/FXz1sY/104929.ts","No data (insufficient stream data: 235 bytes)",217
Dead,"BR – RELIGIOSOS","REDE GOSPEL H265","http://tjtor8411.com:80/Osiel123/Felicidade321/178531.ts","No data (insufficient stream data: 235 bytes)",407
Dead,"BR – RELIGIOSOS","REDE GOSPEL H265 [2]","http://tjtor8411.com:80/010794/FXz1sY/178531.ts","No data (insufficient stream data: 235 bytes)",227
Dead,"BR – RELIGIOSOS","REDE GOSPEL HD","http://tjtor8411.com:80/Osiel123/Felicidade321/104930.ts","No data (insufficient stream data: 235 bytes)",275
Dead,"BR – RELIGIOSOS","REDE GOSPEL HD [2]","http://tjtor8411.com:80/010794/FXz1sY/104930.ts","No data (insufficient stream data: 235 bytes)",314
Dead,"BR – RELIGIOSOS","REDE GOSPEL SD","http://tjtor8411.com:80/Osiel123/Felicidade321/104931.ts","No data (insufficient stream data: 235 bytes)",208
Dead,"BR – RELIGIOSOS","REDE GOSPEL SD [2]","http://tjtor8411.com:80/010794/FXz1sY/104931.ts","No data (insufficient stream data: 235 bytes)",366
Alive,"BR – RELIGIOSOS","REDE SECULO 21","http://45.162.64.114/REDE_SECULO_21/index.m3u8","",1183
Geoblocked,"BR – RELIGIOSOS","REDE SECULO 21 [2]","http://138.255.2.6:8084/REDESECULO21/index.m3u8","HTTP 403",294
Alive,"BR – RELIGIOSOS","REDE SECULO 21 [3]","http://186.219.52.187/seculo21/index.m3u8","",1108
Alive,"BR – RELIGIOSOS","REDE SECULO 21 [4]","https://cdn.live.br1.jmvstream.com/w/LVW-19954/LVW19954_V2nXt9iI2m/chunklist.m3u8","",370
Alive,"BR – RELIGIOSOS","REDE VIDA","http://45.190.28.50/REDE_VIDA_HD/index.m3u8","",1112
Geoblocked,"BR – RELIGIOSOS","REDE VIDA [2]","http://138.255.2.6:8084/REDEVIDA/index.m3u8","HTTP 403",299
Alive,"BR – RELIGIOSOS","REDE VIDA [3]","http://168.197.104.22/REDE_VIDA/index.m3u8","",1110
Geoblocked,"BR – RELIGIOSOS","REDE VIDA [4]","http://170.84.165.204/REDEVIDA_HD/index.m3u8","HTTP 403",306
Alive,"BR – RELIGIOSOS","REDE VIDA [5]","http://186.219.52.187/rede_vida/index.m3u8","",1113
Geoblocked,"BR – RELIGIOSOS","REDE VIDA [6]","https://cdn-5.nxplay.com.br/REDE_VIDA/index.m3u8","HTTP 403",797
Dead,"BR – RELIGIOSOS","REDE VIDA [7]","https://aovivo.doozytv.com.br/31025556/10150829/chunks.m3u8","DNS failure",264
Dead,"BR – RELIGIOSOS","REDE VIDA [H265 ]","http://tjtor8411.com:80/Osiel123/Felicidade321/72294.ts","No data (insufficient stream data: 235 bytes)",205
Dead,"BR – RELIGIOSOS","REDE VIDA [H265 ] [2]","http://tjtor8411.com:80/010794/FXz1sY/72294.ts","No data (insufficient stream data: 235 bytes)",200
Dead,"BR – RELIGIOSOS","REDE VIDA EDUCACAO HD","http://up.kiwi/351921603109/34939156/1121","HTTP 502",4776
Alive,"BR – RELIGIOSOS","REDE VIDA FHD","http://up.kiwi/351921603109/34939156/1122","",1830
Dead,"BR – RELIGIOSOS","REDE VIDA FHD [2]","http://tjtor8411.com:80/Osiel123/Felicidade321/72293.ts","No data (insufficient stream data: 235 bytes)",195
Dead,"BR – RELIGIOSOS","REDE VIDA FHD [3]","http://tjtor8411.com:80/010794/FXz1sY/72293.ts","No data (insufficient stream data: 235 bytes)",216
Dead,"BR – RELIGIOSOS","REDE VIDA H265","http://tjtor8411.com:80/Osiel123/Felicidade321/103475.ts","No data (insufficient stream data: 235 bytes)",206
Dead,"BR – RELIGIOSOS","REDE VIDA H265 [2]","http://tjtor8411.com:80/010794/FXz1sY/103475.ts","No data (insufficient stream data: 235 bytes)",213
Alive,"BR – RELIGIOSOS","REDE VIDA HD","http://up.kiwi/351921603109/34939156/296224","",2593
Dead,"BR – RELIGIOSOS","REDE VIDA HD [2]","http://tjtor8411.com:80/Osiel123/Felicidade321/72295.ts","No data (insufficient stream data: 235 bytes)",197
Dead,"BR – RELIGIOSOS","REDE VIDA HD [3]","http://tjtor8411.com:80/010794/FXz1sY/72295.ts","No data (insufficient stream data: 235 bytes)",200
Alive,"BR – RELIGIOSOS","REDE VIDA SD","http://up.kiwi/351921603109/34939156/1124","",1665
Dead,"BR – RELIGIOSOS","REDE VIDA SD [2]","http://up.kiwi/351921603109/34939156/296225","HTTP 404",741
Dead,"BR – RELIGIOSOS","REDE VIDA SD [3]","http://tjtor8411.com:80/Osiel123/Felicidade321/72296.ts","No data (insufficient stream data: 235 bytes)",198
Dead,"BR – RELIGIOSOS","REDE VIDA SD [4]","http://tjtor8411.com:80/010794/FXz1sY/72296.ts","No data (insufficient stream data: 235 bytes)",199
Alive,"BR – RELIGIOSOS","RIT TV","https://acesso.ecast.site:3648/live/ritlive.m3u8","",1351
Alive,"BR – RELIGIOSOS","RIT TV [2]","http://45.177.114.115/RIT_TV/index.m3u8","",1258
Alive,"BR – RELIGIOSOS","RIT TV [3]","http://45.190.28.50/RIT/index.m3u8","",1118
Geoblocked,"BR – RELIGIOSOS","RIT TV [4]","http://138.255.2.6:8084/RIT/index.m3u8","HTTP 403",292
Alive,"BR – RELIGIOSOS","RIT TV [5]","http://170.83.49.66:8083/RITHD/index.m3u8","",1288
Geoblocked,"BR – RELIGIOSOS","RIT TV [6]","http://170.84.165.204/RIT_TV/index.m3u8","HTTP 403",306
Geoblocked,"BR – RELIGIOSOS","RIT TV [7]","https://cdn-5.nxplay.com.br/RIT_TV/index.m3u8","HTTP 403",662
Alive,"BR – RELIGIOSOS","RIT TV HD","http://up.kiwi/351921603109/34939156/1126","",3712
Dead,"BR – RELIGIOSOS","TV ADORAR","https://cdn-tiva-isaocorp-cloudecast-com.smartbit.co/tvadorar/index.m3u8","DNS failure",86
Alive,"BR – RELIGIOSOS","TV ALIANÇA CATARINENSE","https://video01.logicahost.com.br/tvalianca/tvalianca/playlist.m3u8","",1624
Alive,"BR – RELIGIOSOS","TV APARECIDA","https://cdn.jmvstream.com/w/LVW-9716/LVW9716_HbtQtezcaw/playlist.m3u8","",1010
Alive,"BR – RELIGIOSOS","TV APARECIDA [2]","http://45.162.64.114/TV_APARECIDA/index.m3u8","",1178
Alive,"BR – RELIGIOSOS","TV APARECIDA [3]","http://45.177.114.115/TV_APARECIDA_HD/index.m3u8","",1217
Geoblocked,"BR – RELIGIOSOS","TV APARECIDA [4]","http://138.255.2.6:8084/TVAPARECIDA/index.m3u8","HTTP 403",292
Alive,"BR – RELIGIOSOS","TV APARECIDA [5]","http://168.197.104.22/TV_APARECIDA/index.m3u8","",1115
Alive,"BR – RELIGIOSOS","TV APARECIDA [6]","http://170.83.16.50/TV_APARECIDA/index.m3u8","",1138
Alive,"BR – RELIGIOSOS","TV APARECIDA [7]","http://170.83.49.66:8083/TVAPARECIDAHD/index.m3u8","",1294
Dead,"BR – RELIGIOSOS","TV APARECIDA [H265 ]","http://tjtor8411.com:80/Osiel123/Felicidade321/72395.ts","No data (insufficient stream data: 235 bytes)",200
Dead,"BR – RELIGIOSOS","TV APARECIDA [H265 ] [2]","http://tjtor8411.com:80/010794/FXz1sY/72395.ts","No data (insufficient stream data: 235 bytes)",242
Dead,"BR – RELIGIOSOS","TV APARECIDA FHD","http://up.kiwi/351921603109/34939156/296226","HTTP 404",689
Dead,"BR – RELIGIOSOS","TV APARECIDA FHD [2]","http://tjtor8411.com:80/Osiel123/Felicidade321/72394.ts","No data (insufficient stream data: 235 bytes)",259
Dead,"BR – RELIGIOSOS","TV APARECIDA FHD [3]","http://tjtor8411.com:80/010794/FXz1sY/72394.ts","No data (insufficient stream data: 235 bytes)",298
Dead,"BR – RELIGIOSOS","TV APARECIDA H265","http://tjtor8411.com:80/Osiel123/Felicidade321/103464.ts","No data (insufficient stream data: 235 bytes)",271
Dead,"BR – RELIGIOSOS","TV APARECIDA H265 [2]","http://tjtor8411.com:80/010794/FXz1sY/103464.ts","No data (insufficient stream data: 235 bytes)",303
Dead,"BR – RELIGIOSOS","TV APARECIDA HD","http://up.kiwi/351921603109/34939156/1355","HTTP 404",644
Dead,"BR – RELIGIOSOS","TV APARECIDA HD [2]","http://tjtor8411.com:80/Osiel123/Felicidade321/72396.ts","No data (insufficient stream data: 235 bytes)",274
Dead,"BR – RELIGIOSOS","TV APARECIDA HD [3]","http://tjtor8411.com:80/010794/FXz1sY/72396.ts","No data (insufficient stream data: 235 bytes)",309
Geoblocked,"BR – RELIGIOSOS","TV APARECIDA HD [4]","https://cdn.jmvstream.com/w/LVW-9716/LVW9716_HbtQtezcaw/playlist.m3u8?ManoTV","HTTP 403",490
Alive,"BR – RELIGIOSOS","TV APARECIDA SD","http://up.kiwi/351921603109/34939156/296227","",1844
Dead,"BR – RELIGIOSOS","TV APARECIDA SD [2]","http://tjtor8411.com:80/Osiel123/Felicidade321/72397.ts","No data (insufficient stream data: 235 bytes)",254
Dead,"BR – RELIGIOSOS","TV APARECIDA SD [3]","http://tjtor8411.com:80/010794/FXz1sY/72397.ts","No data (insufficient stream data: 235 bytes)",198
Alive,"BR – RELIGIOSOS","TV CANCAO NOVA","http://45.162.64.114/CANCAO_NOVA/index.m3u8","",1175
Alive,"BR – RELIGIOSOS","TV CANCAO NOVA [2]","http://45.190.28.50/CANCAO_NOVA_HD/index.m3u8","",1115
Geoblocked,"BR – RELIGIOSOS","TV CANCAO NOVA [3]","http://138.255.2.6:8084/CANCAONOVA/index.m3u8","HTTP 403",292
Alive,"BR – RELIGIOSOS","TV CANCAO NOVA [4]","http://168.197.104.22/CANCAO_NOVA/index.m3u8","",1109
Alive,"BR – RELIGIOSOS","TV CANCAO NOVA [5]","http://170.83.16.50/CANCAO_NOVA/index.m3u8","",1133
Alive,"BR – RELIGIOSOS","TV CANCAO NOVA [6]","http://186.219.52.187/cancao_nova/index.m3u8","",1111
Alive,"BR – RELIGIOSOS","TV CANCAO NOVA [7]","https://5c65286fc6ace.streamlock.net/cancaonova/CancaoNova.stream_720p/playlist.m3u8","",1662
Geoblocked,"BR – RELIGIOSOS","TV CANCAO NOVA [8]","https://cdn-5.nxplay.com.br/CANCAO_NOVA/index.m3u8","HTTP 403",660
Dead,"BR – RELIGIOSOS","TV CANCAO NOVA SD","http://tjtor8411.com:80/Osiel123/Felicidade321/72404.ts","No data (insufficient stream data: 235 bytes)",230
Dead,"BR – RELIGIOSOS","TV CANCAO NOVA SD [2]","http://tjtor8411.com:80/010794/FXz1sY/72404.ts","No data (insufficient stream data: 235 bytes)",195
Alive,"BR – RELIGIOSOS","TV EVANGELIZAR","http://45.162.64.114/EVANGELIZAR/index.m3u8","",1182
Alive,"BR – RELIGIOSOS","TV EVANGELIZAR [2]","http://45.190.28.50/TV_EVANGELIZAR/index.m3u8","",5626
Alive,"BR – RELIGIOSOS","TV EVANGELIZAR [3]","http://168.197.104.22/EVANGELIZAR/index.m3u8","",1110
Alive,"BR – RELIGIOSOS","TV EVANGELIZAR [4]","http://170.83.16.50/TV_EVANGELIZAR/index.m3u8","",1138
Alive,"BR – RELIGIOSOS","TV EVANGELIZAR [5]","http://170.83.49.66:8083/EVANGELIZARHD/index.m3u8","",1326
Alive,"BR – RELIGIOSOS","TV EVANGELIZAR [6]","http://186.219.52.187/tv_evangelizar/index.m3u8","",1118
Dead,"BR – RELIGIOSOS","TV EVANGELIZAR [7]","https://cdn-tiva-tvevangelizar-brasilstream-com-br.smartbit.co/hls/tvevangelizar/index.m3u8","DNS failure",138
Dead,"BR – RELIGIOSOS","TV EVANGELIZAR [8]","https://5f593df7851db.streamlock.net/evangelizar/tv/playlist.m3u8","Connection refused",353
Alive,"BR – RELIGIOSOS","TV EVANGELIZAR [9]","https://tvevangelizar.brasilstream.com.br/hls/tvevangelizar/index.m3u8","",1294
Alive,"BR – RELIGIOSOS","TV EVANGELIZAR HD","http://up.kiwi/351921603109/34939156/300913","",1865
Dead,"BR – RELIGIOSOS","TV GIDEOES","https://streaming01.zas.media/gideoes/programacao/playlist.m3u8","Connection refused",888
Dead,"BR – RELIGIOSOS","TV GOSPEL","https://5cf4a2c2512a2.streamlock.net/8036/8036/playlist.m3u8","HTTP 404",706
Dead,"BR – RELIGIOSOS","TV IMACULADA","https://caikron.com.br:19360/tvmi/tvmi.m3u8","Failed to read manifest body",950
Dead,"BR – RELIGIOSOS","TV MAANAIM","https://58c8a6b3c74e2.streamlock.net:1936/maranatalive/smil:maranatalive.smil/playlist.m3u8","HTTP 404",2018
Dead,"BR – RELIGIOSOS","TV NOVO TEMPO [H265 ]","http://tjtor8411.com:80/Osiel123/Felicidade321/72409.ts","No data (insufficient stream data: 235 bytes)",211
Dead,"BR – RELIGIOSOS","TV NOVO TEMPO [H265 ] [2]","http://tjtor8411.com:80/010794/FXz1sY/72409.ts","No data (insufficient stream data: 235 bytes)",269
Dead,"BR – RELIGIOSOS","TV NOVO TEMPO FHD","http://tjtor8411.com:80/Osiel123/Felicidade321/72408.ts","No data (insufficient stream data: 235 bytes)",194
Dead,"BR – RELIGIOSOS","TV NOVO TEMPO FHD [2]","http://tjtor8411.com:80/010794/FXz1sY/72408.ts","No data (insufficient stream data: 235 bytes)",196
Dead,"BR – RELIGIOSOS","TV NOVO TEMPO H265","http://tjtor8411.com:80/Osiel123/Felicidade321/103459.ts","No data (insufficient stream data: 235 bytes)",246
Dead,"BR – RELIGIOSOS","TV NOVO TEMPO H265 [2]","http://tjtor8411.com:80/010794/FXz1sY/103459.ts","No data (insufficient stream data: 235 bytes)",200
Dead,"BR – RELIGIOSOS","TV NOVO TEMPO HD","http://tjtor8411.com:80/Osiel123/Felicidade321/72410.ts","No data (insufficient stream data: 235 bytes)",282
Dead,"BR – RELIGIOSOS","TV NOVO TEMPO HD [2]","http://tjtor8411.com:80/010794/FXz1sY/72410.ts","No data (insufficient stream data: 235 bytes)",291
Dead,"BR – RELIGIOSOS","TV NOVO TEMPO HD [3]","https://stream.live.novotempo.com/tv/smil:tvnovotempo.smil/chunklist_b3628000_slpor.m3u8","DNS failure",57
Dead,"BR – RELIGIOSOS","TV NOVO TEMPO SD","http://tjtor8411.com:80/Osiel123/Felicidade321/72411.ts","No data (insufficient stream data: 235 bytes)",204
Dead,"BR – RELIGIOSOS","TV NOVO TEMPO SD [2]","http://tjtor8411.com:80/010794/FXz1sY/72411.ts","No data (insufficient stream data: 235 bytes)",246
Dead,"BR – RELIGIOSOS","TV NOVO TEMPO SD [3]","https://stream.live.novotempo.com/tv/smil:tvnovotempo.smil/chunklist_b1628000_slpor.m3u8","DNS failure",88
Alive,"BR – RELIGIOSOS","TV PADRE CICERO","https://video01.logicahost.com.br/tvpadrecicero/tvpadrecicero/playlist.m3u8","",1809
Dead,"BR – RELIGIOSOS","TV RECANTO DA FÉ","https://stmv1.srvif.com/2022/2022/playlist.m3u8","HTTP 404",505
Dead,"BR – RELIGIOSOS","TV SOL COMUNIDADE","http://streaming03.zas.media:1935/tvsol/tvsol/playlist.m3u8","HTTP 404",695
Alive,"BR – RELIGIOSOS","TV SONATA","https://video04.logicahost.com.br/isonata/isonata/playlist.m3u8","",1752
Alive,"BR – RELIGIOSOS","TV TERCEIRO ANJO","https://streamer1.streamhost.org/salive/GMI3anjoh/playlist.m3u8","",1815
Alive,"BR – RELIGIOSOS","TV VIANNEY","https://58c8a6b3c74e2.streamlock.net:1936/paroquiavianney/smil:paroquiavianney.smil/playlist.m3u8","",1626
Dead,"BR – RELIGIOSOS","ULB TV","https://stmv1.paineltv.net/ulbtv/ulbtv/chunklist_w1050568292.m3u8?ManoTV","DNS failure",136
Dead,"BR – ESTADOS UNIDOS","[US] ABC","http://up.kiwi/351921603109/34939156/1260780","HTTP 404",1171
Dead,"BR – ESTADOS UNIDOS","[US] ALTITUDE SPORTS","http://up.kiwi/351921603109/34939156/1260783","HTTP 404",14096
Dead,"BR – ESTADOS UNIDOS","[US] ANTENNA TV","http://up.kiwi/351921603109/34939156/1260786","HTTP 404",14214
Dead,"BR – ESTADOS UNIDOS","[US] ASPIRE","http://up.kiwi/351921603109/34939156/1260787","HTTP 404",14262
Alive,"BR – ESTADOS UNIDOS","[US] AXS TV","http://up.kiwi/351921603109/34939156/1260788","",2951
Dead,"BR – ESTADOS UNIDOS","[US] BBC AMERICA","http://up.kiwi/351921603109/34939156/1260789","HTTP 404",14284
Dead,"BR – ESTADOS UNIDOS","[US] BBC WORLD NEWS","http://up.kiwi/351921603109/34939156/1260790","HTTP 502",3400
Alive,"BR – ESTADOS UNIDOS","[US] BOUNCE TV","http://up.kiwi/351921603109/34939156/1260795","",2105
Alive,"BR – ESTADOS UNIDOS","[US] BRAVO TV","http://up.kiwi/351921603109/34939156/1260796","",2121
Dead,"BR – ESTADOS UNIDOS","[US] C-SPAN","http://up.kiwi/351921603109/34939156/1260798","HTTP 404",14449
Dead,"BR – ESTADOS UNIDOS","[US] CBS","http://up.kiwi/351921603109/34939156/1260800","HTTP 404",1470
Dead,"BR – ESTADOS UNIDOS","[US] CLEO TV","http://up.kiwi/351921603109/34939156/1260805","HTTP 404",14460
Dead,"BR – ESTADOS UNIDOS","[US] CMT","http://up.kiwi/351921603109/34939156/1260806","HTTP 502",2926
Dead,"BR – ESTADOS UNIDOS","[US] CNBC","http://up.kiwi/351921603109/34939156/1260807","HTTP 404",14540
Dead,"BR – ESTADOS UNIDOS","[US] COMEDY TV","http://up.kiwi/351921603109/34939156/1260810","HTTP 404",8207
Dead,"BR – ESTADOS UNIDOS","[US] COOKING CHANNEL","http://up.kiwi/351921603109/34939156/1260812","HTTP 502",3353
Dead,"BR – ESTADOS UNIDOS","[US] COZI TV","http://up.kiwi/351921603109/34939156/1260814","HTTP 404",1433
Dead,"BR – ESTADOS UNIDOS","[US] CW","http://up.kiwi/351921603109/34939156/1260816","HTTP 404",1456
Dead,"BR – ESTADOS UNIDOS","[US] DISCOVERY FAMILY CHANNEL","http://up.kiwi/351921603109/34939156/1260818","HTTP 404",1375
Dead,"BR – ESTADOS UNIDOS","[US] DISCOVERY LIFE","http://up.kiwi/351921603109/34939156/1260819","HTTP 404",14442
Dead,"BR – ESTADOS UNIDOS","[US] FDSN FLORIDA","http://up.kiwi/351921603109/34939156/1260829","HTTP 404",14503
Dead,"BR – ESTADOS UNIDOS","[US] FDSN MIDWEST","http://up.kiwi/351921603109/34939156/1260830","HTTP 404",8595
Dead,"BR – ESTADOS UNIDOS","[US] FDSN NORTH","http://up.kiwi/351921603109/34939156/1260831","HTTP 404",14478
Dead,"BR – ESTADOS UNIDOS","[US] FDSN OHIO","http://up.kiwi/351921603109/34939156/1260832","HTTP 404",8722
Dead,"BR – ESTADOS UNIDOS","[US] FDSN OKLAHOMA","http://up.kiwi/351921603109/34939156/1260833","HTTP 404",14423
Dead,"BR – ESTADOS UNIDOS","[US] FDSN SOCAL","http://up.kiwi/351921603109/34939156/1260834","HTTP 404",14587
Dead,"BR – ESTADOS UNIDOS","[US] FDSN SOUTH","http://up.kiwi/351921603109/34939156/1260835","HTTP 404",14434
Dead,"BR – ESTADOS UNIDOS","[US] FDSN SOUTHEAST","http://up.kiwi/351921603109/34939156/1260836","HTTP 404",8503
Dead,"BR – ESTADOS UNIDOS","[US] FDSN SOUTHWEST","http://up.kiwi/351921603109/34939156/1260837","HTTP 404",14850
Dead,"BR – ESTADOS UNIDOS","[US] FDSN SUN","http://up.kiwi/351921603109/34939156/1260838","HTTP 404",14469
Dead,"BR – ESTADOS UNIDOS","[US] FDSN WEST","http://up.kiwi/351921603109/34939156/1260839","HTTP 404",15021
Dead,"BR – ESTADOS UNIDOS","[US] FDSN WISCONSIN","http://up.kiwi/351921603109/34939156/1260840","HTTP 404",14399
Dead,"BR – ESTADOS UNIDOS","[US] FREEFORM TV","http://up.kiwi/351921603109/34939156/1260848","HTTP 404",14426
Alive,"BR – ESTADOS UNIDOS","[US] FUSE","http://up.kiwi/351921603109/34939156/1260849","",2233
Dead,"BR – ESTADOS UNIDOS","[US] FYI TV","http://up.kiwi/351921603109/34939156/1260853","HTTP 404",8466
Dead,"BR – ESTADOS UNIDOS","[US] GOLF CHANNEL","http://up.kiwi/351921603109/34939156/1260856","HTTP 404",1350
Alive,"BR – ESTADOS UNIDOS","[US] HALLMARK CHANNEL","http://up.kiwi/351921603109/34939156/1260858","",2065
Dead,"BR – ESTADOS UNIDOS","[US] HALLMARK FAMILY","http://up.kiwi/351921603109/34939156/1260859","HTTP 404",8415
Dead,"BR – ESTADOS UNIDOS","[US] HALLMARK MYSTERY","http://up.kiwi/351921603109/34939156/1260860","HTTP 404",14515
Alive,"BR – ESTADOS UNIDOS","[US] HLN TV","http://up.kiwi/351921603109/34939156/1260866","",2213
Dead,"BR – ESTADOS UNIDOS","[US] INSP","http://up.kiwi/351921603109/34939156/1260867","HTTP 404",14526
Dead,"BR – ESTADOS UNIDOS","[US] MOTORTREND TV","http://up.kiwi/351921603109/34939156/1260874","HTTP 404",14530
Alive,"BR – ESTADOS UNIDOS","[US] MSG","http://up.kiwi/351921603109/34939156/1260875","",2202
Alive,"BR – ESTADOS UNIDOS","[US] MSNBC","http://up.kiwi/351921603109/34939156/1260876","",2140
Dead,"BR – ESTADOS UNIDOS","[US] NBC","http://up.kiwi/351921603109/34939156/1260880","HTTP 404",1094
Dead,"BR – ESTADOS UNIDOS","[US] NBC SPORTS BAY AREA","http://up.kiwi/351921603109/34939156/1260881","HTTP 404",14425
Dead,"BR – ESTADOS UNIDOS","[US] NBC SPORTS BOSTON","http://up.kiwi/351921603109/34939156/1260882","HTTP 404",14255
Alive,"BR – ESTADOS UNIDOS","[US] NBC SPORTS CALIFORNIA","http://up.kiwi/351921603109/34939156/1260883","",1963
Dead,"BR – ESTADOS UNIDOS","[US] NBC SPORTS PHILADELPHIA","http://up.kiwi/351921603109/34939156/1260885","HTTP 404",14215
Dead,"BR – ESTADOS UNIDOS","[US] NESN","http://up.kiwi/351921603109/34939156/1260886","HTTP 404",14394
Dead,"BR – ESTADOS UNIDOS","[US] NEWSNATION","http://up.kiwi/351921603109/34939156/1260887","HTTP 404",14321
Dead,"BR – ESTADOS UNIDOS","[US] NFL REDZONE","http://up.kiwi/351921603109/34939156/1260889","HTTP 404",724
Alive,"BR – ESTADOS UNIDOS","[US] OUTDOOR CHANNEL","http://up.kiwi/351921603109/34939156/1260894","",1953
Dead,"BR – ESTADOS UNIDOS","[US] OVATION","http://up.kiwi/351921603109/34939156/1260895","HTTP 404",14048
Dead,"BR – ESTADOS UNIDOS","[US] OXYGEN","http://up.kiwi/351921603109/34939156/1260896","HTTP 404",14111
Dead,"BR – ESTADOS UNIDOS","[US] PBS KIDS","http://up.kiwi/351921603109/34939156/1260898","HTTP 404",840
Dead,"BR – ESTADOS UNIDOS","[US] POP TV","http://up.kiwi/351921603109/34939156/1260899","HTTP 404",14828
Dead,"BR – ESTADOS UNIDOS","[US] PREMIER SPORTS 1","http://up.kiwi/351921603109/34939156/1260900","HTTP 404",14235
Dead,"BR – ESTADOS UNIDOS","[US] PREMIER SPORTS 2","http://up.kiwi/351921603109/34939156/1260901","HTTP 404",14230
Alive,"BR – ESTADOS UNIDOS","[US] REELZ CHANNEL","http://up.kiwi/351921603109/34939156/1260902","",5124
Dead,"BR – ESTADOS UNIDOS","[US] SKY SPORTS FOOTBALL","http://up.kiwi/351921603109/34939156/1260906","HTTP 404",14385
Dead,"BR – ESTADOS UNIDOS","[US] SKY SPORTS NEWS","http://up.kiwi/351921603109/34939156/1260907","HTTP 404",14227
Dead,"BR – ESTADOS UNIDOS","[US] SPORTSMAN CHANNEL","http://up.kiwi/351921603109/34939156/1260913","HTTP 404",14288
Alive,"BR – ESTADOS UNIDOS","[US] STARZ","http://up.kiwi/351921603109/34939156/1260919","",1966
Dead,"BR – ESTADOS UNIDOS","[US] STARZ ENCORE CLASSIC","http://up.kiwi/351921603109/34939156/1260920","HTTP 404",14367
Dead,"BR – ESTADOS UNIDOS","[US] TENNIS CHANNEL","http://up.kiwi/351921603109/34939156/1260923","Timeout",62731
Dead,"BR – ESTADOS UNIDOS","[US] THE WEATHER CHANNEL","http://up.kiwi/351921603109/34939156/1260924","HTTP 404",906
Dead,"BR – ESTADOS UNIDOS","[US] TSN1","http://up.kiwi/351921603109/34939156/1260928","HTTP 404",1061
Dead,"BR – ESTADOS UNIDOS","[US] TSN2","http://up.kiwi/351921603109/34939156/1260929","HTTP 404",1034
Alive,"BR – ESTADOS UNIDOS","[US] TURNER CLASSIC MOVIES","http://up.kiwi/351921603109/34939156/1260930","",1814
Dead,"BR – ESTADOS UNIDOS","[US] TV LAND","http://up.kiwi/351921603109/34939156/1260931","HTTP 404",14359
Dead,"BR – ESTADOS UNIDOS","[US] TV ONE","http://up.kiwi/351921603109/34939156/1260932","HTTP 404",14395
Dead,"BR – ESTADOS UNIDOS","[US] USA EAST","http://up.kiwi/351921603109/34939156/1260933","HTTP 404",14097
Dead,"BR – ESTADOS UNIDOS","[US] WE TV","http://up.kiwi/351921603109/34939156/1260936","HTTP 404",746
Alive,"BR – ESTADOS UNIDOS","BBC WORLD NEWS HD","http://up.kiwi/351921603109/34939156/296337","",2433
Alive,"BR – ESTADOS UNIDOS","BBC WORLD NEWS HD [2]","http://up.kiwi/351921603109/34939156/296338","",3662
Alive,"BR – ESTADOS UNIDOS","TV CNB ORLANDO","https://5cf4a2c2512a2.streamlock.net/tvcnb/tvcnb/chunklist_w130040152.m3u8","",539
